docname,text
Con_1992,"Conservative Party 1992 
The Best Future for Britain

FOREWORD
At the end of this Parliament a new Millennium will be in view We must raise our sights high. This Manifesto is about making our country respected and secure, and helping you achieve a better; safer and more prosperous future. For I believe - strongly - that you, and not the Government, should be in charge of your life. That's what Conservatism stands for. That principle underlies all the policies in this Manifesto. 
I believe in a responsible society Government's duties are clear: to protect Britain in a dangerous world; to look after those who cannot look after themselves; to protect law-abiding people from crime and disorder; and to protect the value of our currency - without which all spending pledges are worthless and all savings at risk. 
But I believe also in a society in which government doesn't try to take responsibility away from people. Politicians must never make the mistake of thinking the state always knows best, or that it is entitled to the lion's share of people's money I believe in low taxes not just because they ignite enterprise - the spark of economic growth - but because they put power and choice where it belongs: in your hands. 
So when you compare what the politicians are saying in this election, ask yourself these questions. Whom do you trust to take responsibility for Britain's defence; to keep us safe and strengthen our influence for good? And who, at the same time, wants to give you the opportunity to do your best for yourself and your family? 
Who will give you the power to choose - to say for yourself what you want? And who will give you the personal prosperity that comes from low taxes - from your own savings, your own pension, your own home? Who will let you build up your own stake in Britain's success - and pass it on to your children? 
Only Conservatives can truly claim to be the party of opportunity; choice; ownership and responsibility. Socialists like to keep people under the government's thumb. Conservatives want to give them independence. But we also want to put government at your service, giving you what you've paid for - good public services, responsible to you. 
I do not believe the answer to every problem is simply for government to dig deeper in your pocket. I believe it often lies in changing the way government works; in making it respond to you. Government should look outwards. It should listen. It should put you in the know not keep you in the dark. 
We have made quite a start, under the seal of the Citizen's Charter People in schools, hospitals, public offices of all kinds are rising to the challenge. I knew they would. They just needed encouragement, incentive and a system that is outward-looking too. 
It is all part of a revolution in quality in Britain. British goods are once more winning in the toughest markets abroad. There is new vigour in the businesses liberated from state ownership; better management and better industrial relations. These are the firm foundations of economic recovery 
We are raising the quality of our education and training. We are raising the standard of our housing, as more people own and improve their own homes. We are concerned for the quality of our environment. And in government, we are leading a drive for quality throughout our public services. 
That, I believe, is the way we all want to live - a decent life in a civilised community. That is the way we can live: celebrating our achievements, not nurturing old grudges; enjoying our successes, not talking Britain down. We can be free of old prejudices and class bafflers. We can encourage diversity, not division; achievement, not antagonism. We can all make our own contribution to the success of the United Kingdom; and we must keep that kingdom united. 
You know I believe in choice. And in this election, as always, there is another choice. You can vote for our opponents, and watch them take Britain back to the 1970s. Back to socialism. Back to strikes. Back to strife. Back to the world's pity, or worse still, contempt. I don't believe Britain wants that. I know the world doesn't want that for Britain. 
I hope you will choose a different path - to go forward, not back; to go for the best, knowing that Britain can be the best and do it best. My belief is clean Only the best is good enough for Britain. 
John Major 

CONTENTS
TAKING RESPONSIBILITY FOR BRITAIN
The need for leadership
Our influence for good
The risks we face now
Our armed forces
The European Community 
WEALTH AND OWNERSHIP
Britain's opportunity
Inflation and Europe
The route to lower taxes
The right to own
Setting the economy free
Privatisation
Energy, science and innovation
Regional policies and small businesses
Consumer affairs 
CHOICE AND THE CHARTER
The Citizen's Charter
The Post Office
Whitehall & Westminster 
OPPORTUNITY FOR ALL
Schools, pupils & parents
Teaching
After 16
Higher education
The training revolution
Workers and unions
Women and opportunity 
FREEDOM UNDER LAW
Police and the community
Protectors and victims
Penalties and prevention
Reforming our prisons
Our legal system
Pornography, privacy, libel
Community relations
Immigration and refugees
The danger of drugs
The threat of terrorism 
RESPONSIBILITY FOR OTHERS
The NHS - present and future
Care services
Children
Social security
Disabled people
The voluntary sector
Animal welfare 
A BRIGHTER BRITAIN
Homes and housing
Transport
Local government
Cities
London
The countryside
Farming, forestry and fishing
The environment 
TOWARDS THE MILLENNIUM
Millennium Fund
Arts
Sport
Our heritage
Broadcasting 
A UNITED KINGDOM
The Union
Scotland
Wales
Northern Ireland

YOUR CHOICE AT THIS ELECTION 

TAKING RESPONSIBILITY FOR BRITAIN
The world has been transformed in recent years. Communism has collapsed in Eastern Europe, and the Soviet Union has fallen apart. Everywhere Socialism is in retreat and democracy, human rights and market economics are advancing. The authority of the UN has been bolstered and Iraqi aggression seen off. Talks are under way in the Middle East and South Africa. It is a time of great opportunity, but also of new dangers. 
Britain needs firm leadership at this time. We must be represented by a team of quality and experience. A team which can help shape the world for the next century A Conservative team. 
Under the Conservatives, Britain has regained her rightful influence in the world. We have stood up for the values our country has always represented. We have defended Britain's interests with vigour and with success. 
The respect with which Britain is regarded in the world has rarely been higher. We play a central part in world affairs as a member of the European Community, NATO, the Commonwealth and the Group of 7 leading industrial countries, and as a Permanent Member of the UN Security Council. No other country holds all these positions. 
We are taking a leading role in recasting all the main international institutions to which we belong: the United Nations, the European Community, NATO, and the Commonwealth. The Prime Minister convened the first ever meeting of the UN Security Council at Heads of Government level. Between now and the end of 1992 there will be seven Summits where issues of critical importance to our future will be determined: two EC Councils, at Lisbon and Edinburgh, the G7 Summit, the CSCE Summit, EC Summits with the US and Japan, and the Earth Summit at Rio de Janeiro. Britain will be at the centre of these negotiations. 
THE NEED FOR LEADERSHIP 
The end of the Cold War has enabled the UN to act with new unity and authority Under the authority of the UN, British forces played a leading and courageous part in the Gulf War and the liberation of Kuwait. At the Prime Minister's instigation, the UN also backed the operation to protect the Kurds. 
Britain has led the world in helping the reforms in the former Soviet Union. The Prime Minister gave full and immediate support to President Yeltsin in the August coup attempt, and was the first Western leader to visit Moscow after the coup failed. Britain has led the way in building up relations with the republics of the new Commonwealth of Independent States. We have provided valuable economic and humanitarian aid to ease the transition to a market economy 
* We will support an enhanced role for the UN in peace-keeping and combating state-sponsored terrorism. 
* We are determined that Iraq should comply with the terms of the Guff War cease-fire agreement, and in particular that it should co-operate with the UN in dismantling its weapons of mass destruction. 
* We support early Russian membership of the IMF and World Bank, as well as a stabilisation fund for the rouble. 
* We are co-operating with our partners to provide urgent help to the former Soviet Union and Eastern Europe to upgrade the safety of their nuclear power stations. 
* We strongly support the peace process in the Middle East. The outcome of the talks must safeguard the security of Israel and achieve self-determination for the people of the occupied territories. 
* We will safeguard the prosperity of Hong Kong, nurture democratic institutions and work with the Chinese Government within the terms of the Joint Declaration. 
* We seek a solution to the dispute which has divided Cyprus since 1974. A settlement must recognise that Cyprus is indivisible and that the rights of both communities must be assured. We will support the UN's efforts to secure a fair and lasting solution. 
* The problems of Kashmir cannot be resolved by violence. We urge both India and Pakistan to address and resolve the issue, and we stand ready to help. 
OUR INFLUENCE FOR GOOD 
All over the world countries are turning to democracy and free markets. Last October in Harare, the Commonwealth took on a new role as a promoter of democracy the rule of law, and respect for individual freedoms. Already the Commonwealth is monitoring elections to ensure that they are free and fair. Britain is taking the lead in encouraging these trends. 
We give substantial aid to the relief of poverty and to help the struggling economies of the developing world. Our aid programme next year (excluding aid to Eastern Europe and the CIS) will reach £1,800 million. Britain also makes more direct private investment in the developing world than any other EC country - some £2,400 million in 1989. We are urging the international community to take decisive action on debt relief, the liberalisation of world trade and support for good government. 
We continue to accept the long term UN target for aid of 0.7 per cent of GNP, although we cannot set a timetable for its achievement. The quality of Britain's overseas aid programme is second to none. It is well targeted and highly effective. Eighty per cent of our bilateral aid goes to the poorest countries. New aid to the poorest is given as grants, not loans. 
We are supporting projects designed to build efficient institutions and accountable government. We are helping to improve public administration and the legal system in a number of countries. 
The English language is one of our nation's greatest assets - culturally politically and commercially The BBC World Service has unrivalled standing around the globe. The British Council acts as a cultural ambassador for Britain and for the English language. 
* We will use overseas aid to promote good government, sensible economic policies, the rooting out of corruption, and - crucially - respect for human rights and the rule of law. 
* We will press creditor countries to accept the Prime Minister's proposal - the 'Trinidad Terms' - for a two-thirds reduction in the official debt of the poorest countries. 
* We will promote the development of multi- party systems through the new Westminster Foundation for Democracy. 
* We will promote the English language by strengthening both the British Council and the BBC World Service. We will encourage both to become more entrepreneurial in order to finance their activities in developing markets. 
THE RISKS WE FACE NOW 
The collapse of the old Soviet Union has dramatically vindicated Conservative defence policy. We have always put the security of our country first. We have kept the peace by staying strong. 
Today the threat of a massive surprise attack from Eastern Europe has gone. But we still face grave risks to our security. We cannot drop our guard. Under the Conservatives, Britain will never do so. 
Within the former Soviet Union there remains a huge military force. Democracy and the rule of law are yet to be firmly established. Control over these armed forces and the massive nuclear capability is uncertain. The events in Yugoslavia show what can happen when Communism collapses in disorder. 
Increasingly threats come from outside Europe - as we saw so clearly in the Gulf. Many more countries are acquiring large stocks of modern arms. Some are trying to obtain nuclear, biological and chemical weapons. Britain must be able to respond to any unexpected danger. 
The Conservatives are the only party who recognise both the opportunities and the threats of the new world. 
For over forty years, our security has been based firmly on NATO, the most successful defensive alliance ever. We will work with our allies to ensure that NATO remains the cornerstone of our defence. Britain will command a new NATO Rapid Reaction Corps ready to deploy quickly to counter any sudden threat. As Europeans we must accept a greater role in safeguarding the peace in our continent. 
We will promote arms control and reduction initiatives. On Britain's initiative, the UN is establishing a register of arms transfers in order to monitor any dangerous arsenals of weapons. 
Britain has always been strongly opposed to nuclear proliferation. We will back an enhanced role for the International Atomic Energy Agency in inspecting nuclear sites and for the UN Security Council in acting against those nations which break their non proliferation obligations. 
* We will work to strengthen the Western European Union as the European pillar of NATO. We will press for a European reaction force. 
* We will intensify the co-ordination of security policies within the Twelve. 
* We will work through the CSCE to safeguard the security of Europe. 
* We will support a comprehensive and verifiable ban on chemical weapons, and further controls on the export of items which could be used in making biological weapons. 
* We will help Russia in her efforts to dismantle nuclear weapons. 
OUR ARMED FORCES 
Only the Conservatives can be trusted to maintain the quality and capability of our Armed Forces. We are proud of the skill, courage and professionalism which they displayed in the Gulf and which they show daily in Northern Ireland. 
We are the only party unambiguously committed to the preservation and modernisation of our independent nuclear deterrent. 
Our defence would be unsafe in the hands of the opposition parties. Labour have opposed our defence policies at every turn. They have twisted and turned in their attitude to our nuclear deterrent. They would devastate our conventional forces by cuts of at least 27 per cent, which would lead to huge job losses in the defence industries. 
The Liberal Democrats would cause even more damage to Britain's defences. Their aim is to cut our defence spending by half by the end of the decade. 
We insist that our forces have the modern, effective equipment that they need. The Gulf War showed that the Services must have the latest technology to give them maximum flexibility and mobility. That is why we have ordered the new Challenger II tank for the Army, the Merlin helicopter for the Navy, the ASRAAM air defence missile for the RAF and a wide range of other new equipment for our Forces. 
Our reappraisal of Britain's defence needs will result an a major restructuring of our Armed Forces to take account of the changing world situation. In future our Forces will be smaller, but better equipped. Our Services deserve the excellent pay and conditions which we have secured for them and will maintain. 
* We will complete the deployment of the next generation of Britain's minimum nuclear deterrent. We will order and complete the fourth Trident submarine. 
* We will ensure the Forces have the best and most modern equipment. 
* We will improve the quality and management of service housing and help those in the Forces save towards buying a home of their own. 
* The Reserves will play an even more important role and we will introduce legislation to allow their more flexible use. 
THE EUROPEAN COMMUNITY 
The Conservatives have been the party of Britain in Europe for 30 years. We have argued when argument was necessary; but we have not wavered nor changed our views. We have ensured that Britain is at the heart of Europe; a strong and respected partner. 
We have played a decisive part in the development of the Community over the past decade. It was a British initiative which launched the Single Market programme and our insistence which reformed the Community's finances. Britain has promoted co-operation on foreign policy and in combating terrorism. Britain has also persuaded our partners to welcome new countries who apply for Community membership. 
The Maastricht Treaty was a success both for Britain and for the rest of Europe. British proposals helped to shape the key provisions of the Treaty including those strengthening the enforcement of Community law defence, subsidiarity and law and order. But Britain refused to accept the damaging Social Chapter proposed by other Europeans, and it was excluded from the Maastricht treaty 
All Member States must live up to their obligations under Community law. At Maastricht, we secured agreement that the European Court will be able to fine any Member State which fails to do so. 
* We will work closely with our partners in foreign policy and in the war on international crime. 
* We will continue to resist changes to the Treaty of Rome that would damage British business. 
* We will resist Commission initiatives which run counter to the principle that issues should be dealt with on a national basis wherever possible. 
* Britain is a great trading nation. We prosper through the maintenance of an open trading system. We will work for a successful outcome to the GATT negotiations. 
* We will redouble our efforts to reform the Common Agricultural Policy and will stoutly defend the interests of British farmers and consumers. 
* We will insist on more effective control over Community spending and will resist pressure to extend Community competence to new areas. 
* We will work to strengthen the external frontiers of the Community whilst maintaining the checks needed at our own borders against illegal immigration, drugs, terrorism and disease. 
THE BRITISH PRESIDENCY 
In the second half of 1992 Britain will take the Chair of the Council of Ministers. The British Presidency comes at a turning point in the Community's history. It gives us the opportunity to shape the direction of the Community and to establish its priorities. We shall use it to promote our vision of an outward looking Community based on free enterprise. 
Our Presidency will reach its climax at the Edinburgh meeting of the European Council, which we will hold in the historic palace of Holyrood House. While the attention of Europe is focused on Edinburgh, the strength of our Union will be visible to all. 
Our priorities will be: 
* To start negotiations with those EFTA countries who want to join the Community so that they can join by 1995. 
* To build on the EC's Association Agreements with Czechoslovakia, Hungary and Poland so that we can welcome them to full membership by the year 2000. 
* To conclude EC trade and co-operation agreements with the main republics of the former Soviet Union. 
* To complete the single market and extend it to the seven countries of EFTA- Over half our trade is with the rest of the Community. The single market will create an open market of 350 million customers for British goods and services. To complete the single market we shall aim to: 
o open up the market for life insurance to free competition; 
o liberalise air travel to bring down air fares in Europe closer to those in America; 
o free up the shipping and road transport markets so that British operators can carry freely within the EC; 
o increase competition in the European energy sector. 
* We will provide guidance and help to any British company encountering a trade barrier illegal under European law. 
* We will press for progress on the environment, including the Fifth Environment Action Programme. 
* We will chair the negotiations on the future spending priorities of the Community to ensure value for money. We will safeguard the abatement negotiated by Mrs Thatcher which has so far brought some £12,000 million in budget rebates to Britain. 
WEALTH AND OWNERSHIP
The 1990s present a great economic opportunity for Britain. We have got the scourge of inflation under control. We have cut direct tax rates. And a stable currency gives industry a chance to realise the potential released by the reforms of the 1980s. 
We have extended ownership more widely - of homes, savings and shares - with millions more sharing directly in Britain's success. We will promote enterprise through low taxes, sound money and a stable currency. 
When the Exchange Rate Mechanism was being created, during the final days of the last Labour Government, the then Prime Minister decided Britain could not take part. 
It was easy to see why The economy was too weak. Inflation was too high. In 1974-79, the inflation rate averaged over 15 per cent. It peaked at 27 per cent. Public borrowing rose to nearly 10 per cent of national income - equivalent to £55,000 million today Penal taxes blunted enterprise. Britain was a byword for strikes. 
The Conservatives have changed all that. Since 1979, our inflation rate has averaged 7½ per cent. Now it is only just over 4 per cent - below the average for the European Community In the 1960s and 1970s, Britain had the slowest growth rate in the European Community. But in the 1980s, we grew faster than either France or Germany Industrial disputes became rare events. And in 1990, a Conservative Government joined the ERM. 
Penal taxes have been abolished. A man on average earnings, with a wife and two children, has an income today which after tax and inflation is 39 per cent higher than it was in Labour's last year. That great advance in the standard of living is at risk in this election. 
Since the war, living standards have always risen faster under Conservative Governments than under Labour. Now we are pledged to cut tax rates again - and have made a start on the road to 20p Income Tax. 
Corporate tax rates have been cut, too. Our business investment has increased more rapidly than in any other major economy except Japan. Britain attracts by far the biggest share of Japanese and American investment in Europe. That, too, is at risk in this election. 
BRITAIN'S OPPORTUNITY 
We are now members of: 
* The biggest free market in the world. British industry is again respected in Europe. 
* A zone of low inflation, in which we can compete with the best. 
Britain must not throw this opportunity away by electing a Labour government. The world recession has been tough for all of us, at home and abroad. Unemployment has risen. But in Britain we have laid the foundations for recovery What is needed to trigger confidence and growth is a Conservative victory with a decisive majority. What would postpone recovery, and turn this promise of growth into the certainty of hard times, is the election of our opponents whose policies would mean higher taxes, higher inflation, higher interest rates, more bureaucratic regulation and more strikes. 
In the 1990s, the Government's task will be to provide an economic environment which encourages enterprise - the mainspring of prosperity. Our aims must be: 
* To achieve price stability. 
* To keep firm control over public spending. 
* To continue to reduce taxes as fast as we prudently can. 
* To make sure that market mechanisms and incentives are allowed to do their job. 
Price stability does not mean a frozen economy in which no price ever moves. But we must drive inflation down so low that it no longer affects the decisions made by ordinary people, businesses and government. 
When inflation rises, so do bankruptcies. When inflation falls, industry can plan again for a profitable future. Inflation creates strife, as different groups in society struggle to restore their living standards. It destroys jobs. It erodes savings and social benefits and threatens our currency. 
INFLATION AND EUROPE 
Membership of the ERM is now central to our counter-inflation discipline. But the ERM is not a magic wand. It would not protect Labour; it would merely expose the folly of Labour policies. Some Labour politicians know that all too well - others simply don't. They - and some of the unions - would put irresistible spending pressure on a Labour government. 
Some members of the European Community are anxious to hurry on from the ERM to Economic and Monetary Union. Others have doubts. Quite apart from the constitutional issues, they do not want to take risks with what is being achieved in the ERM. 
The Treaty negotiated at Maastricht laid down the process under which the Community can, if its members meet certain economic conditions, create a monetary union with a single currency for some or all of them. Together with Germany we fought for tough criteria. We believe a monetary union would collapse, with damaging consequences, if it were imposed on economies that were too diverse. 
A union will only come about by 1997 if a substantial majority of Community members agree it should. It would only include those members who were judged to have met specified conditions. And it would only come about if a majority of members were judged to have done so. 
But the Treaty goes on to say that monetary union will come about automatically in 1999, for all who meet the conditions. We did not want to exclude ourselves from membership; but we could not accept such an automatic commitment. By the end of this decade the EC's membership will have changed; the economic performance of man of its members may have changed. We cannot tell who the members of such a union might be. 
We therefore secured the freedom to make a proper judgement on events. We are as free to join if we wish as an other member. We would have to meet the same conditions - no more, no less. We will play our full part in the discussions of the monetary institutions Europe may create in the 1990s. But we are not obliged to join in a single currency if we do not want to. 
* In due course, we will move to the narrow bands of the ERM. 
* We will play our full part in the design and discussion of monetary institutions for Europe. 
* When or if other members of the EC move to a monetary union with a single currency, we will take our own unfettered decision on whether to join. That decision will be taken by the United Kingdom Parliament. 
THE ROUTE TO LOWER TAXES 
Economic growth is created by people's hard work, ingenuity thrift and willingness to take risks. An enterprise economy rewards the industrious and thrifty We believe that government should not gobble up all the proceeds of growth, and that those who create prosperity should enjoy it, through lower taxes and more opportunity to build up personal wealth. 
Our policy is therefore to reduce the share of national income taken by the public sector. In the mid-1970s, public spending peaked at over 49 per cent of our gross national product. In the early 1980s, it peaked at over 47 per cent. In this recession, it is peaking at only 43 per cent. We aim to reduce this steadily as the recovery gets under way 
Keeping control of public spending will enable us to cut taxes while bringing the Government's Budget back towards balance in the years ahead. Excessive government borrowing can lead to inflation. Government should always be on guard against that danger. However, when demand in the economy is weak, public borrowing will tend to rise. 
Because companies pay taxes according to how well they did the previous year, the deficit tends to be deepest just as we come out of recession. We must make sure that as the economy grows, borrowing slows. 
By bringing tax and spending decisions together in a unified Budget from next year, we will make the choices clearer. But lower taxes and a prudent approach to borrowing do not mean public spending must fall; quite the reverse. A lightly-taxed economy generates more economic growth, and more revenue. High taxes kill the goose that lays the golden eggs. In the course of its last five years in office, Labour was forced to cut public spending, in real terms. By contrast, the Conservatives have been able to raise public spending by nearly a quarter in real terms. 
Higher tax rates do not always bring in more money In practice, they can bring in less. The Conservative Government has more than halved the top rate of tax. Yet top rate taxpayers today provide a bigger share of our tax revenues than they did before. Lower taxes have encouraged more people to work harder - not to spend their time working out how to avoid penal taxes. 
During the past 13 years we have cut, simplified or abolished a whole range of direct taxes. 
* We have cut the basic rate of Income Tax from 33p to 25p, and the top rate from 83p to 40p. 
* We have now announced a new starting Income Tax rate of 20p. 
* We have raised the basic single person's tax allowance by 27 per cent more than would be needed to keep pace with inflation. 
* We have simplified and reduced the burden of taxation on capital. 
* We have cut Corporation Tax from 52 per cent to 33 per cent (and from 42 per cent to 25 per cent for small companies). 
* We have reduced the burden of National Insurance on low earners. 
* We have introduced independent taxation of husbands and wives, giving married women full eligibility for tax allowances. 
* We have introduced new tax incentives for savings. 
* We have abolished several taxes completely including the surcharge on income from savings, the National Insurance Surcharge, Development Land Tax, and Capital Transfer Tax. 
We are the only party that understands the need for low taxation. Labour and the Liberals openly advocate increased taxation. Yet lower taxes clearly create a more productive economy They also achieve another prime objective of Conservative Governments, which is to transfer power from the state to the people. 
Labour would: 
* Reverse our cut in the starting rate of Income Tax to 20p. 
* Raise the top rate. 
* Abolish the National Insurance ceiling. 
* Introduce a new savings surcharge. 
* We announced in the Budget an important first step towards a basic Income Tax rate of 20p. By applying a 20p rate to the first £2,000 of taxable income, we have cut taxes for all 25 million taxpayers, and taken the four million on lowest incomes out of 25p tax altogether. 
* We will make further progress towards a basic Income Tax rate of 20p. 
* We will reduce the share of national income taken by the public sector. We will see the budget return towards balance as the economy recovers. 
THE RIGHT TO OWN 
Since 1979, wealth has been spread more widely through the community Home ownership, share ownership and the build-up of personal pensions have all contributed. Over two-thirds of people live in homes that they own, 10 million people own shares, 6 million of them in newly-privatised industries. About 2.5 million have benefited from tax incentives to encourage employee share schemes. And over 4½ million people are now building up their own personal pensions. 
But these freedoms are at risk. 
Labour would: 
* Halt the privatisation programme and threaten the value of shares in privatised industries with renationalisation and new Government controls. 
* Bring back credit rationing, leading to mortgage queues. 
* Turn the pensions market on its head, making pension provision costly and difficult. 
These changes would drive savings overseas and make wealth again the prerogative of the few. 
By contrast, we want to do more to encourage the wider distribution of wealth throughout society Sustaining not just a home-owning but a capital owning democracy is crucial to our vision for the 1990s. We intend to spread the ownership of shares, homes, pensions and savings. We will do so through future privatisations, help for would-be home owners in council tenancies and further encouragement for the spread of personal pensions. We intend to lighten the burden of capital taxes and reform the taxation of savings. 
We believe Inheritance Tax is particularly inequitable. It falls only on those who do not dispose of their assets seven years or more before their death. It is inevitably the case that these tend to be people who are not rich enough to engage in high-powered tax planning, or who, for lack of knowledge or advice, fail to take the necessary precautionary action. In the Budget, we announced that we would take most family businesses out of Inheritance Tax altogether. During the new Parliament, we will aim to lessen the burden on families to whom home ownership has brought the threat of this erratic tax. 
* As detailed later in this Manifesto, we will aim to bring home ownership, share ownership and personal pensions within the reach of more families. 
* We will continue to reform the taxation of savings, building on the success of PEPs and TESSAs. 
* We will raise the tax threshold for Inheritance Tax so that the homes and savings of an increasing number of our citizens can pass unencumbered from one generation to another. 
* Whenever possible, we will ensure that future privatisations offer opportunities to employees to secure a stake in the ownership of their business. 
* We will encourage companies to make dealing in their own shares easier, especially for small shareholders, and encourage wider share ownership, through, for example, the establishment of 'Share Shops'. 
* We will abolish Stamp Duty on share transactions. 
SETTING THE ECONOMY FREE 
Starting with the abolition of exchange controls in 1979, the Government has created new incentives for every part of our economy. 
Manufacturing industry suffered particularly badly from the harm inflicted on the British economy by Labour Governments in the 1960s and 1970s. To a far greater extent than service industries, it was the victim of militant trades unionism, restrictive practices, nationalisation, state intervention, tax distortion, planning controls and over-regulation. 
We believe strongly that a vigorous manufacturing sector is essential to a healthy British economy Over the past 13 years, we have steadily dismantled barriers to its growth. 
The competitiveness and performance of British manufacturing have been transformed. Its impressive recovery was recognised by the Confederation of British Industry, in its report aptly titled Competing with the World's Best'. Manufacturing productivity has risen by more than half since 1979 - faster than in any other major industrial country. Over the past 10 years, British manufactured exports have grown faster than those of France, Germany the United States or even Japan. 
The British motor industry has achieved an astonishing revival. By 1996, Britain should again be exporting more cars than we import - for the first time since 1974. We have given the industry yet more encouragement in the Budget, by halving the special tax paid on new cars. 
The British Standard for Quality management has effectively become the international standard. But that is only the beginning. We have set up a team of senior business people to pursue the idea of a new British Quality Award. 
The City is Europe's greatest financial centre. It contributes £11,000 million net to our balance of payments. Financial services employ 12 per cent of our workforce. London's capital markets and financial services have grown vigorously because they are innovative and highly competitive. We will continue our efforts to break down the barriers that prevent them from competing freely throughout Europe and in the wider world. 
The European Bank for Reconstruction and Development is now based in London. It puts us in the forefront of encouraging investment in the developing markets of Central and Eastern Europe. 
Service industries make a vital contribution to our economy and to our balance of payments. Tourism, for example, today employs 1.5 million people, 20% more than in 1980. It is an industry which boasts many famous companies - but it is also driven by the dynamism of many small firms. We will continue to help them by simplifying rules and regulations on business and through the DTI Enterprise Initiative and a range of other schemes. 
* We will continue to reduce tax burdens on business, as we have done this year for the motor industry, whenever it is possible to do so. 
* We will abolish unnecessary licences and reduce the need for specific approvals for product design. 
* We will back British companies encountering any discrimination, trade barriers or state subsidies that should no longer exist within the Single Market. 
* We will back the regulators of the financial services industry in their efforts to achieve high standards while keeping the rule books down to manageable size. 
PRIVATISATION 
Competition and private ownership are the most powerful engines of economic efficiency, innovation and choice. They lead to the creation of world-class companies. 
We have returned to private enterprise two-thirds of the companies once owned by the state: 46 businesses employing about 900,000 people. This programme has been the model for governments across the whole world. 
The work of liberalising markets which were once monopolised goes on. In 1984 we privatised British Telecom but only Mercury was given a licence to carry services over fixed links. In 1991 we decided to end this duopoly The UK now has one of the most open and dynamic telecommunications markets in the world. 
But much greater economic efficiency is not the only gain. Employees have been able to take a direct stake in the newly privatised companies. Millions of people have been given the same chance to own a real share in the nation's assets. Companies which looked inwards to Whitehall are now listening to their customers and shareholders. 
Some activities of government must always be provided in the public sector. But in central government, Next Steps Agencies and local government, management is increasingly buying-in services from the private sector. Our proposals for developing this policy have been set out in the White Papers on 'Competing for Quality' in central and local government. 
* We will continue our privatisation programme. British Coal will be returned to the private sector. So will local authority bus companies. We will encourage local authorities to sell their airports. We will end British Rail's monopoly. We will sell certain rail services and franchise others. These proposals are set out later in this Manifesto. 
* The Ports Act 1991 has paved the way for the privatisation of the Trust Ports by competitive tender. Tees and Hartlepool, Tilbury, Medway, Forth and Clyde have already been privatised. 
* We are privatising Northern Ireland Electricity and will privatise the Northern Ireland water and sewage services. We will look for ways of bringing private sector skills into the management of Northern Ireland Railways. 
* We will bring private sector enterprise into the public services by encouraging contracting out and competitive tendering throughout government. 
* We will require all government departments to report annually on their plans for market-testing, and progress in achieving it, in their own services and in those of their associated agencies. 
* We will maintain our programme of compulsory competitive tendering of local authority services. We will ensure that unfair terms are excluded and will discourage investment to protect in- house services when better, more cost effective services are available through the private sector. 
* We will ensure that competitive tendering is extended to white collar local authority services, such as those offered by lawyers, accountants, architects and surveyors. 
* We will tackle all anti-competitive and restrictive practices with vigour. We will introduce new legislation giving stronger powers to deal with cartels. 
DEREGULATION 
We are concerned that at every level of government - in Europe, in Whitehall and in local authorities - some regulations may have been adopted in answer to legitimate concerns, but without proper regard to their overall impact on businesses and individuals. A proper balance needs to be struck between essential protection for the public, and over-zealous and intrusive controls aimed at the elimination of all conceivable risk. It is wrong that new regulations, designed to deal with isolated problems, should interfere with the private arrangements of citizens or with reasonable commercial practices that have earned broad public acceptance. 
* The compliance costs of new UK and EC regulations must be assessed properly. Existing regulations which are outmoded and burdensome must be simplified or removed. We will give priority to the work of the DTI Deregulation Unit in these areas. 
* We will examine ways in which the uniform scope of regulation could be eased to safeguard traditional local products or practices. 
* We will examine whether certain regulations affecting individual citizens within their own homes could be made advisory, rather than mandatory. 
ENERGY 
Our energy policies have brought the consumer both lower prices and better service. We have privatised British Gas and the electricity industry in a way that has opened these markets to competition. These policies are now being seized upon in Europe as essential extensions of the Single Market. 
Domestic customers are now protected by a price formula, and high standards of service are enforced by the independent regulators. For instance, electricity disconnections for debt have fallen by 43 per cent since the launch of privatisation. 
We have ensured that the safety of employees comes first, and have given thousands the opportunity of acquiring a stake in their industry. 
The future of the coal industry depends crucially on the competitiveness of coal as a fuel for electricity generation. British Coal has made enormous progress in increasing productivity since the end of the 1985 strike - but there is still further to go. We will support the efforts of British Coal and its workforce to improve the industry's performance. The long term future of the industry lies in the private sector. 
We have invested in clean coal technology to safeguard the environment. Renewable energy projects have received unprecedented support. North Sea oil and gas are enjoying a record expansion thanks to our policies of deregulation and low taxation. 
* Safety will remain our highest priority throughout the energy sector. 
* We will continue to encourage competition in energy markets. We will progressively reduce British Gas' monopoly of the retail gas market, to give small users the same rights as big firms. 
* We will privatise British Coal in a way that enables employees to enjoy a stake in the industry. 
* We will increase our support for British Coal Enterprise which promotes economic regeneration in areas affected by the closure of mines, and has successfully assisted 76,000 people in finding new jobs. 
* We will review the future of the nuclear industry in 1994. We are committed to safe and economical nuclear power. The existing strict arrangements for nuclear waste will be maintained. 
* We will maintain a guaranteed market for renewable energy projects and fluid research in this area. 
* We will consult on new building regulations to improve energy use. Together with British Gas and some of the Regional Electricity Companies, we will establish an independent Energy Savings Trust to promote energy efficiency. Our grants scheme for low income households will receive record funding next year. 
SCIENCE AND INNOVATION 
British science has an unrivalled reputation for ground-breaking research. We believe in investing in scientific research because it enriches the quality of our lives and provides the feedstock of industrial innovation. The science budget has grown by 24 per cent in real terms since 1978-9. Increasingly funding will reflect the quality of the research output so that the best centres can truly be world leaders. 
The Government spends nearly £3,000 million a year on civil research and development - at least as high a proportion of national income as the Japanese or Americans. And since 1978, British industry's spending on R&D has increased by 37 per cent in real terms. 
* We will continue to support our science base to maintain the excellence of our science and to ensure that we produce the skilled technical people we need. 
* We will encourage the transfer of people and technology from universities to businesses and upgrade the LINK scheme, which funds joint research. 
* We will encourage the establishment of centres of technological excellence linking industrial research organisations with universities and polytechnics. 
* We will continue to develop new innovation schemes for small and medium-sized businesses, including the highly-regarded SPUR programme to provide help with the development of new products and processes. 
REGIONAL POLICIES 
In recent years, the United Kingdom has attracted five times as much Japanese investment as Germany or France, which powerfully demonstrates that we have created the most attractive environment in Europe for investors. Our positive policy towards inward investment will be maintained, in contrast to that of the TUC and the Labour Party. 
The Government will continue to invest in a strong infrastructure, and boost technology expertise in the regions. 
* We will ensure that regional policy is well targeted. 
* We will continue to support all parts of the United Kingdom in their campaigns to attract inward investment. 
* We will give additional emphasis to upgrading skills and technology when allocating funds. 
SMALL BUSINESSES 
Small businesses are the seedcorn of the economy Their numbers have grown by more than a third since 1979, while the number of self-employed people has grown to over 12 per cent of the workforce. We will continue to recognise the special needs of small and medium-sized companies, and to ensure that Government delivers useful services to them. 
Our tax regime for small businesses is one of the most favourable in Europe. We have raised the VAT threshold every year since 1979 and reduced the small companies rate of Corporation Tax from 42 per cent to 25 per cent. 
Training and Enterprise Councils (and Local Enterprise Companies in Scotland) have developed a wide range of services for business and enterprise which assist over 150,000 small companies each year. We have developed the popular Enterprise Initiative, under which 40,000 companies have been helped to buy in outside expertise offering key management skills. We now propose to develop this initiative further. 
We also propose to help businesses by easing the transfer of commercial tenancies. 
* We announced in the Budget new measures to help small businesses, including full relief against Inheritance Tax on most business assets, reductions in business rates and proposals to speed up the payment of outstanding bills. 
* During the new Parliament, we will develop a new Enterprise Service to give small and medium-sized companies help in diagnosing their most important strategic needs. A new Consultancy Brokerage Service will supply information to small companies. We will also develop a Technology Audit which will provide small firms with a plan for change. And we will continue to support Total Quality Management consultancies. 
* TECs and LECs will be closely involved in developing and implementing this new initiative. 
The independent Law Commission has recommended that a commercial tenant should in general be freed from any future liability under a lease when he assigns away his interest under it. We will consider how this principle could be put into effect for new commercial leases. 
CONSUMER AFFAIRS 
Consumers want choice, quality and value for money Competition only works effectively if consumers have the information they need to make sensible decisions. 
Our food safety policy promotes consumer choice and consumer safety We introduced the 1990 Food Safety Act to ensure the highest standards of food hygiene. 
* We will introduce legislation designed to give consumers confidence that what they purchase is properly described - and that adequate compensation is offered where these requirements are not met. 
* We will enable the courts to override unfair terms in contracts and improve our powers to deal with rogue traders. 
* We will ensure that guarantees mean what they say, and that manufacturers or importers share responsibility with the people who sell their goods. 
* We will tighten up the rules on holiday brochures and contracts, and introduce a 'cooling-off' period into timeshare contracts. 
* We will introduce legislation to simplify trade mark registration and extend the rights they confer. 
* We will enforce science-based controls on the use of chemicals in food production, and will maintain our policy of open access to information on pesticide safety. 
* We will improve standards of food labelling in close consultation with consumer representatives. 
CHOICE AND THE CHARTER
The Citizen's Charter is the most far-reaching programme ever devised to improve quality in public services. It addresses the needs of those who use public services, extends people's rights, requires services to set clear standards - and to tell the public how far those standards are met. 
The Citizen's Charter: 
* widens popular choice; 
* helps people to exercise that choice in a properly informed way; 
* expects all public services to put the customer first; 
* promotes the challenge of competition within the public sector; 
* requires clear performance standards to be set and for services to be measured against them; 
* insists on a proper response to complaints and on action to set right the problems behind them. 
The Charter will be at the centre of government's decision-making throughout the 1990s. No one doubts the professionalism of the vast majority of public servants. But too often the system's outdated working methods and attitudes prevent them from giving their best. The Charter's commitment to modern, open services will help them to win the respect that good service deserves. 
In less than a year since the White Paper, 18 detailed Charters have been published. Each sets out tough new standards and gives new information and rights to the public. Each will be revised regularly to check on progress, and raise standards higher. But, already results are clear. 
* In hospitals, from April, every out-patient will have a fixed appointment time and our guarantee of maximum waiting times for operations will be steadily improved. 
* On council estates every tenant will have the right to call in a private contractor if the council fails to do a minor repair. 
* In schools, all parents will have the right to a report on their child's performance and details on that of the school. 
Rights such as these should not have been denied to the public. The Citizen's Charter, steadily but surely, is changing all that. 
KNOWLEDGE, STANDARDS, CHOICE 
The next Conservative Government will carry the Charter still further. There will be more information about standards and performance; clear standards set within public services which are still shrouded in mystery; more choice built into public services and proper complaints procedures introduced. Many of these are outlined later in the Manifesto under Education, Health, Local Government and Transport. Here are a few examples from the programme for the next two years: 
* The Audit Commission will be able to publish league tables of performance including each local council and health authority so that people can compare the quality of service. 
* We will ensure that inspection reports are published and widely available. All councils will have to respond in public to criticism from auditors. 
* We will introduce a new 'Charterline' that people with questions or problems with a public service will be able to ring. 
* We will require British Rail to tighten its targets for reliability and punctuality on all lines, and report monthly to passengers on how it is doing. London Underground will publish its own Charter. 
* We will expect Post Offices and Job Centres to set out standards of service and levels of achievement. 
* A new Charter Mark award will give recognition to those parts of the public service that best meet Charter standards. 
* British Rail and London Underground are introducing compensation systems for travellers. 
* We will review the powers of the Local Government Ombudsman to ensure that findings of maladministration are properly dealt with by all local authorities. We will consult on a new Lay Adjudicators scheme to help the public resolve difficulties and disputes. 
We will extend competition and accountability in public services. Those who provide public services will have to prove they can give the right quality at the right cost. 
* We will extend compulsory competitive tendering to local authority housing management, and examine how to apply it to white-collar services. We will act to ensure that private firms bidding to improve local authority public services are not obstructed by unscrupulous practices in councils or by unfair contracts. We will pursue more competitive tendering for central government services. 
* We will encourage the wider use of performance pay inside the Civil Service and in other parts of the public service. A link between a person's effort and his or her pay is a powerful means of improving performance. 
* Civil servants dealing with the public will normally identify themselves by name. 
* We will toughen inspection of key public services where choice and competition must inevitably be limited. We will introduce, for the first time, regular independent inspection of all schools. 
* We will act to ensure that the inspectorates of police, fire, probation, and social services, together with any new inspectorates that are established, will be truly independent of the service which they inspect. 
* We will ensure that the reports from these systematic regular inspections are published. More lay inspectors, drawn from other professions and from the general public, will bring fresh insights into service improvement. 
* We will publish later this year new proposals for the inspection of social work in England, setting up arrangements for systematic independent inspection of all care services and every local authority social services department. 
* Inspections of local authority homes will be carried out by teams that contain lay inspectors and are independent of the influence of the management of the homes. 
All of the privatised utilities have a specialist regulator who is responsible for promoting competition, reviewing prices and protecting the public interest. We have introduced legislation to increase the powers of these regulators to the level of the strongest. 
* We are ensuring that the regulators have the powers they need to promote competition and safeguard the interests of the customer by controlling price increases. We will increase competition in the gas and water markets. 
* We are giving the regulators powers to set standards of service, covering such matters as fixed appointment times for service calls. 
THE POST OFFICE 
The Post Office is among the best in Europe for speed and reliability of its letter services. Traffic has grown by 50 per cent in a decade in which it has operated without a subsidy Last year the first-class letter service achieved record improvements in reliability The local post office is a vital and valued feature of the rural community. 
In 1981 we introduced private competition for deliveries costing over £1. This led to the rapid growth of the private courier industry with substantial benefits to business users. We believe that further benefits to consumers would flow from additional competition. 
* We are committed to maintaining a nation wide letter service with delivery to every address in the United Kingdom, within a uniform structure of prices, and with a nation-wide network of post offices. 
* We will legislate to set up a new independent regulator to advise on issues affecting Post Office customers, and on the progressive introduction of competition. 
* We will set performance targets for the Post Office and ensure they are published in all offices, together with results achieved. 
* We will ensure there is effective redress for customers where services fail. 
* We will lower the limit on the Post Office monopoly much closer to the level of the first class stamp. 
* We will provide improved scope for contractors to carry mail to final delivery offices. 
* We will consider requests to license limited specialist services to compete within the Post Office monopoly. 
WHITEHALL & WESTMINSTER 
Whitehall must move with the times. It is over a decade since the last major restructuring of the departments of government. Since then: 
* Two-thirds of the state industrial sector has been privatised, transferring about 900,000 jobs to the private sector. 
* Government has reduced the burden of regulation and the need for central bureaucracy 
* Civil Service manpower has been reduced by almost a quarter. 
* Many of the functions of government have been devolved from Whitehall. 
* The Citizen's Charter programme is bringing new quality to public services. 
We will continue to reorganise central government in tune with its modern role, while devolving and contracting-out executive functions. We want to ensure that the drive to save money to reduce bureaucracy and raise quality is powerfully led from the centre of government. 
* We will give a Cabinet Minister responsibility for the Citizen's Charter programme and reforming the Civil Service, taking charge of the Citizen's Charter Unit, Efficiency Unit, the programme for creating Agencies and the Public Competition and Purchasing Unit. This will make it easier to raise quality and efficiency in government and see that contracting-out and market-testing are energetically pursued. 
* We intend to create a new department, under a Cabinet Minister, with responsibility for broadcasting, arts, sport, tourism, the national heritage and the film industry. This department will aim to encourage private sector enterprise in all these fields. The National Lottery and the Millennium Fund (detailed later in this Manifesto) will also bring new responsibilities to government in these areas. 
* We will transfer the core responsibilities of the Department of Energy to the Department of Trade and Industry and responsibilities for energy efficiency to the Department of the Environment, ending the need for a separate department 
* Small businesses are the seedcorn of our future prosperity We believe the Department of Trade and Industry should take over responsibility for them. We also want to strengthen the links between the DTI and the highly successful Training and Enterprise Councils. 
* Responsibility for overseeing all financial services will be brought together in the Treasury, in line with the practice adopted in most other advanced countries. 
* New programmes for regenerating our inner cities are outlined in this Manifesto. Responsibilities will be brought together in the Department of the Environment. 
* We are determined to ensure that women in the work-force realise their full potential. We will transfer from the Home Office to the Department of Employment the lead responsibility for co-ordinating government policy on issues of particular concern to women. 
OPEN GOVERNMENT 
Government has traditionally been far too reluctant to provide information. This secrecy extends from the processes of Cabinet Government to schools which refuse to release exam results. Under the Citizen's Charter, a great deal more information is now being made available on the services provided by government. 
We have also: 
* replaced the catch-all provisions of the 1911 Official Secrets Act with narrower offences depending on specific tests of the harm likely to be caused by disclosure, while giving special protection to vital information relating to our national security; 
* introduced rights to check certain personal records held on computer, and supported new rights of access to a range of government records; 
* committed ourselves to a public right of access to information about the environment, including water supply, air quality dumping at sea and radioactive substances; 
* made available more reports on matters of public concern such as food safety and industrial risks. 
We intend to carry forward this move towards greater openness. 
* We will review the 80 or so statutory restrictions which exist on the disclosure of information - retaining only those needed to protect privacy and essential confidentiality. 
* We will seek to provide greater access to personal records held by government. 
* We will be less secretive about the workings of government. For example, when the Committees of the Cabinet are reconstituted after the election we will, for the first time, set out their names and membership. We will update and - for the first time - publish the guidance for Ministers on procedure. 
THE WORKINGS OF PARLIAMENT 
It is not just Whitehall that must change. Parliament, too, has to keep its working methods under review to make sure it attracts the best people to the service of their country and uses their talents to best effect. 
* We will propose appropriate Parliamentary reforms to ensure that the House of Commons conducts its business more efficiently and effectively, taking into account the benefits of modern technology, the increasing constituency demands upon Members of Parliament and the need to attract more women to stand for election. 
OPPORTUNITY FOR ALL
Conservatives believe that high standards in education and training are the key to personal opportunity and national success. We believe in partnership with parents, choice in schools and a good grounding in the basic skills all children need to make a success of their lives. We are committed to widening opportunities without compromising academic standards. We will continue to expand higher education and training. We will reinforce the rights of the individual in the world of work, and break down artificial barriers to advancement. By extending opportunity and arming people with the power to choose, we will give valuable freedoms and a powerful spur to achievement. 
SCHOOLS, PUPILS & PARENTS 
We are now seeing real improvements in our education system. One in four young people goes on to higher education; at the beginning of the 1980s, it was only one in eight. Sixty per cent of 16 year-olds stay on in full-time education, up from only 40 per cent in 1979. And we have embarked on the most important and wide-ranging reforms since the 1940s. 
For the first time in our history, we will soon have a National Curriculum which will require all the main school subjects to be covered thoroughly The testing of 7 year-olds is well under way and tests for older children are now being developed. Starting this September, GCSE courses will be steadily integrated with the National Curriculum. 
Under the Parent's Charter, all schools will have to provide at least one written report on the progress of each child each year. Information on the performance of all local schools will be given to parents, enabling them to exercise choice more effectively 
We believe all parents have the right to choice in education - not only those who can afford school fees. Young people differ in their interests and aptitudes, and we need a range of schools to offer them the best opportunities. We have always fought to maintain diversity in education, protecting the right of local people to preserve their grammar schools, and defending independent schools against mindless Labour attacks. And we have always valued the important contribution made by the churches to our children's education. 
We have further increased diversity by: 
* Giving schools control over their own budgets and encouraging new types of school. 
* Allowing schools to become independent of local councils, by applying for Grant-Maintained status if the parents involved so wish. By mid-1992, over 200 GM schools will be up and running. 
* Creating a number of highly popular City Technology Colleges. 
* Launching the highly successful initiative under which schools are able to bid directly for the resources to become Technology Schools. 
We intend to take all these initiatives further and offer parents more choice in the new Parliament. Popular schools will be allowed to expand, and more schools will be able to apply for technology funding. We will make it easier for small schools to enjoy the benefits of GM status by grouping together. 
* We will complete the introduction of the National Curriculum offering 10 subjects at a nationally-defined standard - English, Mathematics, Science, History, Geography, Technology, Art, Music, PE and, in secondary schools, a foreign language. 
* Regular and straightforward tests will be in place for all 7, 11 and 14 year-olds by 1994. 
* GCSE at age 16 will be integrated into the National Curriculum, with a new A+ grade to test the most able. The majority of marks will come from a written exam. 
* We will continue to encourage the creation of nursery places. For the first time, over 50 per cent of three and four year olds have places either in nursery or primary schools. 
* Full information will be published annually about the performance of all local schools in each area. 
* Independent inspection of schools will provide parents with straightforward reports on their child's school, together with an action plan from governors to remedy any weaknesses. 
* Popular schools which are over subscribed will he given the resources to expand. 
* GM schools will be able to change their character if that is what parents clearly want and the change fits in with the wider needs of the local area. 
* The Technology Schools Initiative will be expanded across the country. 
* Existing schools which opt for GM status will be able to emulate City Technology Colleges and attract private technology sponsorship. 
* We will maintain the Assisted Places scheme, which gives access to independent education to many families who could not otherwise afford it. 
* We will ensure that the partnership between the state and the churches in education is maintained and strengthened. 
* We will enable small schools to apply for GM status in groups. 
* We will pay particular attention to raising educational standards in areas of deprivation in our cities. 
TEACHING 
We are determined to reinforce the professionalism of teachers and the esteem in which they are held. We have created an independent Teachers' Pay Review Body We accepted in full its first recommendations; nearly half of all teachers are now earning over £20,000 a year. We will press ahead with regular appraisal of teachers to encourage high standards and develop professional skills. 
As a first step in the reform of teacher training, postgraduate students will spend much more time in school classrooms, learning their skills under the practised eye of senior teachers. 
It is vital that the education system should attract back women who have taken a career break to raise a family Through grants to local authorities, we are financing schemes to introduce more flexible working practices - such as job-sharing. 
* We will undertake reform of the teacher training system to make it more effective in developing classroom skills. 
* We will develop measures to encourage women with family responsibilities to enter or return to teaching. 
AFTER 16 
We believe that young people should be free to choose between college, work-based training and sixth form studies. We are giving further education colleges and sixth form colleges in England and Wales autonomy, free from council control. We also value our school sixth forms, and will ensure they retain their place in the new system. And we will allow them to attract older students as well. FE colleges will continue to receive support for adult education, while local authorities will retain the resources to respond to local demand for leisure courses. 
We will defend the well-respected A-level examinations, which Labour would destroy We will continue to encourage participation m AS examinations. We will also continue to develop new high-quality National Vocational Qualifications, and introduce a new post-16 diploma which recognises achievement in both vocational and academic courses. 
* We will develop an Advanced Diploma which can be earned by students pursuing either academic or vocational courses, and a new General National Vocational Qualification. 
* We intend to allow school sixth forms to open their doors if they wish to older students, and to accept training credits or fees from them. 
* From April next year, further education and sixth form colleges will be independent of local government control. 
* Mature students will enjoy a wider choice of courses. 
HIGHER EDUCATION 
Britain maintains the best university system in Europe. We have also developed a thriving network of polytechnics, whose student numbers have increased nearly sixfold since the end of the 1960s. 
By the year 2000, one in three young people will follow full-time higher education courses. Meanwhile, the number of mature entrants to higher education has risen by 65 per cent since 1979. And our universities are attracting increasing numbers of foreign students. 
Despite this huge expansion, our students enjoy one of the most generous support systems in the world. The introduction of student loans has given students 30 per cent more money for their living costs than the former system of grants alone. The new system will steadily reduce the proportion of students' living costs that their parents are expected to meet. 
* We will continue to expand the number of students in higher education. We are abolishing the artificial 'binary line' between universities and polytechnics. 
* We are putting in place new mechanisms to ensure that academic standards are maintained in higher education. 
* We will continue to provide generous support for students and to expand our student loans commitment. 
THE TRAINING REVOLUTION 
A training revolution is under way in Britain. The Government's job is to create a framework within which men and women of all ages can develop skills, gain qualifications and shape their own futures. 
We have already brought the world of work and the world of school into closer harmony Government and industry are working together. Employers already spend over £20,000 million a year on training. Government spending on training has increased 2½ times in real terms since 1979, to £2,800 million. The Government's effort is being channelled through the 82 new Training and Enterprise Councils (and the Local Enterprise Companies in Scotland) - the most significant peace time partnership between government and industry this century. 
* 'Compacts' have resulted in many young people working to goals for attainment and attendance in school. In return, they are guaranteed a job with training - or training leading to a job. 
* This year, two million students will participate in the Technical and Vocational Education Initiative. 
* Investors in People is the new national standard for companies making a commitment to training. TECs play an important role in helping companies attain it. 
* Employer-led TECs and LECs are delivering Government-funded training programmes which reflect industry's understanding of local needs. 
* Industry is working closely with the National Council for Vocational Qualifications. 
* The CBI's training targets for Britain's workforce demonstrate a new partnership between business and education. 
75 per cent of 16 year-olds stay on in full-time education or Youth Training schemes, up from 46 per cent in 1979. Since 1983, over 3 million young people have taken up Youth Training places. And 82 per cent go into jobs or further education when they complete YT. 
Now we are offering young people aged 16 and 17 vouchers they can use to buy approved courses of education or training, and which will put the power of choice in their hands. 
In 1988, we launched Employment Training, the largest programme of its kind in Europe, which has since helped 1.2 million people. While local programmes are the responsibility of the TECs, the Government guarantees the offer of help to particular groups of unemployed. 
Last year, we launched the new Employment Action programme, which will help more than 61,000 people in a full year. This is a new addition to a range of measures which include Jobclubs, the Job Interview Guarantee Scheme and other tested methods of helping unemployed people back to work. 
We are also supporting individual training effort. Since 1988, when we launched Career Development Loans (interest-free for up to 15 months), over 25,000 people have benefited. Last year's Budget gave tax relief on training fees - a boost to the 250,000 people a year who finance their own training. Now, with the TECs, we intend to introduce new financial help for career and training guidance. 
* By the end of the new Parliament, the new system of National Vocational Qualifications should cover virtually every occupation in the economy. The CBI's training targets envisage 80 per cent of young people reaching NVQ level 2 by the end of the Parliament. 
* We intend to make training credits available to all 16 year-olds and 17 year-olds within the lifetime of the new Parliament. The TECs will continue to be responsible for the YT programme for this age group. 
* We will continue to finance training programmes for the long-term un-employed and those who face particular difficulties. We will launch with the TECs a new initiative, giving people a voucher with which they can buy a 'skill check', providing assessment and guidance on how to make the most of their working lives. 
WORKERS AND UNIONS 
Over the past 13 years, we have legislated to lift regulatory burdens from the shoulders of those who create jobs in Britain. To industry's relief, we shunned the job-destroying European Social Charter. And we reject Labour's job-destroying notion of a national minimum wage. 
We have also legislated five times to transform industrial relations, returning power from militants to ordinary union members. As a result, the number of days lost each year through strikes has fallen from an average 12.9 million in the 1970s to less than a million last year - the lowest figure since records began a century ago. 
Labour would disrupt industrial peace by weakening the power of management and the courts. They propose to take away the courts' most important sanction - the power to take over a union's assets. 
Sympathy strikes would be legalised by Labour, and employers would be prevented from dismissing strikers who broke their contracts. 
The workers' rights we believe in are those which enhance individuals' status and opportunities. We believe people should be informed and consulted by employers about issues which affect their work. No one should be allowed to deduct trade union fees automatically from an employee's pave without written authorisation. Individuals must be given greater rights to belong to the union of their choice. 
We also believe strongly that employers, employees and customers should not have their lives and businesses disrupted by wildcat strikes. In the new Parliament, we will legislate to enforce and enhance these rights. 
* We will require employers to give everyone who works for them for more than eight hours a week a clear 'written statement of their terms and conditions of employment. 
* We will make automatic deduction of union membership dues without 'written authorisation unlawful. 
* We will take measures to give individuals greater freedom in choosing a union. 
* We will legislate to require that all pre- strike ballots are postal and subject to independent scrutiny, and that at least seven days' notice of a strike is given after a ballot. 
* People who use public services will have the right to restrain the disruption of those services by unlawful industrial action. 
A SHARE IN THE FUTURE 
We also believe that people at work should be helped to build security for themselves and their families. Employees should be given every opportunity to acquire a stake in the business for which they work. We have ruled that executive share option schemes may grant options at a discount only if the employer also runs an all-employee scheme. 
Saving for a pension reduces reliance on the state. We welcome the provision of occupational schemes covering over 11 million workers. There are already important safeguards, which we have improved, for the rights of members in such schemes. But we believe that a full review of the arrangements is now needed. We also believe that new freedoms for scheme members will strengthen accountability and benefit investors. 
* We will establish a review of the framework of law and regulation within which occupational schemes operate. 
* We will give every member of an occupational scheme the right to an annual statement of the value of their savings. 
* In addition we will examine ways of giving those who retire with lump sum payments more choice as to how their savings are invested. 
WOMEN AND OPPORTUNITY 
A higher proportion of women go out to work in Britain than in an other EC country except Denmark. Many women choose to work part-time, and our policies have encouraged the development of part-time work within a framework which safeguards employees from exploitation. 
Throughout Europe, the UK is recognised to have the most comprehensive legislation to combat sex discrimination. We are also committed to breaking down artificial barriers to women's advancement based on prejudice or lack of imagination. As an employer, government must continue to set an example. 
The tax relief we have introduced on training fees is constructed to ensure that non-tax payers - who include many married women - will be able to benefit, too. Many Training and Enterprise Councils already have specific plans to help women trainees. We will involve them further in helping employers to help with childcare. 
We believe mothers should be treated equally by government, whether they work outside the home or not. We are fully committed to maintaining the real value of child benefit. And we will act where a push by government is needed to stimulate the provision of childcare. 
All employers who meet childcare costs can set these off against their liability for corporation tax. In addition, we have relieved employees from paying income tax on the benefit of workplace nurseries. 
After-school childcare is an area of particular importance to many working mothers. We will introduce a new initiative to encourage the provision of after-school facilities by schools, employers and voluntary groups across the country. 
* The Government will amend the law relating to the employment rights of pregnant women to give effect to the EC Directive on Pregnant Workers. This addition to our already extensive legal provision will give a right to at least 14 weeks' maternity leave and protection against dismissal on grounds of pregnancy. 
* We will take forward our public appointments initiative. Departments will publish plans for between a quarter and a half of public appointments to be held by women by 1996. 
* We will ensure that all parts of government adopt a strategic approach to the employment and development of women staff. We will encourage them to participate in the Opportunity 2000 initiative. 
* We will continue to oppose EC measures which would discourage part-time employment, valued by so many women. 
* We will encourage all TECs to adopt plans to help women trainees have equal access to training opportunities. 
* We will introduce a new grant, paid through TECs, to help employers, voluntary groups or schools to set up after-school care and holiday arrangements. We will ensure that schools are free to participate. 
FREEDOM UNDER THE LAW
The Conservative Party has always stood for the protection of the citizen and the defence of the rule of law. Society is entitled to a sense of security; individuals to peace of mind; the guardians of that peace to our whole-hearted support. Our policies on law and order, and the rights of individuals, are designed to protect the people of this country and their way of life. 
Britain experiences less violent crime than many comparable countries. But crime has continued to rise in Britain. And the challenge for the 1990s is to step up the fight against lawlessness and violence, so that our citizens can live free from fear. 
We must continue to ensure that the sentence fits the crime - with long sentences for dangerous criminals, and fines and a tougher regime for punishment outside prison available as an alternative for less serious crime. And we must maintain confidence in our legal system. 
We must tackle crime at its roots. Two-thirds of the offences dealt with by our courts are committed by only seven per cent of those convicted. Most of these constant offenders started down the path of crime while still of school age. 
We have launched a reform of our prisons, improving the prospect that those who serve custodial sentences will not return to crime. 
But above all we must remember that it is our policemen and women who are in the front line of the battle. To combat crime effectively the police need the full support of the Government and the public. 
POLICE AND THE COMMUNITY 
We Conservatives can be proud of our record in supporting the police. Since 1979 we have increased spending on the police by 74 per cent in real terms. Uniformed manpower has increased by 16,000 and civilian manpower by 12,000. We have launched a campaign to recruit 10,000 Special Constables. 
Over the next few years we want to see a major reform which will help provide what the public wants and needs: a visible, local police presence. 
We will be encouraging police forces to develop local Community Policing, to link the police more closely with the communities they protect. The Metropolitan Police will be reorganised on this basis by the spring of 1993. Two-thirds of English and Welsh forces are already preparing similar plans. Pilot schemes suggest they can add greatly to the citizen's sense of security and build support for the police. 
Community Policing will involve local residents, listen to their views and engage their help in the fight against crime. It will mean: 
* smaller police units with officers serving the same area for longer. That way, people can really get to know their local police officers; 
* each police force devolving its management and operational control to local units, and streamlining its chain of command; 
* getting police back on the beat, and in close contact with the neighbourhoods under their care. 
It will be supported by an extension of Neighbourhood Watch schemes, which are vital in deterring theft and burglaries. 
Public confidence in the police is enhanced when people know what they can expect from their local police force, and when outsiders are let into the process of inspecting how they work. At least five police forces are already leading the way with charters setting out their targets. 
* We are continuing to increase police numbers. There will be 1,000 extra police officers this year. 
* We will continue to give the police the support and resources they need to carry out their duties effectively and efficiently. 
* We will be seeking the nation-wide introduction of Community Policing. 
* We will encourage civilianisation as a means of freeing police officers for operational duties. 
* We will encourage the extension of Neighbourhood Watch to more residential areas. 
* We will continue to increase the Special Constabulary, which has seen a rise in recruitment this year of 10 per cent. 
* We want each police force to produce a charter telling local people, for example, how quickly the police will aim to respond to emergency calls. 
* We will introduce lay inspectors with management experience into the police inspectorate. 
PROTECTORS AND VICTIMS 
We look to the police to protect us. They risk their lives to do so. Police officers are entitled to the protection of the community they serve. Those who indulge in the shameful practice of 'ambushing', or seeking to frustrate the work of the emergency services, deserve to face severe penalties. We welcome the findings of a study by the Home Office and Crown Prosecution Service which shows that assaults on policemen attract consistently heavier penalties. But we will examine ways of introducing further protection for the police. 
We must also pay special attention to the needs of the victims of crime, in the courts and in rebuilding their lives. We have increased funding for Victim Support. 
The number of people directly affected by violent and sexual crime remains relatively small. But fear of crime can have a devastating effect on people's lives, and particularly on women's lives. We are determined to reduce this fear. 
* We will set up a working party to examine what more can be done to protect the police and members of other emergency services from assault. 
* We will encourage victims to report sexual offences by giving them statutory anonymity 
* Under our Safer Cities programme, there are 124 schemes to improve street lighting, which has been shown to reduce the fear of crime significantly. 
* Women-only taxi services are being encouraged under the same Safer Cities programme. 
PENALTIES AND PREVENTION 
Our armoury of criminal law and penalties requires constant review. We have just introduced a new law specifically aimed at the so-called 'joy-rider'. This places the responsibility for dangerous driving, damage, injury or death following from the taking of a vehicle squarely on the shoulders of those in it. 
Even where 'joy-riding' is not involved, causing death through dangerous or drink driving is a very serious offence. We believe that the maximum sentence for such a crime should reflect its gravity. 
Squatting is nothing less than the seizure of another's property without consent. Having consulted widely on the subject, we have decided to extend the criminal law dealing with squatting. 
Illegal camping by gypsies or other travellers can affect the lives of whole communities. We believe that this problem must be tackled. 
We are concerned about the small but persistent minority, particularly of young people, who re-offend while already on bail. We have announced new measures to deter them from repeated crime. 
Young people who find themselves on probation for shop-lifting, vandalism or petty thuggery should be shown where the path of crime may lead. They should be given a brief personal experience of the nature of prison life. 
* 'Joy-riders' will now face prison sentences of up to 5 years, unlimited fines and unlimited driving bans. 
* We will extend the maximum sentence for causing death through dangerous or drink driving. 
* We will create a new criminal offence of squatting, to give greater protection to the owners and occupants of shops, commercial premises, houses and flats. 
* The 1968 Caravan Sites Act will be reviewed with the aim of reducing the nuisance of illegal encampments. 
* As part of a community sentence, young offenders will be taken to see what life is really like inside one of our prisons - a sobering experience for them. 
* We will introduce a new police power to make an arrest for breach of police bail. 
* We will give the courts the statutory power to increase sentences for those who offend while on bail. 
* We will increase the number of bail hostel places, to enable closer supervision of those on bail. 
* We will mount a drive against school truancy, and set up a Task Force to find the best ways of co-ordinating the work of local agencies helping young people at risk of becoming offenders. 
REFORMING OUR PRISONS 
Prisons should be places which are austere but decent, providing a busy and positive regime which prepares prisoners for their ultimate release. 
We have been reversing the Labour Party's neglect of the prison service in the 1970s. Since 1985, 14 new prisons have been opened 7 more will open over the next two years. The end of overcrowding is now in sight. 
We have already taken steps to implement the key recommendations of the Woolf report on the future of our prisons. We will bring private sector skills in to enhance efficiency and increase value for money 
We have put out to tender the contract for prison escort services, an approach which has worked well in other countries. The first contract for a privately managed remand centre has been awarded. 
* We will sustain our massive prison reform and building programme. 
* A reconstruction programme will end the degrading need for 'slopping out' by the end of 1994. 
* We will reorganise prisoners' education, training and work opportunities. 
* We will establish the Prison Service as a separate agency, whose director will have the clear responsibility for day-to day operations. The Home Secretary will remain ministerially accountable to Parliament for prison policy. 
* We will increase the use of private sector management skills. 
OUR LEGAL SYSTEM 
As a free society we must have a justice system that is fair, accessible and responsive to the citizen. 
We have introduced new powers for the Court of Appeal to increase sentences for crime. And in response to public concern about a small but significant number of miscarriages of justice, we have appointed a Royal Commission to review aspects of the criminal justice system, including the conduct of investigations, the handling of forensic evidence, and the powers of the Court of Appeal. 
We have already reduced the opportunity for abuse by our introduction of tape-recorded interviews of suspects by the police. At the same time, we are concerned that police investigations should not be made more difficult by the misuse of certain rights. 
We have already introduced a wide range of reforms following our Civil Justice Review. Extending the jurisdiction of the County Courts has helped speed up justice. The success of the small claims system in these courts has shown that simplified procedures can enable people to conduct their own cases or rely on a lay adviser. We have also introduced a reform which will give people more choice as to who represents them legally in court. 
We are committed to enabling people with limited means to have access to legal services. We are determined to ensure that these services are delivered efficiently, in a way which provides the best value for money. 
The principles of the Citizen's Charter are being applied to our legal system. We will shortly be publishing a Courts Charter. 
We are overhauling the way in which family matters are handled in our courts. The new family code will be applied by magistrates and judges especially trained in family law. 
Our Sunday Trading laws have come into question as a result of a possible conflict with Article 30 of the Treaty of Rome. This matter is now before the European Court of Justice, and we are awaiting a judgement. The Government brought forward proposals in 1986 to reform the shopping laws, but Parliament was not able to agree a conclusion. Parliament will be given the opportunity to consider this issue again. 
* We will introduce a major Criminal Justice Bill in the lifetime of the new Parliament. 
* We will extend the types of cases which can be handled by the County Courts in a simplified way. 
* We will consult on a Lay Adjudicators scheme to make it easier for citizens to settle disputes with service providers. 
* We will provide a code of family law that will continue to underpin the institution of marriage, give priority to the welfare of the child, and emphasise the primary responsibility of parents for the welfare of children and the family. 
* We will bring forward proposals for reform of the Sunday Trading laws once the legal position has been made clear by the European Court of Justice. 
PORNOGRAPHY, PRIVACY, LIBEL 
We have the toughest anti-pornography laws in Western Europe, and we will keep them that way. 
Every year, about 300,000 people - mostly women - request advice and assistance in dealing with obscene or malicious phone calls. We intend to do more to deter this harassment, in conjunction with the telecommunications industry. 
The Press Complaints Commission is now in operation, and we will monitor its work carefully to see if self-regulation succeeds. 
The public's dislike of unprincipled press behaviour has sometimes been expressed in the award of erratically large libel damages. While this is understandable, it has led to an inordinate number of successful appeals. We therefore propose to simplify the law relating to libel in the light of the recommendations of the Neill Committee. 
* British domestic controls on pornography will remain in place even after the completion of the Single European Market. 
* We will increase the maximum penalties for making obscene or malicious phone calls. 
* We propose to allow judges to settle the level of damages in libel cases where the defendant offers to pay to make amends. 
COMMUNITY RELATIONS 
Racial harmony demands restraint on all sides, and a tolerant understanding of the legitimate views of others. 
Everybody, regardless of ethnic background, religious or personal belief, has the right to go about his or her life free from the threat of intimidation and assault. We are determined that everyone lawfully settled in this country should enjoy the full range of opportunities in our society That requires openness on the part of the majority and, on the part of the ethnic minorities themselves, a determination to participate fully in the life of the wider community. 
The Home Office invests £129 million in grants designed to encourage those running public services to ensure that people from ethnic minorities can enjoy the full range of public services - such as health, housing and social services. We believe that these grants would be more effective if responsibility was transferred to those Departments which can make best use of the money. 
* Racial and sexual discrimination have no place in our society. We have given the police stronger powers to deal with racial hatred. We will continue to ensure that the full force of the law is used to deal with racial attacks. 
* We will transfer the education share of the Home Office's 'Section 11' money to the Department of Education, to focus help on those from ethnic minority backgrounds who need additional English language teaching. 
IMMIGRATION AND REFUGEES 
Good community relations in this country depend upon a clear structure of immigration controls which are fair, understandable and properly enforced. We are determined to maintain our present system of immigration controls unless we have evidence that other arrangements would be equally satisfactory and cost-effective. 
But an increasing number of would-be immigrants from Eastern Europe and other parts of the world seek to abuse our openness to genuine refugees. The number of people seeking refugee status has risen from 5,000 a year to 45,000 over the past four years. 
We will continue to honour our commitment to the 1951 UN Convention, and give refuge to those who reach our shores with a well-founded fear of persecution. 
* In the new Parliament we must therefore reintroduce the Asylum Bill, opposed by Labour and the Liberal Democrats, to create a faster and more effective system of determining who are genuine political refugees, and who are not. 
* We will provide a fair and expeditious system for examining claims for refugee status. This will include a workable appeal system for applicants under which those with manifestly unfounded claims will be returned quickly to their own country or to the country they came from. 
* Finger-printing will be introduced for asylum applicants, to prevent multiple applications and fraudulent benefit claims. 
THE DANGER OF DRUGS 
Illegal drug abuse poses a major threat to the fabric of our society. It can destroy the health and lives of young people in particular. We will tackle this problem with vigour. 
We have already taken action on a wide front: 
* we have set up co-ordinators in every local education authority to train teachers about the harm drugs can do, and to bring the fight against drug abuse into the classroom; 
* we have set up 16 local drug prevention teams in inner cities to tackle particular problem areas; 
* we have created the National Drugs Intelligence Unit at New Scotland Yard; 
* we have taken the lead in Europe in pressing for the establishment of a Europe-wide Drugs Unit, as a first step towards a creation of a 
* we have set up a network of 31 drug liaison officers, in 19 different countries, tracking the international drugs traffickers who threaten Britain with their trade. 
We now have the toughest sanctions in Western Europe against drug traffickers. 
A number of public services and voluntary bodies are engaged in fighting drug misuse at local level. Such efforts need co-ordination to ensure that local effort and dedication is directed to best effect. 
* We will not legalise any banned drugs. 
* We will bring forward proposals to ensure that the control of drug misuse is co-ordinated effectively. 
* We intend to strengthen our confiscatory powers still further. And we will ensure that our controls against drug-trafficking are not weakened by any changes in Europe. 
* We will make it an offence to supply anabolic steroids to minors. 
THE THREAT OF TERRORISM 
Tragic and dangerous events remind us only too frequently of the need for the special measures provided by the Prevention of Terrorism Act. While Labour proposes to weaken or dismantle them, we know that for the safety of our citizens they must be continued, and the police effort against terrorism must be reinforced. 
We have set up in New Scotland Yard arrangements to co-ordinate the activities of all our police forces in the fight against terrorism. 
* We will provide the necessary measures and resources to combat terrorism, whether it comes from the IRA or other evil groups who seek to undermine our democracy. 
RESPONSIBILITY FOR OTHERS
Conservatives believe we have responsibility one for another. We will continue to care for those in need and work to establish a society that is generous, as well as prosperous. Our health, care and social security systems are fundamental to government responsibilities; and we believe strongly in fostering voluntary services too. 
THE NHS - PRESENT AND FUTURE 
The Conservative Party is totally committed to the National Health Service. The Government has set out in the Patient's Charter the principles on which the NHS is based. The most fundamental of these is that need, and not ability to pay, is and will remain the basis on which care is offered to all by the NHS. Since 1979, there have been great improvements in the health of the nation. 
* Life expectancy has increased by two years. 
* Deaths amongst babies and very young children have gone down by 40 per cent. 
* hospitals are treating well over a million more people a year as in-patients. 
* hospitals are treating over two million more people a year as out-patients. 
* kidney transplants have more than doubled. 
* hip replacements have increased by over 50 per cent. 
* coronary artery by-passes have nearly tripled. 
Since 1979 the Government has vastly increased the resources available to the NHS. 
* We have increased overall funding for the NHS by 55 per cent after allowing for inflation. The cash increases in each of the three years up to 1992-93 have been the biggest ever. 
* The number of doctors and dentists has been increased by 17,000, and the real resources committed to GP services have doubled since 1979. 
* The number of nurses and midwives has gone up by 69,000. 
* We have established the independent Pay Review Body which nurses had sought for so long, and increased their pay by 43 per cent. It is hard now to remember that Labour actually cut nurses' pay. 
* We have restored the hospital building programme so savagely cut by Labour at the end of their last term of office. 
But the Conservative Government has not simply spent more money on the NHS. 
* We have reformed the organisation of the NHS to encourage those working in the service to respond to what patients want and need, and to get the most out of the increased money which the taxpayer provides. 
At local level, health authorities now have the task of buying health care with their local share of the National Health budget. Hospitals can now be run by their own local team of doctors, nurses and managers. By April there will be 156 NHS Trusts whose local boards will have extra freedoms to develop local NHS services. Another 156 hospitals have applied to become trusts from April 1993. 
We have acted to reduce the long hours worked by junior doctors in hospitals. For the first time limits are being set on the number of hours which may be worked continuously. 
Good nursing is the essential complement to good medicine. We have introduced Project 2000 - a new approach to the professional training of nurses. 
The GP has a crucial role to play in the development of health services. Under the Government's fund- holding initiative, doctors have control over their own spending on behalf of patients for the first time. Over 3,000 GPs will be fundholders by April, caring for 14 per cent of NHS patients. A further 2,500 are preparing to become fundholders in April 1993. As a result, new services are being offered at local surgeries and health centres. Many general practitioners have said that they would like to become involved in fund-holding. We have already extended the scope of the fund-holding scheme to allow general practitioners to provide services such as community nursing. 
* We will, year by year, increase the level of real resources committed to the NHS. Savings made through greater efficiency will be ploughed back into the Service. 
* We will develop a comprehensive research and development strategy for the NHS. 
* We will continue to develop the NHS Trust movement which places responsibility for managing hospitals and other services with local teams who are closest to patients. 
* We will continue to encourage the involvement of doctors and other medical staff in the management of services. 
* We will introduce powers for nurses to prescribe where appropriate. 
* We will complete the implementation of Project 2000 training for nurses. 
* We will set goals for the employment of women in professional and managerial posts in the NHS. 
* We will ensure that, following maternity leave or a career break, all women working in the NHS, including those returning to nursing on a part-time or job-sharing basis, are able to return to work of a similar status or level to that which they left. 
* We will ensure that the benefits of fund- holding arrangements are available to any GP who wishes to apply, and we will be ready to extend the scope of the scheme further as it develops. 
THE PATIENT'S CHARTER 
No one questions the dedication of those who work in the NHS But before the Government's reforms, the system did not always allow that dedication to produce the service which people should be able to expect. 
The Patient's Charter sets out clearly what is now expected from the NHS. We have already pledged that in future no one will wait more than two years for treatment on the NHS. In many parts of the country for most treatments, the waiting time is much shorter than this; and we will seek further progress in reducing waiting times. 
* Binding guarantees will be set locally for in-patient waiting times, starting with the operations where waiting causes most distress. To ensure that progress on waiting times continues, we intend that from 31 March 1993, no one should have to wait more than 18 months for a hip or knee replacement, or a cataract operation. We are sure that, as now, many hospitals will be able to do better than this. 
* We will move to a system under which a named nurse or midwife will be responsible for your care while you are in hospital. 
* We will set specific targets for out patient waiting times. 
* We will make it easier for patients to find out what services are available from the NHS via a new national NHS information service. 
* We will ensure that comparative information about the health standards achieved by health authorities is available to the public. 
* Simple systems will be set up to allow complaints to be registered and responses given if things go wrong. 
STRATEGY FOR HEALTH 
This Government has embarked on the first ever strategy for health. Good health requires more than good NHS care when people are sick. A variety of factors - including preventive medicine, diet, exercise, sensible drinking and not smoking - can contribute substantially to improving health across the whole population. 
* We will set health objectives to be achieved by the end of the century, including reductions in illness and death from heart disease and cancers. 
* We will add new health objectives as the strategy develops. 
CARE SERVICES 
Care services for children, the elderly and the handicapped are provided by local government, health authorities, the private sector and voluntary groups, not directly by central government. But government is indirectly involved as the provider of taxpayers money and through its duty to set standards for publicly and privately provided care. 
As the number of elderly people in the population grows, there will be more frail and vulnerable citizens who need support. Many of them will want to be cared for at home. Others will need residential or nursing home care. It is vital that people should have choice in the type of care available. In all cases people must be able to rely on the quality of care. As we move towards implementation of 'Caring for People' in April 1993: 
* We will take steps to ensure that individuals who need residential or nursing care continue to have a choice of homes, including independent homes. Money transferred from the Social Security budget to local social services departments will be used for this purpose. 
* We will ensure that all local authorities publish information about the social services that are available, including information on standards and complaints procedures. 
* We will provide choice in domiciliary and day care. 
* We will provide further funding for voluntary organisations to play their vital part in the development of community care services. 
* We will support the organisations which help those who care for friends and relatives at home. 
CHILDREN 
This Government introduced the Children Act, a landmark in legislation to protect children. The Act requires childcare facilities to be registered to ensure that standards are maintained throughout the country 
We believe that the diversity of childcare provision in the UK is one of its strengths. It offers parents real choice. Over 90 per cent of 3-4 year-olds are engaged in some form of group activity We shall continue to encourage the development of childcare arrangements in the voluntary and independent sectors. 
* Each local authority will be asked to produce a Local Childcare Plan setting out the provision available in their area. 
* We will ensure that the standards implemented through the Children Act are applied sensibly, and do not discourage private or voluntary arrangements which are often best suited to the needs of children and parents. 
* We will carry forward a family support initiative, encouraging the voluntary sector to work in partnership with families and local authorities. 
SOCIAL SECURITY 
Our aim is to improve further and modernise Britain's social security system. We are providing more support than ever before £14 for every £10 spent in 1979, after allowing for inflation. More importantly, this extra help is more clearly focused on those groups with the greatest needs - less well-off pensioners, disabled people and low income families. 
We have also sought to provide those on social security with better incentives to earn, and gain independence. All too often the old system created barriers to work and penalised the thrifty. 
The benefit structure is now more flexible and easier to understand. The new Benefits Agency is simplifying forms and widening choice in methods of payment. We will complete the massive investment in new technology - Europe's biggest computerisation project - that has made it possible to raise the quality of service to the public. And we will extend 'Helplines' and other means of assistance with individual difficulties. 
* We will continue to simplify social security forms wherever possible. 
* We will set up a new Family Credit telephone advice service to support working families. 
* We will establish a new agency to carry out all social security war pensions work with the aim of providing a better, more efficient service to war pensioners and war widows. 
SECURITY IN RETIREMENT 
Britain's pensioners recognise the security that Conservative government brings - low inflation, savings that grow, firmness in the face of crime, public services that put the customer first. Those who have dedicated their lives to the service of the community deserve that stability 
We will continue to give the fight against inflation our first priority The basic state retirement pension will remain the foundation for retirement. We will continue to protect its value against price rises, as we have for the last 13 years. 
We also recognise that some pensioners, who have no savings or pensions from their jobs, need extra help. So we will increase the additional support, already up by over £300 million a year since 1989, available to less well-off pensioners. 
The number of those over pensionable age will be far higher in the next century than it is today If we do not make provision now; the burden we will place on our children will be too great. That is why we must encourage people to build up savings, investments, and occupational and personal pensions. 
But Labour policy is hostile to such personal effort; Labour wants pensioners to depend on the State. Failure to control inflation meant that pensioners' incomes from savings were cut under the last Labour Government. 
About eight in ten pensioners have some sort of second income to top up their state pension. By abolishing the hated earnings rule we have enabled pensioners to keep their retirement pension, even if they take a job in retirement. And we have increased the level of savings that is disregarded in working out entitlement to benefits for pensioners. Personal pensions have brought real choice into retirement provision. Over 4½ million people have set up their own pensions since 1988. We want to see both occupational and personal provision expand much further in the course of the 1990s. (See 'Opportunity for all - A share in the future' for our proposals on occupational pensions.) 
* As evidence of our continuing commitment to poorer pensioners, we have announced in the Budget an increase of £2 a week for single people, £3 a week for couples, in income support for pensioners. Combined with the increases this April, this measure will provide less well-off pensioners with between £5.73 and £10.70 a week extra. 
* We will continue to pay, from April 1993, a rebate at the level recommended by the Government Actuary for all those who contract out of the State Earnings. Related Pension Scheme. 
* We will legislate to provide a new 1 per cent incentive for holders of personal pensions aged 30 and over from April 1993, when the existing incentive ends. 
* We will consider proposals for a new system of rebates to come into effect from April 1996 with the aim of ensuring that personal pensions remain attractive across the age range. 
* We are firmly committed to equal treatment for men and women in pensions. Following assessment of the responses to our discussion paper, we will bring forward legislation to achieve this. 
SUPPORTING FAMILIES 
Our reforms have cut away the barriers that meant many breadwinners lost money if they went to work. Family Credit has transformed the prospects of 350,000 low-income families. As a result of improvements since 1988, we have made available an extra £600 million a year in real terms to low- income families with children. 
But we also recognise that all families face extra costs in bringing up children. So we have raised Child Benefit. For a two-child family the increases we are making will, by April 1992, have raised the total value of Child Benefit by almost £3 in a single year, to £17.45 a week. 
Our new Child Support Agency will make sure that absent parents make a proper contribution - and that far more lone parents and their children get the maintenance that is theirs by right. And benefit changes make it easier for more families - including single parents - to combine work and family responsibilities. 
* Child Benefit will remain the cornerstone of our policy for all families with children. Its value will increase each year in line with prices. 
* Child Benefit will continue to be paid to all families, normally to the mother, and in respect of all children. 
HELP FOR DISABLED PEOPLE 
Under the Conservatives, more disabled people than ever before are getting the help they need and deserve. Since 1979, the number receiving Attendance Allowance has more than trebled; the number receiving Mobility Allowance has risen six fold; the number receiving Invalid Care Allowance has risen 25-fold. Today we spend some £12,000 million a year on benefits for long-term sick and disabled people. Even after allowing for inflation, that is 2½ times as much as Labour spent in the 1970s. 
* Disability Living Allowance will bring together the existing Attendance and Mobility Allowance, providing new help to many disabled people who at present get no such help. Disability Working Allowance will make it easier for disabled people to take up a job. 
* We are introducing new disability benefits which will, in the next Parliament, bring extra help to at least 300,000 people. By 1993-94 these and other improvements will mean that we will be directing an extra £300 million a year to long-term sick and disabled people. 
* The Independent Living Fund has proved a great success in giving severely disabled people an opportunity to live in the community. We are committed to maintaining a fluid which supports the most severely disabled people. 
THE VOLUNTARY SECTOR 
Charities and voluntary groups play a vital role in our national life. Britain is rich in its citizens' willingness to give time, effort and money to helping others. We have a great tradition of voluntary work at home and overseas. There are now about 350,000 voluntary groups in Britain - and personal donations to charities now amount to some £5,000 million a year. 
We have done much to boost charitable giving. 
* Under the Payroll Giving Scheme, employees can now contribute up to £50 a month tax-free. 
* Gifts and bequests have been exempted from Inheritance Tax. 
* The Gift Aid scheme allows charities to claim tax relief on one-off gifts of more than £400 - a change just announced in the Budget. 
* The maximum limit on single charitable gifts qualifying for Income and Corporation Tax relief has been abolished. 
The new Charities legislation will ensure that charities are better managed and properly regulated. We believe this will enhance public confidence in charities and further boost charitable giving. 
The Government gives some £2,500 million a year to support the activities of the voluntary sector (including housing associations). Industry has been generous with its sponsorship and with technical support. But money is not the only contribution that government and business can make. Businesses have become much more practically involved in work in the community And government could do more to encourage new forms of volunteering, to encourage the most effective use of the money it gives, and to bring together voluntary effort at the local and national level. 
* We will continue to support the work of the voluntary sector and promote volunteering. 
* We will work with voluntary agencies to develop, over the life of the next Parliament, a national bank of information on opportunities for volunteering. 
* We will encourage efforts to improve the co-ordination and promote the growth of local volunteer support, building on the success of Neighbourhood Watch to develop a network of voluntary help in local communities. 
ANIMAL WELFARE 
We are leading the European Community in our achievements in improving animal welfare. We have also taken action at home and abroad to improve conservation, and will continue to do so. 
English Nature, which advises the Government on wildlife issues, has embarked on an ambitious programme to restore endangered species. The Wildlife and Countryside Act 1981 provides special protection for 304 species of birds and animals, as well as protecting our heritage of wild plants. 
We are firmly opposed to international trade in rare and protected species such as rhinoceroses, cheetahs, leopards, and bears. We have pushed successfully for an EC ban on large-scale drift nets that threatened dolphins, and we support the UN resolution calling for a moratorium on their use. We support the extension of the moratorium on commercial whaling and have co-sponsored resolutions against 'scientific' hunting of whales. We have successfully pressed for an EC ban on the importation of baby seal products and of furs from those countries which permit leghold traps. 
We have set up the Farm Animal Welfare Council and have brought in welfare codes covering livestock on farms and in transit. We are establishing an ethical committee to look at the effects of advanced techniques in animal breeding. We have banned the use of veal crates, and taken action to ensure humane slaughter. We insisted that we should retain our power to stop the export of live horses. At Maastricht we secured a landmark in animal welfare: our partners' agreement to a declaration that the welfare of animals should be taken into account in the framing of EC legislation. 
We now have the toughest set of controls on animal experimentation in Europe, and the number of animals used in experiments has fallen steadily We have supported stronger laws to protect badgers and stop cruel tethering, and have increased the penalties for organising animal fights and for cruelty. 
* We will introduce a Wildlife Enhancement Scheme and expand the Species Recovery Scheme, both to be run by English Nature. 
* We have tightened controls on the import of wild birds and will press the EC to do the same. 
* We oppose resumption of the trade in ivory or elephant products, and will provide additional support for elephant conservation projects in Africa. 
* We will urge our EC partners to bring animal welfare standards up to UK levels, for example by banning veal crates and stalls and tethers for pigs. We will press them to put into practice the principles of the Maastricht declaration. 
* We will use our EC Presidency to toughen up EC regulations and improve EC compliance with rules governing animal experiments. 
* We will press for higher EC standards for the keeping of battery hens and for the care of animals in transit. 
* We will not accept any weakening of our rabies prevention safeguards. 
A BRIGHTER BRITAIN
Making Britain a brighter and better place in which to live requires a high quality physical environment - including housing, transport and reinvigorated urban areas. The Conservative commitment is both to the re-creation of our civic pride and also to the preservation and integrity of our rural heritage, founded on the core industry of agriculture. Our aim is to enhance the quality of life for the British people. 
HOME OWNERSHIP 
The opportunity to own a home and pass it on is one of the most important rights an individual has in a free society Conservatives have extended that right. It lies at the heart of our philosophy We want to see wealth and security being passed down from generation to generation. Some 4 million more householders own their own homes compared with 1979. The number of former council tenants who have bought their homes has risen to 1.4 million. 
We now need to make it easier for those council tenants living in high-cost areas or on low incomes to move gradually into home ownership, without taking on too heavy a financial burden at any one time. This will bring the benefits of home ownership within the reach of more people and introduce more diversity in local authority estates. We also want to help more leaseholders to own and control the management of their property. 
But we recognise that not everyone can, or will want to, buy his or her home. So we are determined to encourage a strong private rented sector while continuing to safeguard the rights of existing regulated tenants. Bringing empty private sector dwellings back into use will extend choice, make it easier for people to move jobs, and help tackle homelessness. 
* We will maintain mortgage tax relief. 
* We will continue 'Right to Buy' discounts, and ensure that local authorities respond reasonably and rapidly to applications. 
* We will introduce a new nation-wide 'Rents to Mortgages' scheme, enabling council tenants to take a part-share in their home, gradually stepping up to full ownership. 
* We will put more of the Housing Corporation's £2,000 million budget into Do-It-Yourself shared ownership. This will enable first time buyers to choose a home and buy a share of it - usually 50 per cent - with a housing association paying rent on the rest until they wish to increase their stake in the property. 
* We will introduce 'Commonhold' legislation, giving residential leaseholders living in blocks of flats the right to acquire the freehold of their block at the market rate. Leaseholders of higher rated houses will also be given the right to buy the freehold of their property. Leaseholders who live in a block which does not qualify will have a new right to buy an extended lease. 
* We will introduce statutory time limits for answers by local authorities to standard inquiries by house-buyers, and explore the idea of a new computerised Property Data Bank bringing together information held by the Land Registry and other public bodies. 
* We will extend nation-wide the scheme we have piloted to increase private renting, whereby housing associations manage properties, building trust between tenant and private sector landlord. 
* As soon as possible in the new Parliament, we will introduce a flew 'Rent a Room' scheme wider which home-owners will be able to let rooms to lodgers without haying to pay tax on the rent they receive. 
MEETING HOUSING NEED 
We are also committed to securing a better deal for council tenants and increasing the supply of affordable housing for those in housing need. We will introduce more choice, improve management of estates and create new rights as part of the Tenant's Charter. Our aim will be to give tenants a choice of landlord wherever possible, and make management of both council and housing association stock more responsive to the needs of tenants. 
We will improve the way in which council housing is managed by bringing in new private sector providers operating on contract to the local authority We will introduce more competition and choice, thereby improving services to the tenant and increasing accountability. And we intend to give council tenants new opportunities themselves to improve the flat or house in which they live. 
We have already begun a process of Large-Scale Voluntary Transfer which allows local authority tenants to opt to transfer to a housing association. We wish to see this result in diversity, not local monopoly, and will therefore act to limit the size of blocks that can be transferred. 
Nearly all new social housing is now being built by housing associations. Over the next three years, we are committed to spend nearly £6,000 million through the Housing Corporation to provide 153,000 homes. 
We will do more to bring into use properties owned by central and local government which are standing empty for no good reason. This will enable us to house more people on the waiting list and, in some cases, to provide more opportunities for homesteading. 
Through Estate Action and Housing Action Trusts we have invested £1,000 million in recent years in a concentrated attack on the country's worst housing estates. Some 360,000 dwellings have been improved as a result. As part of those programmes, on which we are committed to spend a further £1,400 million over the next three years, we are demolishing or redesigning tower blocks and deck access estates, rebuilding on a more human scale. Wherever we can, whenever tenants want it, and where resources allow; we will pull down the eyesores which have blotted our cityscapes and too often provided breeding grounds for crime and delinquency. 
The Government is spending about £100 million tackling the problem of rough sleeping in our cities. As a result we have seen a sharp fall in the numbers who sleep rough on our streets. Working closely with the voluntary sector we will continue to provide help for those sleeping rough, particularly in the capital. 
* We will revolutionise the management of council houses and flats. Compulsory competitive tendering will oblige local authorities to bring in managers who demonstrate their ability to deliver the best services to tenants. 
* We will continue our programme of Large Scale Voluntary Transfer of council properties to housing associations. But in order to bring management closer to tenants, we intend to reduce the limit on the number of properties transferred in a single batch. 
* We will give tenants a new Right to Improve, so they can receive compensation for certain home improvements which they undertake. And we will improve the existing Right to Repair. We will continue our Estate Action and Housing Action Trust programmes which concentrate resources on the worst council estates. 
* We will enable tenants to apply for Housing Action Trusts to take over and improve the worst estates. 
* We will work with the Housing Corporation to establish a new Ombudsman for housing association tenants. We will also encourage the Corporation to extend opportunities for tenant involvement in the management of housing association properties. 
* We will set up a Task Force - headed by an independent chairman - to help bring empty government residential properties back into use. These will either be sold or let on short term leases to those in housing need. 
* As part of Estate Action we will introduce a new pilot scheme to promote homesteading. Local authorities will be encouraged to offer those in housing need the opportunity to restore and improve council properties. In exchange, homesteaders will pay a lower rent or be able to buy at a reduced price. 
TRANSPORT 
Under the Conservatives, transport in Britain is being transformed. More competition on the roads and in the air has led to better services and more choice. Our successful policies of deregulation and privatisation have gone hand in hand with a sustained and growing programme of investment. Over 1,000 miles of new trunk roads and motorway have been built, more than 100 bypasses constructed, and some 750 miles of railway electrified. Airlines now operate 50 per cent more flights. More people travel further and more easily than ever before. 
Over the next three years we are committed to the biggest investment in Britain's transport infrastructure in our history 
We will also seek further opportunities for the private sector to contribute, as it has for example with the Channel Tunnel, the Queen Elizabeth II Bridge at Dartford, the second Severn Bridge and the Birmingham Northern Ring Road. We intend the proposed new rail link from the Channel Tunnel to King's Cross to be taken forward by the private sector. 
THE RAILWAYS 
We believe that the railways can play a bigger part in responding to Britain's growing transport needs, and are investing accordingly Next year alone, British Rail's external finance will top £2,000 million. The new Passenger's Charter will help to raise the quality of service. For the first time ever performance targets will be set, widely published and rigorously monitored; fare levels will reflect the standards set; and discounts will be paid to regular travellers where performance targets are not met. 
We believe that the best way to produce profound and lasting improvements on the railways is to end BR's state monopoly We want to restore the pride and local commitment that died with nationalisation. We want to give the private sector the opportunity to operate existing rail services and introduce new ones, for both passengers and freight. 
A significant number of companies have already said that they want to introduce new railway services as soon as the monopoly is ended. We will give them that chance. 
Our plans for the railways are designed to bring better services for all passengers as rapidly as possible. We believe that franchising provides the best way of achieving that. Long term, as performance improves and services become more commercially attractive as a result of bringing in private sector disciplines, it will make sense to consider whether some services can be sold outright. 
In the next Parliament: 
* By franchising, we will give the private sector the fullest opportunity to operate existing passenger railway services. 
* Required standards of punctuality, reliability and quality of service will be specified by franchises; subsidy will continue to be provided where necessary; arrangements to sustain the current national network of services will be maintained; and through-ticketing will be required. 
* A new Rail Regulator - who will ensure that all companies have fair access to the track - will award the franchises and make sure that the franchisees honour the terms of the contract. 
* BR's accounting systems and internal structures will be reorganised. One part of BR will continue to be responsible for all track and infrastructure. The operating side of BR will continue to provide passenger services until they are franchised out to the private sector. 
* The franchise areas will be decided only after technical discussions with BR. But our aim will be to franchise out services in such a way as to reflect regional and local identity and make operating sense. We want to recover a sense of pride in our railways and to recapture the spirit of the old regional companies. 
* We will sell BR's freight operations outright. We will also sell its parcels business. 
* We will be prepared to sell stations - which we want to be centres of activity - either to franchisees or independent companies. 
* The Railway Inspectorate will be given full powers to ensure the highest standards of safety. 
ROADS 
Nine out of every ten journeys, whether passenger or freight, are made by road. We must therefore continue to provide an efficient road network. In the years ahead we will concentrate particularly on the bypass programme. 
As part of the Citizen's Charter, we will bring forward reforms which will enable the private sector to start filling the gaps in the motorway service area network and to introduce more variety Rather than large, intrusive stations at long intervals we should see smaller, more frequent service areas providing a much wider range of facilities. 
We will investigate ways of speeding up, within the Department of Transport, the procedures for building new roads. We will continue our campaign to keep 'coning off' on motorways to a minimum by extending lane rental schemes, under which contractors who fall behind schedule incur financial penalties. Next year two-thirds of all motorway maintenance work will be carried out in this way. 
Britain has the best road safety record in the European Community In spite of the vastly increased volume of traffic, fewer people are now killed on our roads than at any time since 1948. Our aim is to improve on that record still further. 
In spite of the benefits they bring, cars carry an environmental cost. In Britain catalytic converters will be compulsory on all new cars from the end of 1992. This will eliminate virtually all harmful exhaust gases, except for the emission of CO2. The only certain way of cutting CO2 emissions is to encourage fuel efficiency. Action is needed at international level and we will play our full part. 
Buses have an increasingly important part to play The deregulation of long-distance coach services has led to a major expansion in reliable and cheap services. Bus deregulation outside London has increased mileage by 16 per cent. We now propose to take deregulation and privatisation further. 
We will improve road transport by: 
* Investing £6,300 million in our trunk road and motorway network over the next three years, concentrating particularly on bypasses. Some 40 new ones will be opened by 1993 on trunk roads alone. 
* Increasing penalties for those convicted of drink driving. 
* Installing cameras at dangerous road junctions to film those who drive through red traffic lights. 
* Encouraging local councils, assisted by a special budget we have set aside, to introduce pedestrian priority areas and cycle lanes. 
* Privatising the remaining 39 local authority bus companies. 
* Deregulating buses in London and privatising the London Buses subsidiaries. A new London Bus Executive will be responsible for bus- stops, stands and stations and for contracting out socially necessary services. The concessionary fares scheme in London will continue. 
* Changing the system under which motorway service areas are provided. 
* Encouraging action internationally, and within our own motor industry, to promote more fuel-efficient vehicles. 
AVIATION AND SHIPPING 
More competition in aviation means more choice, better services and lower fares. That is why we have been pressing within the EC for full liberalisation of services. We also want to see more transatlantic flights, particularly to regional airports. People in the regions should not have to travel to London in order to fly to the United States. Direct flights would boost local economies and apply downward pressure on fares. The key regional airports are still in local authority ownership. They should be well placed to benefit from an increase in the number of direct point-to-point flights. But if they are really to grow and prosper, they need access to private capital, freed from the constraints of public ownership. 
Air safety cannot be compromised. Over the next five years the Civil Aviation Authority will. invest £750 million in modernising its systems. 
More can be done to cut some of the regulatory burdens our shipping industry faces. We will ensure that the recommendations of the Government Industry Joint Working Party are put into effect as rapidly as possible. 
* We will further liberalise transatlantic air services and encourage more international flights to and from regional airports. 
* We will encourage local authorities to sell their airports. 
* We will reduce airport congestion by increasing the capacity of our air traffic control 
* We will continue to campaign within the EC for further liberalisation, particularly of cabotage, so that there are more commercial opportunities for British companies. 
LONDON'S TRANSPORT 
A major programme of renewal and modernisation is transforming public transport in London - including the biggest expansion of London's rail network since the 1930s. 
The £750 million upgrading of the Central Line is already under way, to be followed by a similar programme on the Northern Line; the Jubilee Line extension and Crossrail will follow. 
London Underground is planning to invest £3,500 million over the next three years. It has introduced an ambitious Company Plan which will lead to better service, cleaner trains and more staff at stations and on platforms. Their new Charter will be published shortly 
Responsibility for the Docklands Light Railway has been transferred to the London Docklands Development Corporation. As its performance continues to improve, we expect to see growing private sector interest in purchasing it outright. 
* We will seek to privatise the Docklands Light Railway during the lifetime of the next Parliament. 
* The new Jubilee Line is being extended to Docklands and South East London and will be followed by the East-West Crossrail, linking Paddington to Liverpool Street. The Docklands Light Railway is being extended at an eventual cost of £800 million. 
* London Underground's Charter will set out tougher new standards and what it will do to compensate passengers should it fail to meet those standards. 
LOCAL GOVERNMENT 
Local councillors - some 25,000 men and women throughout Britain - are responsible for some of our most important public services. Since 1979 we have sought to create an accountable local government system capable of delivering high quality local services at a price that local people are prepared to pay. 
Conservatives councils in shires, districts and cities have been at the forefront of these reforms. In a responsive and efficient manner, they have demonstrated how to deliver good services at an affordable price. 
Over the past 13 years, we have: 
* held down unjustified rises in the cost of local government; 
* abolished the power of local councils to shift the burden of taxation on to local business, for the first time limiting the overall rise in business rates to no more than the rate of inflation; 
* abolished an expensive and bureaucratic layer of government in London and other big cities; 
* developed the local authority role from direct provider to effective enabler, encouraging many tenants to buy their own homes, allowing schools the freedom to manage their own affairs and improving the quality of local services by allowing private business to compete for contracts. 
Labour threaten all these reforms. They would 'uncap' local spending, leading to higher local and national taxes. They would 'uncap' business rates, threatening a return to the 1980s when the English rate poundage rose 37 per cent more than inflation. They would abolish the requirement on local authorities to seek value for money through competitive tendering. They would remove the freedom of local communities to preserve their grammar schools. They would introduce a new; expensive layer of government bureaucracy at regional level. They would return local government finance to the bad old days of domestic rates, with unrestrained power for local councils to charge householders as much as they like. And they would abolish the Audit Commission, which not only maintains the probity of local government accounting, but also pioneered the drive for better quality of service and value for money in local government. 
We now propose further reforms in the structure, finance and accountability of local government. In the meantime, we have transferred a further share of the burden of financing local services to central government. Today, local community chargepayers bear only a small proportion of the cost of local councils. 
* We will set up a commission to examine, area by area, the appropriate local government arrangements in England. Local communities will be fully consulted and their loyalties and interests will be central to the commission s task in deciding whether in any area a single tier of local government could provide better accountability and greater efficiency. 
* We are looking at ways in which the internal management of local authorities might become more effective. 
* We are applying the principles of the Citizen's Charter to local government, requiring the publication of more information which will enable local people to judge the efficiency of their councils in providing services. 
* We will continue to 'cap' local spending where necessary. 
* As we announced in the Budget, no one's Uniform Business Rate will go up this year by more than the rate of inflation 4.1 per cent. And we have speeded up the benefits of revaluation for those businesses who gain from it. 
* In future years, we will maintain our pledge to prevent UBR poundage rising by more than inflation. 
* We will replace the Community Charge with a new Council Tax in April 1993. The Council Tax will be simple and straightforward to administer. It will be fair and will rightly reflect both the value of the property and the number of adults who live in it. 
* Single householders, who suffered under the rates, will receive a 25 per cent discount. By grouping properties into a limited number of bands, the Council Tax also avoids the punitive bills which would be imposed by an unfettered rating system of the kind proposed by Labour. Students and people on low incomes will not have to pay. 
CITIES 
We take pride in our cities. Right across Britain they have been given a new lease of life. From London to Glasgow; from Cardiff to Newcastle, historic buildings have been restored and areas which had been run down have been transformed. The £4,000 million Action for Cities programme underlines the Conservative commitment to our inner cities and the people who live there. It highlights our determination to spread opportunity as widely as possible. We want all our people to share in growing prosperity and to have a stake in the country's future. Much has been achieved in recent years. The Urban Development Corporations and the wide range of central government grants have helped to regenerate many of our inner city areas. But more remains to be done. 
The best way to restore the spirit of enterprise which first made our cities great is for local people, the private sector, the voluntary sector and local and central government, to work together in partnership. That is the principle which lies behind City Challenge. Its new approach of competitive bidding has already galvanized towns and cities into bringing forward imaginative proposals for regeneration. It has improved co-ordination, secured better value for money and encouraged programmes which tackle problems on a number of fronts. 
* We will continue to extend City Challenge and allocate a greater proportion of resources by competitive bidding. 
* We will support Urban Development Corporations in their critical task of urban regeneration. 
* We will bring together resources targeted inner city programmes into a single budget. This will mean that funding will go where it is most needed locally rather than according to a set of priorities determined in Whitehall. 
* We will strengthen the machinery for co ordination in the regions. New, integrated regional offices of the appropriate Whitehall departments will be established so that business and local government will have only one port of call. 
* We will establish a new Urban Regeneration Agency to pull together our efforts to clear up and develop derelict land, helping to bring it back into commercial use and provide new opportunities for local people. 
Working in the urban areas, the URA will administer much of the Urban programme of the Department of the Environment. It will have a dual function. First, outside the existing UDC areas, it will reclaim derelict land, assembling suitable sites for redevelopment using vesting or compulsory purchase powers where necessary Second, it will itself be able to develop land in partnership with the private sector. This represents a major step forward in unlocking the commercial potential of our inner cities and of breathing new life into areas which may have been derelict for many years. 
But our focus is not just on physical regeneration. We want to see more opportunities for training, more encouragement to enterprise, better education and more measures to tackle drugs and crime. 
Encouraging enterprise, improving the environment and providing new opportunities for the unemployed are central to our inner city policies. Remotivating individuals and providing the right conditions for business are the only ways to make lasting change. 
* We will offer the Loan Guarantee Scheme for small firms on more generous terms in inner city areas. The scheme will be extended from Task Force areas to include successful City Challenge bidders. 
* We will make more people eligible for our successful Job Interview Guarantee Scheme, which links unemployed people with local lobs. 
* We will carry out pilot projects for the 'foyer' concept, whereby young people are given a place in a hostel if in exchange they give a commitment to train and look for work. 
* We will pilot a number of 'back to work' bonus schemes in inner city areas for the long-term unemployed. 
* We will extend customised training under the Job Link programme to include City Challenge areas. 
* We will make inner city Task Force and City Challenge areas eligible for regional innovation grants. 
We are also determined to raise standards in our inner city schools, to crack down on truancy, and to help prepare young people for the world of work. 
The City Technology Colleges show what can be done. They are overwhelmingly popular with parents and pupils and are doing much to raise standards for children of all abilities in the inner cities. 
Under the Citizen's Charter, we shall soon be able to identify much more precisely than ever before those schools which are delivering unacceptably low standards. So will parents. We will publish test results, exam results and truancy rates and ensure that there is regular independent inspection. This will enable us to put the spotlight on those inner city LEAs and schools which are failing their pupils. 
* We will continue to seek opportunities to open new CTCs in deprived inner city areas. 
* We will ensure that more schools, especially in the inner cities, have the opportunity to develop their technological expertise. 
Tackling crime and the fear of crime forms a vital part of the strategy to make our inner cities better places to live and work. The Safer Cities initiative, launched in 1988, has successfully brought together local groups and agencies to tackle crime in some of our worst affected urban areas. Twenty schemes are already in operation. 
* We will double the number of Safer Cities Schemes to cover 40 urban areas. 
LONDON 
London is a magnet to visitors and business from across the world. Since 1979 we have invested heavily to secure that status. Billions of pounds have gone into improving air, rail and underground links. We will continue that programme of modernisation. We are determined to sustain into the next century London's special position as one of the world's leading capital cities. We reject Labour's plan to recreate a bureaucratic and wasteful GLC. Instead, as part of our Millennium programme, we will launch a London 2000 initiative. The Secretary of State for the Environment will convene a new private sector forum to promote London internationally as a business, tourist and cultural centre. The Secretary of State will also chair a new Cabinet sub-committee to bring together Ministers from all key departments and co-ordinate policy for the further improvement of London. A single Minister will be given responsibility for co-ordinating London's transport services. London's place as a world centre for financial and insurance services is pre-eminent; we intend to keep it that way And we will support the vigorous cultural life of the capital, which has seen new galleries, theatres and museums opening over the last decade. 
* We will launch a London 2000 initiative. 
* We will convene a new private sector forum to promote London's position internationally. 
* We will establish a new Cabinet sub committee to co-ordinate policy on London. 
* We will give a single Transport Minister responsibility for services in London. He will chair a new Transport Working Group which will bring together public transport operators from both public and private sectors - to discuss transport issues in London. 
THE COUNTRYSIDE 
We have always cared for the countryside. We support its major industries and way of life, while recognising the place it holds in the hearts of those who live in towns. 
We want to protect our most beautiful landscapes, conserve the abundance and variety of our wildlife and habitats, promote access and public enjoyment of the countryside, and encourage public participation in caring for the countryside. 
But the countryside is more than just a pretty picture. It is a place where people live and work, as they have done in the past and will do in the future. In providing our public services, we will continue to recognise the particular needs of people who live in the countryside. 
* We will continue to promote a diverse rural economy, balancing the need for jobs, housing and services in rural areas with protection of the rural environment. 
AGRICULTURE 
Centuries of farming have shaped our countryside. Now farming is at a crossroads, both here and in the rest of the European Community World-wide pressure to reduce protectionist measures, and the need to contain the cost of the Common Agricultural Policy, mean that farmers will face reduced support and increased competition. 
We believe that farming in the UK can meet these challenges. But many farmers will need help to adapt to the new conditions, and we will continue to provide assistance. 
It will become increasingly important for farmers to obtain a greater proportion of their income from the market. We will encourage farmers, retailers and manufacturers to work together to increase our share of the European food market. 
We are committed to reducing the burden of regulation on business in general, and farming in particular. We will not accept UK farmers being put at a disadvantage by EC laws being applied differently in other countries. 
Responsible farmers have always combined efficient farming with care for the countryside. We will continue to encourage this approach through schemes to protect landscape and habitats of special importance. We will also maintain direct support for farming in the Less Favoured Areas in ways which encourage good environmental practice 
* We will seek a reform of the CAP which brings agriculture closer to the market; reduces the costs to taxpayers and consumers; is implemented at a pace which the industry can bear; affects all Community farmers equitably, regardless of size or location; and recognises the importance of environmental protection. 
* We will build on the producer marketing initiatives which we have already launched, including the Group Marketing Grant. 
* We will assist the Milk Marketing Board's move to a new structure which will be better able to protect the interests of producers and consumers in the Single Market. 
* We will publish target response times for grant and licence applications made to the Ministry of Agriculture. 
* We will take forward proposals for radical liberalisation of the agricultural tenancy laws in order to make more land available for rent, especially for new entrants. 
* We will enforce effective pollution control regulations while helping farmers to meet the high standards required. 
* We will press for an agreement in the EC's Agricultural Council which will allow us to provide financial encouragement for organic agriculture. 
FORESTRY 
Forestry is a traditional rural industry, which also affects the landscape, and gives pleasure to millions of people. The needs of a successful industry, landscape conservation, and public access must all be accommodated; and we will reorganise the Forestry Commission to reflect these objectives more effectively. 
* We will plant a new national forest in the Midlands and community forests elsewhere. 
* We will review the effectiveness of the current incentives for forestry investment. 
* We will produce guidance on the preparation of local Indicative Forestry Strategies designed to encourage new woodlands, while steering planting away from sensitive areas. 
FISHING 
Fishing is a vital industry in many parts of our islands. Many fishermen have done well in recent years but they now face great pressure on the fish stocks. This means that fishing quotas are likely to fall in coming years in order to preserve the long-term future of the fisheries. We will continue to work for the profitable and sustainable future of our fishing fleet. 
* We are determined to see that the renegotiation of the Common Fisheries Policy protects the interests of UK fishermen and retains our share of the Community's fishing opportunities. 
* We will introduce a balanced package of measures, including decommissioning and controls on fishing activity, to conserve fish and safeguard the future of the industry. 
RURAL JOBS AND SERVICES 
Changes in agriculture and other traditional industries will affect employment opportunities in the countryside. We will continue to target help through the Rural Development Commission, and ask the RDC to review the Rural Development Areas to ensure that its efforts are targeted on the areas of most need. We are committed to developing tourism in ways which provide all-year-round jobs and bring benefit to less well-known parts of our countryside, without damaging the environment. We have recently published new planning policy guidance which makes it clear how the countryside can benefit from new businesses and jobs, if the location and design of development are handled with sensitivity 
In local government, many of our shire counties and districts have led the way in raising the quality of public service. Local post offices, local transport and local schools all have an important role to play in sustaining rural life. 
* We will consult on our recently published draft planning policy guidance designed to provide a clear framework for decisions on developments to aid tourism. 
* We will widen the availability of the Rural Development Commission's successful Redundant Buildings Grant Scheme, and strengthen other RDC programmes. 
* We will maintain our special programmes to promote affordable homes in rural areas. 
* We are fully committed to maintaining a national network of post offices. 
* We will continue to assist local authorities who want to subsidise rural transport. 
* We will enable village schools that wish to apply for Grant-Maintained status to do so in small groups, thus enabling them to share management tasks while still enjoying the benefits of independence. 
* The expansion of GP fund-holding will bring particular benefits to rural areas because of the convenience of different services - such as physiotherapy and consultant appointments - being offered in the GP's surgery. 
CARING FOR THE COUNTRYSIDE 
Some of our finest landscapes are designated as National Parks. All National Park authorities will become independent Boards, which will make it easier for them to carry out their tasks effectively The New Forest will be given a statutory status which will give it as great a level of protection as any National Park. 
Last summer the Government launched an experiment in Countryside Stewardship'. This aims to conserve, enhance and re-create fine landscapes so that they may be enjoyed and appreciated by the public. The response from farmers, landowners and environmental bodies has been very positive. We therefore propose to expand the scheme and to introduce a new scheme to preserve hedgerows - a much valued feature of the English landscape, and a haven for wildlife. 
The Government endorsed and supported the Countryside Commission's target designed to bring 120,000 miles of rights of way into good order by the end of the century. 
At parish level, individuals can work together either to safeguard the character of their local village, or to improve its appearance. Local action can also preserve local wildlife and habitats. Under the Rural Environmental Action Scheme, grants of up to £2,000 per project will be available to support local environmental action. 
The Government is keen to promote the fullest possible use of inland waterways for leisure, recreation and amenity, in the regeneration of inner cities and for freight transport where appropriate. But we recognise that the various uses of canals and rivers must be properly managed to protect the character and environment of the waterways. 
* We will expand the Countryside Stewardship Scheme to cover the conservation of historic landscapes, meadows, pasture and hedgerows. Public access to qualifying schemes will be encouraged. 
* We will introduce a Hedgerow Incentive Scheme to help preserve hedgerows of particular historic, landscape or wildlife importance. 
* We will contribute to the Countryside Commission's new Parish Path Partnership designed to stimulate local maintenance and improvement schemes. 
* We will continue to support the development and redevelopment of our canals, as well as enhancing the environmental standards of our waterways. 
THE ENVIRONMENT 
The Conservative Party's commitment to the environment is beyond doubt. Other parties promise the earth. We have taken action - both nationally and internationally - to preserve it. 
Environmental protection can impose financial costs on producers, consumers and taxpayers, so we must make sure the threat of damage is a real one. But we also accept the precautionary principle - the need to act, where there is significant risk of damage, before the scientific evidence is conclusive. And we recognise that higher environmental standards can offer new opportunities for business. 
We published the first comprehensive White Paper on the Environment in 1990. It covered everything from the stratosphere to the street corner. We will continue to publish annual progress reports. 
This Conservative Government has taken a lead in working to protect the ozone layer. We will strive to accelerate the eradication of ozone depleting substances. 
One of the most important issues facing all countries is the threat of global warming. Effective action to combat global warming must be international action. Again we have taken a lead. The Prime Minister was the first world leader to announce his intention to attend the Earth Summit in Rio de Janeiro this June. We have said that we will consider stabilising our CO2 emissions earlier than our existing conditional target of 2005. We have promised to provide new and additional resources to help the developing countries to tackle their environmental problems. 
Within Britain, and ahead of other European countries, we have introduced the concept of integrated pollution control. 
We have set up, for the first time, powerful co-ordinating machinery within Whitehall to ensure that environmental considerations are given due weight in all decision-making. 
We are committed to openness on environmental matters. We support the establishment of a European Environment Agency to provide a Europe-wide environmental database. We believe that the public should have access to information held by the pollution control authorities. Public registers are now provided by bodies such as the National Rivers Authority and Her Majesty's Inspectorate of Pollution. 
* We will establish a new Environment Agency which will bring together the functions of the National Rivers Authority, Her Majesty's Inspectorate of Pollution and the waste regulation functions of local authorities. 
* The new EA will have a statutory duty to publish an annual State of the Environment report. 
* Within the European Community we will press for the introduction of integrated pollution control on the UK model. 
TOWARDS THE MILLENNIUM
A more prosperous Britain can afford to be ambitious. We can aspire to excellence in the arts, broadcasting and sport. We can use our increased leisure time, energy and money, to improve life for ourselves and our families. The National Lottery we propose to introduce can be used to restore our heritage and promote projects which will become a source of national pride. 
National Lotteries have been found useful at several times in our history. The British Museum was founded out of the proceeds of such a lottery. Fourteen years ago, a Royal Commission recommended the creation of a National Lottery in Britain to provide extra money for deserving causes. The case has become even stronger as British people gain more opportunities to participate in foreign lotteries - thus increasing the risk that funds which we could put to good use in Britain will be diverted abroad. 
We believe a well-run, carefully controlled form of national lottery would be popular, while raising money for many good causes. 
We will canvass views on how such a lottery should be run and controlled, and how it would fit within the pattern of charitable fund-raising in Britain. 
We believe that the funds generated by a National Lottery should be used to enhance the life of our nation. People who enjoy the arts, sport, Britain's heritage and fine countryside could all benefit from the proceeds from a National Lottery. Charities, right across the country and covering such areas as medical research, will also be potential beneficiaries. 
THE MILLENNIUM FUND 
We will be consulting widely on the best way to distribute the proceeds of a lottery. But we have decided that part of the proceeds should be put aside, year by year, into a Millennium Fund specifically dedicated to projects which will commemorate the start of the twenty-first century and will be enjoyed by future generations. 
* We therefore propose to introduce a National Lottery from 1994, which would help provide funds for a number of good causes in the artistic, sporting, heritage and charitable fields - and from which some funds would be put aside for a Millennium Fund. 
The Millennium Fund could be used, for example: 
* To restore the fabric of our nation: our great inheritance of buildings which symbolise and enrich our national life. 
* To help endow our cities and regions with facilities to enhance the celebration of United Kingdom 2000, such as the sporting facilities Manchester would need to host the 2000 Olympics. 
* To help another major city - chosen by competition - to hold an international trade fair designed to be a showcase of British innovation for the twenty-first century. 
* To enable voluntary groups and local communities to bid for funding for their own Millennium projects for local restoration schemes, or for improving the amenities of canals and rivers, as a source of enjoyment for local people and a habitat for wildlife. 
* To provide Millennium bursaries for young people (and newly retired people) offering their time, energy and commitment to schemes designed to change the face of the United Kingdom by the year 2000. 
THE ARTS 
Britain has a great artistic heritage and a lively contemporary arts scene. The arts have flourished in recent years, with growing attendance at theatre, opera, dance and arts festivals. 
We have supported this by increasing the public funding of the arts, by 60 per cent in real terms since 1979, and introducing new incentives to personal giving. The arts have also forged new partnerships with local authorities, businesses and private patrons. Business sponsorship in particular has expanded hugely. 
We have set up new Regional Arts Boards and supported the Scottish and Welsh Arts Councils in order to diversify and enrich cultural life throughout the country. 
We have financed the European Arts Festival to be held throughout Britain during our Presidency of the Community in the second half of this year, as well as the first National Music Day in June. 
In this year's Budget, we announced further tax relief on film-making in this country. Our aim is to make the performing arts, museums and our heritage accessible to all. We will encourage the young to become involved and will facilitate access for the disabled. 
* The National Lottery will provide a new source of finance for the arts. 
* We will maintain support for the arts and continue to develop schemes for greater sponsorship in co-operation with business and private individuals. 
* We will re-examine the role of the Arts Council, as many of its functions are now carried out regionally. 
* We will continue our support of libraries as educational, cultural and community centres, and urge local authorities to keep up standards. We will complete the new British Library building for which we have provided £450 million. 
SPORT 
Success in sport is a source of national pride. Enjoyment of sport can enrich every life. We have given strong support to the Sports Council and its efforts to raise participation in sport. We actively support Manchester's bid to bring the Olympic Games to Britain. 
We want to restore the good image of football. Tough action has cut down football hooliganism. We have helped to establish the Football Trust, which now devotes £20 million a year to improving the safety of grounds. 
Under the National Curriculum all primary and secondary age pupils will follow a course of PE. All pupils will be taught to swim by the age of 11. 
We will continue to encourage private sector sponsorship of sport. We will encourage more effective use of local sport and leisure facilities through compulsory competitive tendering. We want to see more dual use of school playing fields and halls and will give schools more freedom in their management. 
We are asking Local Education Authorities not to make sales of school playing fields in future unless there is no evidence of long-term need. 
* Sport, too, will benefit from the resources generated by the National Lottery 
* We will actively support Britain's bid to host the 2000 Olympic Games in Manchester. We will provide £55 million towards the preparation of the site and key facilities in the first stage of the bid, and we will ensure that the project, whether successful or not, contributes to the effective regeneration of East Manchester. 
* We will set up a new Business Sponsorship for Sport scheme. This is expected to raise £6 million in its first year to support local and youth sport. 
OUR HERITAGE 
Public interest and involvement in Britain's heritage has never been greater. We have created in the past decade English Heritage and the National Heritage Memorial Fund to give greater focus and drive to the Government's policies. The National Trust and private owners take a leading part in preserving our almost unrivalled heritage. Government will work in partnership to secure our heritage for the benefit of future generations. 
Our cathedrals are among our national glories. We therefore launched the Cathedral Repair Grant Scheme in April 1991, providing £11.5 million over three years. 
We have increased, to £12 million, the grant to the NHMF for the purchase of historic properties, objects and collections. The Government also provides help to private owners through English Heritage repair grants, and tax relief in return for commitments on upkeep and public access. 
We want to preserve the special character of our old town and city centres. We will encourage councils to ensure that new developments are in character with the past; to maintain buildings of importance to the character of towns and cities; to limit unnecessary street furniture and signs; and to plant trees and preserve historic patterns and open spaces. 
* The National Lottery will also provide funds for the preservation of our heritage. 
* We will continue to provide substantial financial assistance for the protection and preservation of the heritage. 
* Together with the heritage agencies, we will work to make heritage sites accessible to the public. 
BROADCASTING 
We are proud of our record of extending choice, encouraging new producers and maintaining high standards in broadcasting. We opened the way to the setting-up of Channel 4, independent radio, satellite television and multi-channel cable TV networks. The 1990 Broadcasting Act means that three new independent radio services and a fifth television channel will be set up during the next Parliament. 
Over two million homes already receive satellite TV We have now licensed well over a hundred cable TV networks and this new industry expects to invest £3,000 million over the next five years. In coming years, British viewers will have an increasing choice of channels and programmes. The new and sophisticated cable networks will open the way not only to new telecommunication services, but also to the spread of emerging technologies such as high definition television. 
We attach great importance to the work of the Broadcasting Standards Council, which we set up under the 1990 Act. All television and radio companies accept the need to maintain standards of taste and decency in their treatment of sex and violence and their use of bad language. 
The European Community regulates standards in satellite broadcasts originating from each Member State. We were one of the first countries to ratify a new Council of Europe convention applying similar rules to all its Member States. We also, in the Broadcasting Act, brought in sanctions against the transmission of offensive satellite broadcasts from abroad, and made it an offence for advertisers and equipment suppliers to support such programmes. 
Independent television producers are benefiting from the requirement put on the BBC and ITV to commission a quarter of all their programmes, excluding the news, from outsiders. There are now great opportunities for independent producers to sell their programmes to new television channels and international markets, and there is much greater choice for viewers as a result. 
In 1996, the BBC's Charter comes up for renewal. This will be considered against the background of the much more varied and competitive broadcasting environment which our policies have created. It is important that there should be a wide public debate about the future direction the BBC should take. 
* We will back the work of the Broadcasting Standards Council and remain vigilant about ensuring high standards in satellite broadcasts from abroad. 
* We will publish a discussion paper on the future of the BBC recognising its special responsibilities for providing public service broadcasting. 
A UNITED KINGDOM
The United Kingdom is far greater than the sum of its parts. Over many centuries its nations have worked, and frequently fought, side by side. Together, we have made a unique mark on history Together, we hold a special place in international affairs. To break up the Union now would diminish our influence for good in the world, just at the time when it is most needed. 
Nationalist plans for independence are a recipe for weakness and isolation. Higher taxes and political uncertainty would deter investment and destroy jobs. The costly Labour and Liberal devolution proposals for Scotland and Wales have the same drawbacks. They do not intend to bring about separation, but run that risk. They could feed, but not resolve, grievances that arise in different parts of Britain. They would deprive Scotland and Wales of their rightful seats in the United Kingdom Cabinet, seats the Conservatives are determined to preserve. We believe strongly that we should go on working together in full partnership in a Union that has served every part of the United Kingdom well. 
The plans for devolution put forward by the other parties would have a grave impact not just on Scotland and Wales, but also on England. They propose new and costly regional assemblies in England, for which there is no demand. We will oppose all such unnecessary layers of government. 
The Union has brought us strength both economically and politically Yet it has preserved the historic and cultural diversity of our islands. Our constitution is flexible, fair and tolerant. It has made this country one of the best places in which to live, work and bring up our children. These benefits cannot be tossed away lightly We will fight to preserve the Union, a promise which only the Conservatives can give at this election. 
SCOTLAND 
Scotland has achieved an economic and cultural regeneration over the past 13 years. The Scottish economy has responded vigorously to the policies we have introduced to liberate enterprise, and many more people are now saving, investing and owning their homes. The public services are better funded and more efficient. There has been a flowering of Scottish culture. 
Scotland enjoys a rich and distinct tradition and her own institutions, which we have preserved and strengthened. Scotland has its own framework for the encouragement of enterprise, investment and training; its own education system which continues to excel, with more pupils leaving school better qualified and more going on to further and higher education; its own health budgets which deliver high standards of care; and its own glorious inheritance of buildings and countryside. 
A separate Manifesto for Scotland sets out our record in detail and our proposals for building on these achievements. In this document, therefore, we list only a selection. 
* Business in Scotland has received a boost from our creation of Scottish Enterprise and the Local Enterprise Companies. We have formed Scottish Trade International to help our exporters, as Locate in Scotland does for inward investors. To assist business further, we will complete the harmonisation of business rates in Scotland with those in the rest of the country. 
* The massive bureaucracies and layers of local government have few supporters in Scotland. We will continue to press local authorities to provide the value for money and the quality of services that people expect. We will press ahead with the reform of the current burdensome system of local government by introducing single tier councils throughout Scotland. 
* We will continue to strengthen Scotland's education system for the benefit of parents, pupils and teachers. We will respond to the proposals of the Howie Committee to ensure that upper secondary education matches the best in Europe. We will continue to increase the number of places in higher and further education and will complete our reforms of the system. 
* We will extend our reforms to improve NHS patient care in Scotland. Scotland has led the way in setting limits to waiting-times for operations and will now be reducing these further. 
* We are creating a new body, Scottish Natural Heritage, with overall responsibility for conserving the natural environment. We will go further, and will create a Scottish Environmental Protection Agency to bring together powers to ensure the quality of our air, rivers and bathing waters. 
WALES 
Since 1979, the economy of Wales has changed spectacularly With only 5 per cent of the United Kingdom's population, Wales has consistently enjoyed 20 per cent of its inward investment. New industries have sprung up. Self-employment has risen by two-thirds. Welsh manufacturing now has the highest productivity of any part in the United Kingdom. 
Land made derelict by old industries has been reclaimed on a massive scale. The Cardiff Bay development and the Ebbw Vale Garden Festival are outstanding examples, together with the Programme for the Valleys. 
Since 1979, we have spent more than £3,000 million on roads in Wales. Spending on health has increased by 60 per cent in real terms since 1979. We have spent more than £5 million on our radical Waiting Times Initiative, leading to the treatment of 35,000 extra patients. In school we are spending nearly half as much again, in real terms per pupil, as in 1979. And there has been an enormous expansion in the training budget. 
More Welsh homes - 72 per cent - are owned by those who live in them than in the United Kingdom as a whole. Since the 'Right to Buy' was introduced in 1980, we have enabled almost 90,000 council and housing association tenants to buy their own homes. 
A separate Manifesto, in both English and Welsh, sets out our full programme for building on these achievements for Wales. 
* We will set up a Welsh Economic Council to bring together the various bodies with interests in inward investment, tourism and small business to advise the Secretary of State. 
* We aim to remove all significant dereliction from Wales by the end of the new Parliament. 
* We will promote the work of the Countryside Council for Wales, in order to protect the countryside and those who earn their livelihood there. 
* We will give further resources to our Rural Initiative. And we will continue to support hill farmers through the Hill Livestock Compensatory Allowances. 
* We will continue to invest heavily in road improvements, including the second Severn Bridge, completing the M4 in South Wales and the M5 in North Wales. 
* We will continue with our record hospital building programme. 
* We will continue to offer generous funding for Housing for Wales and concentrate our efforts on the special needs of rural Wales. All major publicly funded housing developments will make adequate provision for the less well off. 
* We will introduce a new Welsh Language Act. 
* We will publish a White Paper on local government reform this autumn with a view to establishing unitary authorities, based on the historic counties and county boroughs. We will ensure a full role for Community Councils under these arrangements. 
NORTHERN IRELAND 
We have upheld our pledge that Northern Ireland will remain an integral part of the United Kingdom in accordance with the democratically expressed wishes of the majority of the people who live there. It is a pledge that only the Conservative and Unionist Party can give. Conservative candidates are standing in our name and in that cause. 
Our overriding objective in Northern Ireland is to eliminate the evil of terrorism. This requires progress in four areas: security, economic, social and political. The security forces in Northern Ireland perform their duties with courage and professionalism. They are entitled to expect all the necessary encouragement, and legal and material support from the Government. Under the Conservatives, the strength of the RUC has been increased, while the Emergency Provisions Act 1991 contains new powers to combat terrorist funding. 
Northern Ireland is sharing in the economic transformation of the United Kingdom as a result of Conservative policies. Belfast is attracting significant new private investment. Harland and Wolff and Shorts have been successfully privatised. Major work is also under way to regenerate Londonderry and many of Ulster's smaller towns. We will continue to pursue policies to encourage enterprise and bring new jobs - by contrast with Labour, whose plan for a national minimum wage would hit the Province particularly hard. 
In the new Parliament we will continue to seek to re-establish stable institutions of Government in Northern Ireland, so that powers currently exercised by Ministers in the Northern Ireland Office can be returned to locally-elected politicians. 
* We will always give the security forces our full backing within the rule of the law, and - against Labour opposition - ensure that they have the special powers they need to protect the whole community from violence. 
* We will complete the privatisation of Northern Ireland Electricity, transfer the water and sewage services to the private sector, and examine ways of bringing private sector skills into the management of Northern Ireland Railways. 
* We will continue to pursue policies designed to alleviate social needs, to promote equity of treatment and to widen the sense of common purpose which is growing in the Province. 
* We will build on the close security co operation that has been established with the Republic of Ireland under the Anglo-Irish Agreement. 
* We will continue to work strenuously for a political agreement which is acceptable to all the parties involved in the talks which the Secretary of State has had during the past year with the main constitutional parties in Northern Ireland and the Government of the Republic of Ireland. They have provided a firm basis for political progress in Ulster, and for building new relationships both between Northern Ireland and the Republic, and in these islands as a whole. 
YOUR CHOICE AT THIS ELECTION
This Election is about the future. Your future. Britain's future. Our future role in the world. This is a time to go forward with conviction and confidence, not to go back to the failure and bitter controversies of the past. 
It is difficult to remember the Britain we were elected to transform in 1979. The country we did transform. 
It was a depressed and divided country, accustomed to failure and suspicious of change. 
During the succeeding Parliaments, we have curbed inflation, reformed trade union law; encouraged enterprise, cut taxes, modernised our education and training, improved the management of our health service, given more help to the needy, extended ownership, helped through our vigilance to end the Cold War, widened our influence in Europe, and earned the respect of the world. 
A decade of success ended with the problems of recession - a world recession. We know how tough it has been for many but we are poised to move forward again, lacking only the spark of confidence with which a Conservative victory would ignite recovery. 
THE CHALLENGE AHEAD 
The challenges of the 1990s demand a responsible and sure-footed government which understands the nature of the achievements of the 1980s and is ready to build successfully on them. A government committed to the principles of choice, ownership, responsibility and opportunity; committed to low inflation and low taxes; committed to better quality and value in our public services; committed to strong defences. Labour cannot provide that leadership. They lack experience, principle and vision. 
With Socialism everywhere in rout or retreat, it is unclear what the Labour Party stands for. For public consumption, Labour leaders purport to have jettisoned the principles of a life-time. But how much can they be trusted? How genuine is the conversion and what do they actually believe? 
It is clear only that Labour would threaten our achievements, undo our reforms and hamstring Britain. They would turn the clock back to policies that impoverished and divided our country. Socialism here and abroad is the regret of yesterday not the hope of tomorrow. 
ONLY THE BEST FOR BRITAIN 
We believe that only the best is good enough for Britain, and that the best will only be accomplished if we give the British people the freedom and the opportunity they need to succeed. 
We have a new leader, proven in office, and a new agenda - yet a tried set of principles. Those principles reflect our conviction that Britain has done best when the people of Britain have been given the personal incentive to succeed. National success has not been primarily the result of accidents of geography, landscape and natural resources. Nor has it been the result of government action and state control. Success has been won when we have given our people their head: when their natural skills, talents, energy; thrift and inventiveness have been released, not suppressed. That was true when this century began; it is still true as this century draws to its close. 
Britain should approach the Millennium with head and spirits high, with a strong economy, with a high standard of living, with generously endowed and well managed public services, and with secure defences. We want Britain to be an example to the world of how a free people can make the very best of their destiny. That prospect is within the grasp of us all. We must now make it happen. 
The prize is great, the hope invigorating, the dream attainable. We want, with you, to make the dream a reality. A Conservative Government will help you to achieve the very best. The very best future for Britain. 

Back to manifesto index.
Last Modified: Thursday, 05-Apr-2001 00:21:44 GMT/BST"
Lab_1992,"
THE LABOUR PARTY MANIFESTO

TIME TO GET BRITAIN WORKING AGAIN

IN HIS FOREWORD TO THE LABOUR PARTY MANIFESTO, MR NEIL 
KINNOCK, PARTY LEADER AND LEADER OF THE OPPOSITION, SAID THAT THE 
GENERAL ELECTION WAS A CHOICE BETWEEN A CONSERVATIVE 
GOVERNMENT PARALYSED BY RECESSION, AND A LABOUR GOVERNMENT 
DETERMINED TO GET ON WITH BUILDING RECOVERY.     HE DECLARED: 
""GRIPPED BY THE LONGEST RECESSION SINCE THE WAR, BRITAIN NEEDS A 
GOVERNMENT WITH A CLEAR SENSE OF DIRECTION AND PURPOSE. A 
GOVERNMENT WITH THE PEOPLE AND THE POLICIES TO GET BRITAIN 
WORKING AGAIN AND TO ACHIEVE SUSTAINED RECOVERY - STRENGTH WITH 
STAYING POWER. LABOUR WILL BE SUCH A GOVERNMENT.""     THE 
COUNTRY FACED CLEAR ALTERNATIVES, HE ADDED. ""A CONSERVATIVE 
GOVERNMENT WOULD MEAN A REPEAT OF THE SAME STALE POLICIES 
WHICH BROUGHT ECONOMIC INSECURITY, PRIVATISED AND UNDERFUNDED 
PUBLIC SERVICES AND INCREASED SOCIAL DIVISION. THE CONSERVATIVES 
HAVE NO POLICIES WHICH WOULD MEAN SUSTAINED RECOVERY, HIGHER 
HEALTH CARE OR IMPROVED EDUCATIONAL STANDARDS. THE ARROGANCE 
REMAINS WHICH BROUGHT US THE POLL TAX, CENTRALISATION IN BRITAIN 
AND ISOLATION IN EUROPE. IF THEY CAN'T GET IT RIGHT IN 13 YEARS, THEY 
NEVER WILL.     ""THE LABOUR GOVERNMENT WILL MEAN A FRESH START 
FOR BRITAIN. IT WILL MEAN STRONG AND CONTINUED EMPHASIS ON 
INVESTMENT FOR ECONOMIC STRENGTH. IT WILL MEAN ACTION TO HELP 
FAMILIES, FAIR TAXATION INCENTIVES FOR ENTERPRISE AND SUPPORT FOR 
ESSENTIAL COMMUNITY SERVICES. IT WILL MEAN GREATER FREEDOM, 
SECURITY AND OPPORTUNITY. IT WILL MEAN CHANGE FOR THE BETTER.     
""IT'S TIME TO MAKE THAT CHANGE. IT'S TIME FOR LABOUR."" 
IMMEDIATE ACTION FOR NATIONAL RECOVERY

BRITAIN FACES A HUGE TASK OF NATIONAL RECONSTRUCTION. FROM DAY 
ONE, THE NEW GOVERNMENT MUST START TO GET BRITAIN WORKING 
AGAIN. IT MUST GET THE ECONOMY OUT OF RECESSION, IT MUST LAY 
FOUNDATIONS FOR THE FUTURE. RECOVERY MUST BE BASED ON 
INVESTMENT, FOR ONLY INVESTMENT WILL CREATE LASTING PROSPERITY.     
TODAY, MILLIONS OF PEOPLE FEAR LOSING THEIR JOB, THEIR HOME OR 
THEIR BUSINESS. THE NEW LABOUR GOVERNMENT'S NATIONAL RECOVERY 
PROGRAMME WILL START TO REMOVE THAT FEAR, WITH IMMEDIATE ACTION 
ON INVESTMENT, JOBS AND TRAINING. IT WILL COMBAT RECESSION NOW 
AND BUILD SUSTAINED AND SUSTAINABLE RECOVERY FOR THE FUTURE.     
BRITAIN'S ECONOMIC PROBLEMS ARE DEEP-SEATED. WE WILL NOT BE 
ABLE TO DO AT ONCE EVERYTHING THAT WE WOULD LIKE TO DO. BUT WE 
WILL GET DOWN TO BUSINESS RIGHT AWAY. AND AS WITH ANY PROPERLY 
RUN BUSINESS, OUR IMMEDIATE PROGRAMME WILL BE PART OF A 
STRATEGY FOR LONG-TERM SUCCESS. 
ACTION FOR INDUSTRY

1. WE WILL PROVIDE ENHANCED CAPITAL ALLOWANCES TO ENCOURAGE 
COMPANIES IMMEDIATELY TO BRING FORWARD MANUFACTURING 
INVESTMENT IN NEW MACHINERY AND PLANT, INNOVATION AND DESIGN. 
THIS WILL LAST FOR A LIMITED PERIOD. 2. WE WILL INTRODUCE AN 
INVESTMENT TAX INCENTIVE TAILORED TO THE SPECIAL NEEDS OF SMALL 
BUSINESSES. 3. WE WILL IMMEDIATELY BEGIN THE PHASED RELEASE OF 
RECEIPTS FROM THE SALE OF COUNCIL HOUSES, LAND AND PROPERTY 
RECEIPTS TO ALLOW LOCAL AUTHORITIES TO BUILD NEW HOMES AND 
IMPROVE OLD ONES. MORE BUILDING WORKERS IN THE RECESSION-
SAVAGED CONSTRUCTION AND BUILDING SUPPLY INDUSTRIES WILL BE 
EMPLOYED AND MORE FAMILIES REHOUSED. EQUIVALENT ARRANGEMENTS 
WILL BE MADE IN SCOTLAND. 4. WE WILL ALLOW BRITISH RAIL TO 
PROCEED WITH A LEASING SCHEME OF 188 NEW NETWORKER TRAINS ON 
THE NORTH KENT LINE-THE FIRST STEP IN SECURING PRIVATE INVESTMENT 
TO HELP MODERNISE BRITAIN'S RAILWAYS AND PROTECT OUR 
ENVIRONMENT. 

ACTION FOR JOBS

5. HOUSING INVESTMENT WILL GENERATE JOBS. WE WILL ALSO ESTABLISH 
A WORK PROGRAMME, COMBINING THREE DAYS A WEEK WORK FOR THE 
UNEMPLOYED-PAID AT THE PROPER RATE-WITH TWO DAYS' TRAINING 
AND JOB SEEKING. THIS WILL BENEFIT THE COMMUNITY AND ENSURE THAT 
UNEMPLOYED PEOPLE ARE OFFERED A RANGE OF EMPLOYMENT AND 
TRAINING OPPORTUNITIES. THE PROGRAMME, WHICH CAN BE QUICKLY 
AND EASILY ESTABLISHED, WILL ALLOW US TO START BRINGING DOWN 
UNEMPLOYMENT IMMEDIATELY. OUR AIM IS TO PREVENT LONG-TERM 
UNEMPLOYMENT, RATHER THAN JUST TRYING TO COPE WITH IT AFTER IT HAS 
OCCURRED. 

ACTION FOR SKILLS AND SCHOOLS

6. WE WILL RESTORE LAST YEAR'S TRAINING CUTS WHICH CAUSED SO 
MUCH DAMAGE TO TRAINING FOR YOUNG PEOPLE AND THE UNEMPLOYED. 
WE WILL ESTABLISH A NEW CASH-LIMITED SKILLS FOR THE 90S FUND, 
WITH AN INITIAL BUDGET OF £300 MILLION, TO UPGRADE THE TRAINING OF 
THOSE IN WORK. INVESTMENT WILL BE TARGETED PARTICULARLY AT AREAS OF 
SKILL SHORTAGES AND WILL GIVE PEOPLE WHO ARE NOW UNSKILLED THE 
CHANCE TO ACQUIRE BASIC SKILLS. 

7. OVER THE NEXT 22 MONTHS, ADDITIONAL RESOURCES OF AT LEAST £600 
MILLION WILL BE AVAILABLE FOR INVESTMENT IN EDUCATION. AMONGST 
OTHER PROJECTS, THIS WILL HELP TO TACKLE EQUIPMENT SHORTAGES AND 
THE BACKLOG OF SCHOOL REPAIRS. 

ACTION FOR THE NHS

8. OVER THE NEXT 22 MONTHS, ADDITIONAL RESOURCES OF AT LEAST £1 
BILLION WILL BE AVAILABLE FOR INVESTMENT IN THE NATIONAL HEALTH 
SERVICE. THIS WILL HELP THE NHS TO MAKE REAL ADVANCES IN CARE 
AND TREATMENT. 

ACTION FOR CHILDREN                           

9. WE WILL START TO INCREASE NURSERY EDUCATION PLACES FOR THREE 
AND FOUR YEAR OLDS BY MAKING SURE THAT LOCAL COUNCILS ACTUALLY 
USE THE MONEY THEY RECEIVE FOR NURSERY EDUCATION TO CREATE NEW 
PLACES AND BY SWITCHING CAPITAL FUNDS EARMARKED FOR THE CITY 
TECHNOLOGY COLLEGE PROGRAMMES. THIS WILL LEAD TO THE RAPID 
CREATION OF 25,000 NEW PLACES. 10. WE WILL EXTEND THE 
EXEMPTION FROM TAX WHICH APPLIES TO WORKPLACE NURSERIES TO ALL 
FORMS OF EMPLOYER ASSISTANCE WITH CHILDCARE. 
  GETTING RESULTS

EVERY ACTION WE PROPOSE MAKES SENSE BY ITSELF. TOGETHER, OUR 
PROPOSALS ADD UP TO A CO-ORDINATED PROGRAMME FOR RECOVERY. BY 
INVESTING IN HOUSE-BUILDING AND REPAIRS, WE START TO REHOUSE 
HOMELESS PEOPLE.     BY INVESTING IN PUBLIC TRANSPORT, WE START TO 
TRANSFORM COMMUTERS' LIVES AND CREATE A CLEANER ENVIRONMENT.     
BY INVESTING IN THE NHS, WE OFFER NEW SECURITY TO THE PATIENTS 
AND THE PUBLIC.     BY INVESTING IN EDUCATION, WE NOURISH THE 
TALENTS OF CHILDREN AND LAY THE BASIS FOR FUTURE SUCCESS.     WITH 
EACH STEP, WE EMPLOY MORE WORKERS IN INDUSTRIES FROM 
CONSTRUCTION AND COMPUTER SOFTWARE, TO HIGH-TECH ENGINEERING, 
PRINTING AND PUBLISHING. WE ENABLE BUSINESSES TO THRIVE. WE 
SAVE TAXPAYERS' MONEY ON BENEFITS. WE TRANSFORM 
UNEMPLOYMENT CLAIMANTS INTO EMPLOYED CONTRIBUTORS.     
LABOUR'S PROGRAMME FOR NATIONAL RECOVERY WILL THIS YEAR HELP 
BRING BRITAIN OUT OF RECESSION. PUBLIC INVESTMENT WILL MODERNISE 
SERVICES, HELP BUSINESS AND INDUSTRY AND STIMULATE PRIVATE 
INVESTMENT. IT WILL MAKE YOU AND YOUR FAMILY BETTER OFF. 

  BUILDING A STRONG ECONOMY

LABOUR'S ECONOMIC POLICY RESTS ON ONE SIMPLE, COMMONSENSE 
FACT. THE ONLY WAY FOR BRITAIN TO BUILD A STRONG ECONOMY IS TO 
MAKE THE GOODS AND SERVICES WHICH PEOPLE AT HOME AND ABROAD 
WANT TO BUY.     BRITAIN IS IN A RACE FOR ECONOMIC SURVIVAL AND 
SUCCESS. FACED WITH INTENSE COMPETITION, COMPANIES AND 
COUNTRIES CAN SUCCEED ONLY BY CONSTANTLY IMPROVING THEIR 
PERFORMANCE. EVERY EMPLOYEE IN EVERY ENTERPRISE MUST BE 
INVOLVED IN A NEW PARTNERSHIP SO THAT TRAINED AND TALENTED PEOPLE 
CAN USE THE MOST MODERN TECHNOLOGIES TO CREATE TOP-QUALITY 
PRODUCTS.     BUT NONE OF THIS WILL HAPPEN WITH A GOVERNMENT THAT 
BELIEVES THAT THE BEST THING IS TO DO NOTHING. THREE-THOUSAND MEN 
AND WOMEN HAVE LOST THEIR JOBS EVERY WORKING DAY SINCE JOHN 
MAJOR BECAME PRIME MINISTER. EVERY WEEK, 900 BUSINESSES GO 
BANKRUPT. EVERY DAY, 200 FAMILIES LOSE THEIR HOMES.     THE 
CONSERVATIVES HAVE CREATED THE LONGEST RECESSION FOR 60 YEARS. 
THEY HAVE NO IDEA HOW TO GET US OUT OF IT AND EVEN LESS IDEA HOW 
TO STAY OUT OF IT. BRITAIN NEEDS A LABOUR GOVERNMENT WHICH WILL 
BACK BRITISH INDUSTRY IN THE WAY OUR COMPETITORS BACK THEIRS. 

  A GOVERNMENT WHICH BUSINESS CAN DO BUSINESS WITH

MODERN GOVERNMENT HAS A STRATEGIC ROLE, NOT TO REPLACE THE 
MARKET BUT TO ENSURE THAT THE MARKET WORKS PROPERLY. OTHER 
COMPETITORS IN EUROPE AND ELSEWHERE RECOGNISE THAT INDUSTRIAL 
POLICY MUST BE AT THE HEART OF ECONOMIC POLICY. IT IS THE 
GOVERNMENT'S RESPONSIBILITY TO CREATE THE CONDITIONS FOR 
ENTERPRISE TO THRIVE.     BUSINESS NEEDS SUSTAINED AND BALANCED 
GROWTH, STABLE EXCHANGE RATES, STEADY AND COMPETITIVE INTEREST 
RATES AND LOW INFLATION. WE WILL DELIVER THEM.     BUSINESS MUST 
HAVE A HIGH LEVEL OF EDUCATION, SCIENCE AND SKILLS. INCENTIVES FOR 
HIGH-TECH INVESTMENT. MODERN TRANSPORT. STRONG REGIONAL 
ECONOMIES FOR NEW DEVELOPMENTS. WE WILL DELIVER THEM. 
  WE WILL KEEP PRICES DOWN

INFLATION HAS BEEN SUPPRESSED BY RECESSION. BUT IT HAS NOT BEEN 
CURED.
    TO CURB INFLATION, LABOUR WILL MAINTAIN THE VALUE OF THE POUND 
WITHIN THE EUROPEAN EXCHANGE RATE MECHANISM. WE WILL 
MANAGE CREDIT SENSIBLY. WE WILL STOP EXCESSIVE PRICE RISES IN 
WATER ELECTRICITY, TELEPHONES, TRANSPORT AND NHS PRESCRIPTIONS. 
    THE ONLY WAY TO DEFEAT INFLATION IN THE MEDIUM TERM IS TO RAISE 
PRODUCTIVITY SUBSTANTIALLY. BY PROMOTING INVESTMENT AND 
IMPROVING SKILLS, WE WILL TACKLE THE UNDERLYING CAUSES OF 
INFLATION. 

 WE WILL INTRODUCE FAIR TAXES

ATTACKING POVERTY IS AN ESSENTIAL COMPONENT OF LABOUR'S 
PROGRAMME FOR NATIONAL RECOVERY AND PROSPERITY. THE MOST 
EFFECTIVE WAY TO REDUCE POVERTY QUICKLY IS TO INCREASE CHILD 
BENEFIT AND PENSIONS AND TAKE LOW-PAID PEOPLE OUT OF TAXATION. 
TO ACHIEVE THESE GOALS, WE WILL REFORM THE NATIONAL INSURANCE 
AND INCOME TAX SYSTEM.     WE WILL INCREASE CHILD BENEFIT TO 
£9.95 A WEEK FOR ALL CHILDREN, WITH THE FULL VALUE GOING TO EVERY 
FAMILY.THISMEASUREWILLBENEFITSEVENMILLIONFAMILIESANDISWORTH£1
27.40AYEARTOAFAMILYWITH TWO CHILDREN.     WE WILL INCREASE THE 
BASIC RETIREMENT PENSION BY AN EXTRA £5 A WEEK FOR A SINGLE 
PERSON AND £8 FOR A MARRIED COUPLE. ALL PENSIONERS WILL RECEIVE 
THE FULL INCREASE, WHICH WILL ALSO GO TO WIDOWS AND OTHERS ON 
BENEFITS LINKED BY STATUTE TO THE BASIC PENSION LEVEL. TWELVE 
MILLION PEOPLE WILL BENEFIT.     WE WILL ABOLISH THE TWO PER CENT 
NATIONAL INSURANCE CONTRIBUTION ON EARNINGS UNDER £54 A WEEK -
EFFECTIVELY A £56 ANNUAL ENTRY FEE INTO THE NATIONAL INSURANCE 
SYSTEM.     AT PRESENT, EMPLOYEES EARNING LESS THAN £405 A WEEK 
PAY CONTRIBUTIONS ON ALL THEIR EARNINGS WHILE ABOVE THAT LEVEL NO 
CONTRIBUTIONS ARE PAID AT ALL. THIS IS AN UNFAIR ANOMALY IN OUR TAX 
STRUCTURE. THE CEILING ON CONTRIBUTIONS WILL THEREFORE BE 
ABOLISHED.     WE WILL TAKE 740,000 TAXPAYERS OUT OF TAXATION 
ALTOGETHER BY INCREASING THE PERSONAL ALLOWANCE AND WIFE'S 
EARNED INCOME ALLOWANCE BY MORE THAN INFLATION. MARRIED 
COUPLES WILL HAVE THE OPTION OF SPLITTING THE MARRIED COUPLE'S 
ALLOWANCE BETWEEN THEM AS THEY CHOOSE.     THE BASIC RATE OF TAX 
WILL REMAIN UNCHANGED AT 25 PER CENT, AS WILL THE 40 PER CENT 
RATE. A NEW TOP RATE INCOME TAX OF 50 PER CENT WILL APPLY TO 
INDIVIDUALS WITH AN INCOME OF AT LEAST £40,000 THIS YEAR.     
LABOUR'S TAX AND BENEFIT CHANGES ARE SELF-FINANCING. THEY ARE 
FAIR. AND THEY WILL MAKE EVERY INDIVIDUAL EMPLOYEE ON EARNINGS 
UP TO AT LEAST £22,000 A YEAR BETTER OFF. 

 WE WILL REFORM DECISION MAKING

BRITAIN URGENTLY NEEDS A BETTER WAY OF MAKING ECONOMIC 
DECISIONS. GOVERNMENT MUST DECIDE AT THE SAME TIME HOW MUCH 
TO SPEND AND HOW TO PAY FOR SPENDING. THE BUDGET SHOULD 
DECIDE BOTH.     EVERY AUTUMN, WE WILL MAKE A STATE OF THE 
NATION REPORT ON THE BRITISH ECONOMY. OUR NATIONAL ECONOMIC 
ASSESSMENT WILL THEN ALLOW EMPLOYERS, TRADE UNIONS AND OTHER 
SOCIAL PARTNERS TO CONSIDER BRITAIN'S COMPETITIVENESS AND THE 
COMPETING CLAIMS ON NATIONAL OUTPUT. THESE CONSIDERATIONS WILL L 
. BE AN IMPORTANT INFLUENCE ON COLLECTIVE BARGAINING.     IN ORDER 
TO PROVIDE HONEST INFORMATION ABOUT THE STATE OF THE BRITISH 
ECONOMY, WE WILL MAKE THE CENTRAL STATISTICAL OFFICE 
INDEPENDENT AND FREE FROM POLITICAL INTERFERENCE.     WE WILL HALT 
THE DETERIORATION WHICH HAS TAKEN PLACE IN THE PAY AND CONDITIONS 
OF MANY PUBLIC SERVICE WORKERS-OFTEN THROUGH PAY SETTLEMENTS 
WHICH HAVE BEEN ARBITRARILY IMPOSED UPON THEM. WE WILL SEEK 
FAIRER AND MORE RATIONAL WAYS OF DETERMINING PUBLIC SECTOR PAY 
WITHIN CLEARLY DEFINED BUDGET LIMITS.
 
 WE WILL CUT UNEMPLOYMENT

 WE ARE DETERMINED TO MAKE A SWIFT REDUCTION IN UNEMPLOYMENT 
AND HAVE EXPLAINED IN OUR NATIONAL RECOVERY PROGRAMME JUST HOW 
THIS WILL BE DONE. IT INCLUDES IMMEDIATE ACTION FOR UNEMPLOYED 
PEOPLE, AS WELL AS DIRECT INVESTMENT-FOR INSTANCE, IN 
CONSTRUCTION-TO CREATE THOUSANDS OF NEW JOBS.
    STEADY AND SUSTAINED ECONOMIC GROWTH WILL GENERATE JOBS THAT 
LAST. BETTER TRAINING WILL HELP PEOPLE GET BACK TO WORK.     
UNEMPLOYMENT MUST BE TACKLED BY THE EUROPEAN COMMUNITY AS 
A WHOLE. WE WILL USE OUR INFLUENCE IN EUROPE TO SECURE THE 
NECESSARY POLICIES FOR CO-ORDINATED GROWTH. 

 WE WILL MODERNISE BRITAIN'S INDUSTRIES

IT IS TIME TO REBUILD BRITAIN'S INDUSTRIAL STRENGTH. FOR LASTING 
RECOVERY, BRITAIN NEEDS A MODERN INDUSTRIAL POLICY DESIGNED TO 
BUILD SKILLS, UPGRADE TECHNOLOGY, ENCOURAGE INDUSTRY IN EVERY 
REGION AND EXPAND EXPORTS.     AN INVESTMENT DECADE FOR BRITAIN 
WILL START WITH THE IMMEDIATE INTRODUCTION OF ENHANCED 
INVESTMENT ALLOWANCES. WE WILL HELP BRITAIN'S HIGH-TECHNOLOGY 
INDUSTRIES WITH A 25 PER CENT TAX CREDIT FOR ADDITIONAL INVESTMENT 
IN RESEARCH AND DEVELOPMENT. SMALL FIRMS WILL BE ASSISTED WITH A 
NEW INVESTMENT SCHEME, COMBINING A CASH-LIMITED FUND FOR NEW 
INVESTMENTS WITH TAX INCENTIVES TAILORED TO THEIR SPECIAL NEEDS.     
BRITAIN'S INDUSTRIAL FUTURE DEPENDS ON TRANSFORMING OUR INVENTIVE 
GENIUS INTO MANUFACTURING STRENGTH. LABOUR WILL WORK WITH 
INDUSTRY TO ESTABLISH BRITISH TECHNOLOGY ENTERPRISE AND CREATE 
TECHNOLOGY TRUSTS THROUGHOUT BRITAIN, BUILDING BRIDGES BETWEEN 
INDUSTRIES AND UNIVERSITIES AND HELPING FIRMS TURN GOOD IDEAS INTO 
COMMERCIAL PRODUCTS. WE WILL ENCOURAGE THE DEVELOPMENT OF THE 
MOST MODERN TELECOMMUNICATIONS NETWORKS.     LABOUR'S 
MINISTER FOR SCIENCE WILL DEVELOP A NATIONAL STRATEGY TO PROMOTE 
HIGH-QUALITY SCIENCE AND TECHNOLOGY, SO THAT BRITAIN CAN BETTER 
ANTICIPATE AND RESPOND TO THE CHALLENGES OF THE FUTURE
    ALL OVER THE WORLD, INDUSTRIES FACE UNPRECEDENTED 
ENVIRONMENTAL CHALLENGES. WE WILL SUPPORT NEW RESEARCH INTO 
ENVIRONMENTALLY FRIENDLY TECHNOLOGIES AND LAUNCH A GREAT 
ENVIRONMENT EXHIBITION TO PUBLICISE AND TO PROMOTE SALES OF THE 
CLEANEST BRITISH TECHNOLOGIES.

WE WILL STRENGTHEN OUR REGIONAL ECONOMIES

WE WILL ESTABLISH NEW REGIONAL DEVELOPMENT AGENCIES IN 
ENGLAND, STRENGTHEN SCOTTISH ENTERPRISE AND THE WELSH 
DEVELOPMENT AGENCY AND MODERNISE REGIONAL INCENTIVES. 
REGIONAL AGENCIES WILL BECOME POWERHOUSES FOR INDUSTRIAL 
DEVELOPMENT, ENCOURAGING INVESTMENT, TECHNOLOGY AND SKILLS. 
THE SCOTTISH PARLIAMENT WILL HAVE A VITAL ROLE IN BUILDING THE 
COMPETITIVE STRENGTH OF THE SCOTTISH ECONOMY. OUR NEW WELSH 
ASSEMBLY WILL ALSO HAVE IMPORTANT ECONOMIC RESPONSIBILITIES .     
LABOUR'S NATIONAL INVESTMENT BANK, OPERATING ON STRICTLY 
COMMERCIAL LINES, WILL BRING PUBLIC AND PRIVATE SECTOR TOGETHER TO 
INVEST IN LONG-TERM REGIONAL AND NATIONAL INFRASTRUCTURE PROJECTS.     
S MALL AND GROWING BUSINESSES WILL HAVE A NEW DEAL. AS WELL AS 
THE LOWEST POSSIBLE INTEREST RATES THEY NEED THE BACKING ON WHICH 
THEIR COMPETITORS CAN RELY IN FRANCE AND GERMANY. LABOUR WILL 
ESTABLISH A NETWORK OF ONE-STOP ADVICE CENTRES PROVIDING THEM 
WITH ACCESS TO HIGH-QUALITY SPECIALIST ASSISTANCE.     WE WILL GIVE 
SPECIAL ATTENTION TO THE ESTABLISHMENT OF SMALL BUSINESSES BY 
WOMEN, AND MEMBERS OF THE ETHNIC MINORITY COMMUNITIES, WHO 
OFTEN FACE DIFFICULTIES RAISING VENTURE CAPITAL.     UNDER THE 
CONSERVATIVES, BRITAIN HAS MOVED FROM MANUFACTURING TRADE 
SURPLUS TO MANUFACTURING TRADE DEFICIT. THE RECENT PRIVATISATION OF 
THE EXPORT CREDIT GUARANTEE DEPARTMENT CAN ONLY DO FURTHER 
DAMAGE. LABOUR WILL CREATE MODERN EXPORT SERVICES FOR THE 
NATION AND THE REGIONS.
 
WE WILL INVEST IN MODERN TRANSPORT

COMMUTERS AND COMPANIES NEED FAST, SAFE TRANSPORT. LABOUR WILL 
ACT TO MAKE SURE THEY GET IT.
    IT IS ABSURD THAT FRENCH RAILWAYS CAN RAISE FUNDS FOR NEW 
INVESTMENT IN THE CITY OF LONDON, WHEN BRITISH RAIL IS NOT 
ALLOWED TO DO SO. WE WILL REMOVE THESE RESTRICTIONS. LEASING 
SCHEMES WILL ALLOW LARGE-SCALE INVESTMENTS TO BE FINANCED AT 
RELATIVELY LITTLE COST TO THE PUBLIC SECTOR BORROWING REQUIREMENT.     
PRIVATE FINANCE WILL ALSO BE MOBILISED FOR A HIGH-SPEED RAIL 
NETWORK WHICH WILL EVENTUALLY LINK EVERY REGION TO THE CHANNEL 
TUNNEL, WITH PROPER ENVIRONMENTAL SAFEGUARDS. 

WE WILL IMPROVE ENERGY SUPPLIES

FAMILIES, COMMERCE AND INDUSTRY NEED HEAT, LIGHT AND POWER AT 
PRICES THEY CAN AFFORD. BRITAIN IS WELL PLACED WITH RESERVES OF 
COAL, OIL AND GAS WHICH MUST BE HUSBANDED IN A NATIONAL ENERGY 
POLICY TO BALANCE THE NEEDS OF THE PRESENT WITH THOSE OF THE 
FUTURE. WE WILL ENCOURAGE ENHANCED RECOVERY OF OIL FROM THE 
NORTH SEA AND AVOID BECOMING TOO DEPENDENT ON IMPORTED FUEL. 
WE WILL MEET OUR INTERNATIONAL OBLIGATIONS TO REDUCE HARMFUL 
CHIMNEY EMISSIONS.     WE WILL RESTORE PUBLIC CONTROL OF THE 
NATIONAL GRID AND GIVE IT NEW DUTIES AND POWERS TO ENSURE THE 
LONG-TERM SECURITY OF ELECTRICITY SUPPLIES. WE WILL SECURE THE 
LONG-TERM FUTURE OF THE COAL INDUSTRY BY REDUCING IMPORTS, 
STOPPING THE 'DASH FOR GAS' AND REINING BACK ON OPEN-CASTING. 
WE WILL RETAIN THE DEPARTMENT OF ENERGY AND MOVE ITS PETROLEUM 
ENGINEERING DIRECTORATE TO ABERDEEN. WE WILL REQUIRE THE ENERGY 
COMPANIES TO INVEST IN R&D, AND ENCOURAGE THE DEVELOPMENT OF 
DEAN-BURN COAL TECHNOLOGY. 

WE WILL INVEST IN PEOPLE AT WORK

THE KEY TO A SUCCESSFUL MODERN ECONOMY IS A WELL-EDUCATED AND 
MOTIVATED WORKFORCE. WE CANNOT COMPETE ON THE BASIS OF LOW 
EDUCATIONAL STANDARDS OR POOR WORKING CONDITIONS. BRITAIN'S 
FUTURE MUST BE HIGH SKILL, HIGH WAGE AND HIGH TECH.     TWO 
THINGS ARE NEEDED: A TRAINING REVOLUTION TO MODERNISE PEOPLE'S 
SKILLS, AND RIGHTS FOR EMPLOYEES TO FAIR TREATMENT AT WORK.     WE 
WILL OFFER UNEMPLOYED PEOPLE A RANGE OF EMPLOYMENT AND 
TRAINING OPPORTUNITIES. OUR AIM IS TO ENSURE THAT ANYONE WHO IS 
UNEMPLOYED FOR MORE THAN SIX MONTHS HAS A CHOICE OF JOB 
EXPERIENCE OR TRAINING. WE WILL ALSO HELP THE PEOPLE OFTEN LEFT OUT 
OF GOOD TRAINING OPPORTUNITIES, INCLUDING THE DISABLED, WOMEN 
RETURNING AFTER CARING FOR CHILDREN, AND THOSE WITH SPECIAL 
EDUCATIONAL NEEDS.     EXPANDED CHILDCARE WILL HELP WOMEN 
RETURN TO WORK AND UNDERTAKE TRAINING. A CRITICAL TASK IS TO 
UPGRADE THE SKILLS OF PEOPLE IN WORK. TRAINING AND ENTERPRISE 
COUNCILS WILL BE RETAINED, REFORMED AND MADE MORE BROADLY 
REPRESENTATIVE OF THEIR LOCAL COMMUNITIES AND GIVEN STABLE 
BUDGETS.     INSTEAD OF THE PRESENT SERIES OF PIECEMEAL INITIATIVES 
WE WILL ESTABLISH A COHERENT NATIONAL TRAINING POLICY TO MEET THE 
NEEDS OF INDUSTRY AND PROVIDE PEOPLE WITH REAL EQUAL 
OPPORTUNITIES AT WORK. ALL EMPLOYERS, EXCEPT FOR VERY SMALL 
BUSINESSES, WILL BE OBLIGED TO INVEST A MINIMUM AMOUNT ON 
TRAINING THEIR WORKFORCE OR MAKE A CONTRIBUTION TO THE LOCAL OR 
NATIONAL TRAINING EFFORT. TRAINING WILL BE A REAL PARTNERSHIP 
BETWEEN GOVERNMENT AND INDUSTRY, NOT AN EXCUSE TO SHIFT ALL THE 
BURDEN ON TO EMPLOYERS.     WE WILL TRANSFORM THE CAREERS 
SERVICE TO MAKE CAREERS ADVICE AVAILABLE TO EVERYONE, YOUNG OR
BRITAIN CANNOT GET THE BEST PERFORMANCE FROM OUR EMPLOYEES BY 
GIVING THEM THE WORST TREATMENT. THERE WILL BE A FAIR FRAMEWORK 
OF LAW FOR BOTH EMPLOYERS AND UNIONS. THERE WILL BE NO RETURN TO 
THE TRADE UNION LEGISLATION OF THE 1970S. BALLOTS BEFORE STRIKES 
AND FOR UNION ELECTIONS WILL STAY. THERE WILL BE NO MASS OR FLYING 
PICKETS. BUT OUR INDIVIDUAL EMPLOYEES ARE ENTITLED TO BE TREATED AT 
LEAST AS FAIRLY AS THEIR COLLEAGUES IN EUROPE. WE WILL OPT IN TO THE 
SOCIAL CHAPTER OF THE NEW EUROPEAN TREATY AND INTRODUCE 
EMPLOYMENT  STANDARDS COMMON IN SUCCESSFUL ECONOMIES, 
INCLUDING THE BEST HEALTH AND SAFETY LEGISLATION. THE EXISTING 
PROTECTION PROVIDED FOR PEOPLE ENGAGED IN ESPECIALLY HAZARDOUS 
WORK WILL BE RETAINED. WOMEN AND MEN MUST BE ABLE TO CARE FOR 
THEIR FAMILY AS WELL AS EARN A LIVING. WE WILL GIVE ALL EMPLOYEES 
EQUAL RIGHTS AND STATUS UNDER THE LAW, WHETHER THEY ARE FULL-TIME 
OR PART-TIME, PERMANENT OR TEMPORARY. WE AIM TO GUARANTEE 
EVERY WOMAN IN EMPLOYMENT THE RIGHT TO 14 WEEKS' MATERNITY 
LEAVE ON FULL PAY, AND TO GIVE FATHERS PATERNITY LEAVE, BRINGING 
BRITAIN INTO LINE WITH THE BETTER PROVISION ELSEWHERE IN THE 
EUROPEAN COMMUNITY. EMPLOYEES WILL HAVE NEW RIGHTS TO BE 
CONSULTED AND INFORMED ABOUT DECISIONS WHICH AFFECT THEM, AS 
WELL AS THE RIGHT TO UNION MEMBERSHIP AND REPRESENTATION. WE 
WILL RESTORE UNION RIGHTS AT GCHQ. ANTI-DISCRIMINATION LAW WILL 
BE STRENGTHENED AND WE WILL CONSIDER AS PART OF THAT LAW 
OUTLAWING DISCRIMINATION IN EMPLOYMENT ON THE GROUNDS OF AGE.     
BRITAIN'S WAGES COUNCILS SET MINIMUM WAGES FOR ABOUT 2.5 
MILLION PEOPLE. BUT THERE IS NO MINIMUM WAGE FOR ALL 
EMPLOYEES. WE WILL END THE SCANDAL OF POVERTY PAY AND BRING 
BRITAIN INTO LINE WITH THE REST OF EUROPE BY INTRODUCING A 
STATUTORY MINIMUM WAGE OF ~3.40 AN HOUR. THIS IS A MAJOR BUT 
LONG OVERDUE REFORM WHICH WILL BENEFIT AROUND FOUR MILLION LOW-
PAID PEOPLE, 80 PER CENT OF WHOM ARE WOMEN. WE WILL CONSULT 
WIDELY TO ENSURE SMOOTH IMPLEMENTATION.
 
WE WILL PROMOTE A STAKE FOR EMPLOYEES

EMPLOYEES SHOULD HAVE THE OPPORTUNITY TO OWN COLLECTIVELY A 
SIGNIFICANT STAKE IN THE COMPANY FOR WHICH THEY WORK, THROUGH A 
DEMOCRATIC EMPLOYEE SHARE OWNERSHIP PLAN (ESOP) OR A CO-
OPERATIVE. WE WILL STRENGTHEN SUPPORT FOR SUCH SCHEMES AND 
CONSULT ABOUT THE POSSIBILITY OF CREATING A NEW TAX INCENTIVE TO 
ENCOURAGE COMPANIES TO ESTABLISH OR EXTEND AN ESOP OR SET UP A 
CO-OPERATIVE.     RECENT PENSION FUND SCANDALS HAVE SHOWN HOW 
RIGHT LABOUR HAS BEEN TO CALL FOR STRONGER LEGAL PROTECTION. WE 
WILL REFORM THE LAW SO THAT PENSION FUNDS BELONG TO THEIR 
MEMBERS, NOT TO EMPLOYERS. HALF OF THE PENSION TRUSTEES WILL BE 
EMPLOYEES, WITH AN INDEPENDENT CHAIRMAN, AND PENSIONERS WILL 
BE REPRESENTED. 

MODERNISING THE NATIONAL HEALTH SERVICE

THIS ELECTION WILL DECIDE THE FUTURE OF THE N H S . I INDEED, IT 
WILL DECIDE WHETHER OR NOT WE CONTINUE TO HAVE A NHS OF THE 
KIND THAT THE BRITISH PEOPLE WANT.     THE CONSERVATIVES WOULD 
CONTINUE TO COMMERCIALISE AND PRIVATISE THE NHS UNTIL IT IS RUN AS 
JUST ANOTHER BUSINESS. WITH LABOUR, IT WILL BE MODERNISED AND 
RESTORED AS A HIGH-QUALITY PUBLIC SERVICE, ACCOUNTABLE TO THE 
COMMUNITY.     LABOUR WILL STOP THE PRIVATISATION OF THE N H S 
AND RETURN OPTED-OUT HOSPITALS AND OTHER SERVICES TO THE LOCAL 
NHS. WE WILL HALT THE COMMERCIAL MARKET WHICH IS CREATING A 
TWO-TIER HEALTH SERVICE. 
OUR COMMITMENT TO THE NHS

FOR A DECADE, THE CONSERVATIVES HAVE PERSISTENTLY UNDERFUNDED 
THE HEALTH SERVICE. IT MAY WELL TAKE AT LEAST THE LIFETIME OF A 
PARLIAMENT TO PUT THINGS RIGHT, BUT LABOUR WILL START IMMEDIATELY. 
INSTEAD OF CUTTING INCOME TAX, WE WILL MAKE ADDITIONAL RESOURCES 
OF AT LEAST FL BILLION AVAILABLE FOR INVESTMENT IN THE NHS OVER THE 
NEXT 22 MONTHS. EACH YEAR THEREAFTER, WE WILL CONTINUE TO TACKLE 
UNDERFUNDING. UNLIKE THE CONSERVATIVES, WE WILL NOT IMPOSE 
ANY NEW HEALTH CHARGES.     LABOUR WILL RECOGNISE THE ADDITIONAL 
CLAIMS ON THE NHS FROM THE GROWING NUMBER OF VERY ELDERLY 
PEOPLE AND THE DEVELOPMENT OF MEDICAL TECHNOLOGY AND 
KNOWLEDGE. WE WILL RETAIN THE PAY REVIEW BODIES. WE WILL NOT 
CHEAT HEALTH AUTHORITIES BY AGREEING PAY AWARDS WHICH ARE NOT 
FULLY FUNDED AND LEAVING MANAGERS TO BRIDGE THE GAP BY CUTTING 
PATIENT CARE. WE WILL INVEST IN THE MODERNISATION OF OUR HOSPITALS 
AND TACKLE THE BACKLOG OF REPAIRS AND MAINTENANCE.     WE WILL 
ALSO LAUNCH A NEW PROGRAMME TO INVEST £60 MILLION IN THE 
MODERNISATION OF BRITAIN'S CANCER SERVICES, USING THE RESOURCES 
WE WILL SAVE BY SCRAPPING THE CONSERVATIVES' TAX HANDOUT ON 
PRIVATE MEDICAL INSURANCE. WITHIN OUR OVERALL BUDGET, WE WILL 
TACKLE THE SHORTAGE OF INTENSIVE CARE BEDS WITH A SPECIAL 
PROGRAMME PROVIDING AN ADDITIONAL £25 MILLION TO EXPAND THIS 
LIFE-SAVING SERVICE. 

A HEALTHY BRITAIN

LABOUR WILL LAUNCH A NATIONAL HEALTH INITIATIVE TO PROMOTE 
PHYSICAL AND MENTAL HEALTH FROM BIRTH TO OLD AGE. THIS INITIATIVE 
WILL BE LED BY THE DEPARTMENT OF HEALTH AND COMMUNITY CARE 
AND BY A NEW CABINET COMMITTEE THAT WILL CUT THROUGH 
DEPARTMENTAL BOUNDARIES.     WE WILL SET NEW TARGETS TO CUT THE 
INEQUALITIES IN HEALTH BETWEEN SOCIAL CLASSES AND ETHNIC GROUPS. 
OUR HEALTH INITIATIVE WILL SET TARGETS FOR BETTER HEALTH, BACKED BY 
EFFECTIVE ACTION. WE WILL, FOR INSTANCE:

STRENGTHEN SCREENING BY RESTORING THE FREE EYE TEST
• CUT CANCER BY BANNING TOBACCO ADVERTISING;
• ENCOURAGE HEALTHY DIETS BY INTRODUCING CLEARER FOOD LABELLING;
• PROMOTE HEALTH AT WORK BY CREATING A MODERN OCCUPATIONAL 
HEALTH SERVICE WITHIN THE NHS.
    GPS HAVE A VITAL ROLE TO PLAY IN HEALTH PROMOTION. WE WILL 
INCREASE THE TIME THEY HAVE FOR EACH PATIENT BY REVERSING THE 
FINANCIAL PRESSURES TO TAKE ON TOO MANY PATIENTS. WE WILL MAKE 
SURE EVERY COMMUNITY HAS ACCESS TO DENTISTS, WITH THE RESOURCES 
TO PROVIDE FULL NHS COVER, AND WE WILL RESTORE THE FREE DENTAL 
CHECK.     BY IMPROVING FAMILY PLANNING SERVICES, WE WILL REDUCE 
UNWANTED PREGNANCIES AND HELP ACHIEVE OUR TARGET OF CUTTING THE 
NUMBER OF ABORTIONS BY AT LEAST A QUARTER. WE WILL ENSURE THAT 
ACCESS TO ABORTION IS EQUALLY AVAILABLE IN EVERY REGION. 
A MODERN NHS

WE WILL CREATE A MODERN, EFFICIENT NHS WITH INCENTIVES TO 
IMPROVE PERFORMANCE-BUT WITHOUT THE QUEUE-JUMPING AND 
WASTE CREATED BY A MARKET IN HEALTH CARE.     WE WILL PROVIDE 
MORE SERVICES THROUGH LOCAL HEALTH CENTRES AND OTHER COMMUNITY 
SETTINGS. WE WILL GIVE GPS THE POWER TO INSIST ON IMPROVEMENTS 
IN SERVICE TO ALL THE PATIENTS IN A NEIGHBOURHOOD.     WE WILL GIVE 
THE OUTCOME OF TREATMENT THE SAME IMPORTANCE AS THE THROUGHPUT 
OF TREATMENT. OUR NEW HEALTH QUALITY COMMISSION WILL MONITOR 
THE QUALITY OF CARE AND RAISE STANDARDS.     THE CONTINUING CARE OF 
VERY ELDERLY AND CHRONICALLY SICK PATIENTS WILL BE A HIGHER 
PRIORITY. WE WILL HALT THE REDUCTION IN NHS SERVICES FOR LONG-
TERM CARE AND COMMUNITY HEALTH SERVICES WHICH SUPPORT ELDERLY 
AND DISABLED PATIENTS AT HOME.     TO ACHIEVE THIS CHANGE OF 
DIRECTION, WE WILL NEGOTIATE PERFORMANCE AGREEMENTS WITH EACH 
HEALTH AUTHORITY AND BACK THEM WITH AN INCENTIVE FUND TO REWARD 
AUTHORITIES WHICH PERFORM WELL. THESE AGREEMENTS WILL SET LOCAL 
TARGETS WHICH REFLECT LOCAL PRIORITIES, FOR INSTANCE, TO CUT WAITING 
LISTS OR SWITCH MENTAL HEALTH SERVICES INTO THE COMMUNITY. 
HOSPITAL MANAGERS, WHO WILL BE ACCOUNTABLE FOR MEETING THEIR 
TARGETS, WILL OTHERWISE BE GIVEN MAXIMUM FREEDOM OF DECISION 
MAKING.     WE WILL CREATE NEW COMMUNITY HEALTH AUTHORITIES, 
REPRESENTATIVE OF LOCAL PEOPLE, WHICH BRING TOGETHER BOTH GP 
SERVICES AND HOSPITAL CARE. 
A FIRST-CLASS SERVICE TO PATIENTS

IN LABOUR'S HEALTH SERVICE, POWER WILL BELONG TO PATIENTS, NOT 
ACCOUNTANTS. WE WILL RESTORE THE RIGHT OF PATIENTS TO BE TREATED IN 
THE HOSPITAL OF THEIR CHOICE. WOMEN WILL HAVE THE RIGHT TO BE SEEN 
BY A WOMAN GP AND WE WILL ENCOURAGE THE DEVELOPMENT OF WELL 
WOMEN CLINICS. ETHNIC MINORITIES WILL HAVE THE RIGHT TO OBTAIN THE 
DIET REQUIRED BY THEIR RELIGIOUS BELIEFS. WE WILL SET FOUR NEW 
STANDARDS FOR A BETTER SERVICE TO:
• CUT CANCELLED OPERATIONS
• IMPROVE CLEANLINESS IN HOSPITALS;
• MAKE IT EASIER TO PHONE FOR AN AMBULANCE;
• INCREASE EARLY ADMISSIONS FROM WAITING LISTS.
    AS PART OF OUR COMMITMENT TO A QUALITY SERVICE TO PATIENTS, WE 
WILL END COMPULSORY COMPETITIVE TENDERING FOR HOSPITAL SUPPORT 
SERVICES, WHICH HAS DRIVEN DOWN STANDARDS OF CLEANLINESS AND 
CATERING.     WE WILL INVEST £25 MILLION FROM WITHIN OUR OVERALL 
BUDGET TO PURCHASE SEVERAL HUNDRED MORE NEW, FULLY EQUIPPED 
AMBULANCES. 
A COMMUNITY SERVICE

LABOUR WILL EXPAND THE SERVICES WHICH ELDERLY PEOPLE AND THEIR 
CARERS NEED FOR LONG-TERM SUPPORT IN THE COMMUNITY, SUCH AS 
HOME HELPS, CARE ASSISTANTS AND COMMUNITY SERVICES. OUR 
DEPARTMENT OF HEALTH AND COMMUNITY CARE, WITH A NEW MINISTER 
OF STATE FOR COMMUNITY CARE, WILL DEVELOP A HIGH QUALITY 
PROGRAMME OF COMMUNITY CARE WHICH RESPONDS TO WHAT USERS 
WANT.     WE WILL INTRODUCE A NEW EARMARKED GRANT FOR 
COMMUNITY CARE WHICH WILL SUPPORT THE WORK OF LABOUR COUNCILS 
IN PROVIDING CARE FOR PEOPLE AT HOME, AND OBLIGE CONSERVATIVE 
COUNCILS TO USE THE GRANT TO IMPROVE THOSE SERVICES. WE WILL END 
THE PRESSURE ON COUNCILS TO PRIVATISE THEIR RESIDENTIAL HOMES BY 
PROVIDING FUNDING FOR LOCAL AUTHORITIES EQUIVALENT TO THE BENEFITS 
PAID TO PRIVATE HOMES.     WE WILL INSIST THAT THE FIRST CALL ON 
INCOME FROM THE SALE OF MENTAL HEALTH HOSPITALS IS THE PROVISION 
OF BETTER ACCOMMODATION AND SERVICES IN THE COMMUNITY FOR 
MENTAL HEALTH USERS AND PEOPLE WITH LEARNING DISABILITIES. WE WILL 
END THE NEGLECT THAT HAS ALLOWED SOME FORMER PATIENTS TO END UP 
SLEEPING ROUGH AND LED TO OTHERS BEING PLACED ON REMAND. 
LABOUR WILL ENSURE THAT THESE SERVICES ARE IN PLACE BEFORE PATIENTS 
WHO WILL BENEFIT FROM LIFE IN THE COMMUNITY ARE TRANSFERRED OUT 
OF LONG-TERM HOSPITAL CARE.
 
RAISING STANDARDS IN OUR SCHOOLS

GOOD EDUCATION IS THE BEST INVESTMENT IN BRITAIN'S FUTURE. ALL 
GIRLS AND BOYS, FROM EVERY BACKGROUND, MUST BE ABLE TO DISCOVER 
THEIR TALENTS AND FULFIL THEIR POTENTIAL.     WE WANT EVERY CHILD TO 
GET QUALIFICATIONS THAT COUNT. WE NEED SAFE, DISCIPLINED SCHOOLS, 
WHERE PROFESSIONAL TEACHERS WORK CLOSELY WITH PARENTS. LEARNING 
MUST BECOME A LIFETIME OPPORTUNITY, WITH NEW CHANCES TO UPDATE 
SKILLS AT WORK. 
THAT IS OUR VISION OF A WELL-EDUCATED BRITAIN.
    BUT, UNDER THE CONSERVATIVES, BRITAIN TODAY INVESTS A SMALLER 
SHARE OF OUR NATIONAL WEALTH IN EDUCATION THAN IN 1979. MORE AND 
MORE PARENTS ARE NOW BEING FORCED TO PAY FOR ESSENTIALS IN A 
SYSTEM WHICH SHOULD BE FREE.     LABOUR WILL MODERNISE BRITAIN'S 
SCHOOLS. OVER THE NEXT 22 MONTHS, ADDITIONAL RESOURCES OF AT 
LEAST £600 MILLION WILL BE MADE AVAILABLE FOR INVESTMENT IN 
EDUCATION. WE WILL THEN CONTINUE STEADILY TO INCREASE THE SHARE OF 
BRITAIN'S NATIONAL WEALTH INVESTED IN EDUCATION. 
WE WILL OFFER NURSERY EDUCATION TO THREE AND FOUR YEAR OLDS

BY THE END OF THE DECADE, ALL THREE AND FOUR YEAR OLDS WILL HAVE 
THE OPPORTUNITY OF NURSERY EDUCATION IF THEIR PARENTS SO WISH.     
WITHIN SIX MONTHS, EVERY LOCAL EDUCATION AUTHORITY WILL HAVE TO 
SET TARGETS FOR STEADILY INCREASING NURSERY AND CHILDCARE SERVICES. 
CHILDHOOD PARTNERSHIPS BETWEEN COUNCILS, PARENTS SCHOOLS. 
LOCAL BUSINESSES AND COMMUNITY GROUPS WILL HELP EXTEND A WIDE 
RANGE OF CHILDCARE AND NURSERY EDUCATION SERVICES.     THE 
IMMEDIATE INVESTMENT IN CHILDCARE DESCRIBED EARLIER IS ONLY THE 
BEGINNING. OUR MINISTRY FOR WOMEN WILL HAVE A CENTRAL ROLE IN 
HELPING TO DEVELOP A NATIONWIDE CHILDCARE STRATEGY, INCLUDING 
OUT-OF-SCHOOL AND HOLIDAY PROVISION AS WELL AS CARE FOR YOUNGER 
CHILDREN.
 
WE WILL RAISE STANDARDS IN OUR SCHOOLS

BY INVESTING IN BETTER TEACHING, SMALLER CLASSES AND MODEM 
BOOKS AND EQUIPMENT, WE WILL RAISE EDUCATION STANDARDS.     
TEACHERS WILL BE GUARANTEED A PROPER SALARY AND CAREER STRUCTURE. 
A GENERAL TEACHING COUNCIL FOR ENGLAND AND WALES WILL HELP THEM 
ACHIEVE THE HIGHEST PROFESSIONAL STANDARDS. HIGHER QUALITY 
TRAINING WILL BE FOLLOWED BY PROPER SUPPORT FOR NEWLY QUALIFIED 
TEACHERS. A NATIONAL IN-SERVICE TRAINING PROGRAMME WILL ENSURE 
THAT ALL TEACHERS ARE FULLY QUALIFIED IN THE SUBJECT THEY ARE 
TEACHING.     WITHIN 12 MONTHS, WE WILL END THE SCANDAL OF 
PRIMARY SCHOOL CLASSES OF OVER 40 CHILDREN. WE WILL THEN 
ESTABLISH AND STEADILY REDUCE MAXIMUM LIMITS ON CLASS SIZES, 
UNTIL NO PRIMARY SCHOOL CHILD IS TAUGHT IN A CLASS OF MORE THAN 
30.     TO MAKE SURE THAT CHILDREN ARE READING BY THE AGE OF 
SEVEN, WE WILL CREATE A NATIONAL READING STANDARDS PROGRAMME, 
WITH A NATIONAL READING RECOVERY PROGRAMME TO HELP THOSE IN 
DIFFICULTY. £20 MILLION WILL BE INVESTED IN READING RECOVERY IN THE 
FIRST YEAR. NATIONAL TESTS MUST PROVIDE THE INFORMATION NEEDED TO 
HELP PUPILS, AND TO JUDGE SCHOOLS' EFFECTIVENESS, WITHOUT 
WASTING GOOD TEACHING TIME. CHILDREN WITH SPECIAL NEEDS OR 
SPECIAL ABILITIES WILL RECEIVE THE EXTRA ATTENTION THEY DESERVE.     
NINE OUT OF 10 SECONDARY SCHOOL CHILDREN ARE IN COMPREHENSIVE 
SCHOOLS. WE WILL END SELECTION AT 11 WHERE IT STILL EXISTS. WE WILL 
INTRODUCE A FAIRER SYSTEM FOR ALL SCHOOL REORGANISATIONS, WITH 
INDEPENDENT PUBLIC ENQUIRIES. WE WILL PHASE OUT THE ASSISTED 
PLACES SCHEME (WITHOUT AFFECTING PUPILS CURRENTLY ON A PLACE, OR 
OFFERED ONE FROM SEPTEMBER 1992) AND REDIRECT THE SAVINGS TO 
MEET WIDER EDUCATIONAL NEEDS.     BECAUSE THE NATIONAL 
CURRICULUM CANNOT BE PROPERLY TAUGHT WITHOUT NEW TEXTBOOKS, WE 
WILL EARMARK FUNDS FOR CLASS AND LIBRARY BOOKS. EVERY CHILD 
NEEDS A GOOD GROUNDING IN SCIENCE AND TECHNOLOGY. WE WILL 
INTRODUCE A PROGRAMME TO IMPROVE EQUIPMENT AND LABORATORIES. 
WE WILL START TO TACKLE THE BACKLOG OF SCHOOL REPAIRS. FOR 
INSTANCE, WE WILL INVEST £30 MILLION TO ENSURE THAT WITHIN 12 
MONTHS, NO CHILD HAS TO USE AN OUTSIDE LAVATORY. 
GUARANTEED STANDARDS

CONSERVATIVE PLANS TO PRIVATISE THE SCHOOLS' INSPECTORATE WILL BE 
SCRAPPED. OUR EDUCATION STANDARDS 
COMMISSION,TOGETHERWITHHERMAJESTY'SLNSPECTORS,WILLMONITORTHE
PERFORMANCEOFEVERYSCHOOL. IF A SCHOOL IS UNDER-PERFORMING, THE 
COMMISSION, WHICH WILL BE ANSWERABLE TO PARLIAMENT, WILL HAVE 
THE POWERS TO ENSURE THAT IT IS BROUGHT UP TO STANDARD.     
NATIONAL AWARDS, SIMILAR TO THE QUEEN'S AWARD FOR INDUSTRY, 
WILL ENCOURAGE EXCELLENCE IN SCHOOLS.     WE WILL REFORM THE 
CONSERVATIVES' SCHEME FOR THE LOCAL MANAGEMENT OF SCHOOLS. ALL 
SCHOOLS WILL BE FREE TO MANAGE THEIR DAY-TO-DAY BUDGETS, WITH 
LOCAL EDUCATION AUTHORITIES GIVEN A NEW STRATEGIC ROLE. OPTED-OUT 
SCHOOLS WILL BE FREED FROM CENTRAL GOVERNMENT CONTROL AND 
BROUGHT TOGETHER WITH CITY TECHNOLOGY COLLEGES INTO THE 
MAINSTREAM OF THE LOCAL SCHOOL SYSTEM.
 
NEW RIGHTS FOR PARENTS

WE WILL REFORM THE CONSERVATIVES' SCHEME FOR THE LOCAL 
MANAGEMENT OF SCHOOLS. ALL SCHOOLS WILL BE FREE TO MANAGE THEIR 
DAY-TO-DAY BUDGETS, WITH LOCAL EDUCATION AUTHORITIES GIVEN A NEW 
STRATEGIC ROLE. OPTED-OUT SCHOOLS WILL BE FREED FROM CENTRAL 
GOVERNMENT CONTROL AND BROUGHT TOGETHER WITH CITY TECHNOLOGY 
COLLEGES INTO THE MAINSTREAM OF THE LOCAL SCHOOL SYSTEM.     
HOME-SCHOOL CONTRACTS WILL TELL PARENTS EXACTLY WHAT THE SCHOOL 
UNDERTAKES TO DELIVER AND WHAT THEIR RESPONSIBILITIES ARE. IF THEY 
ARE DISSATISFIED WITH THE SCHOOL OR EDUCATION AUTHORITY, THEY WILL 
BE ABLE TO CALL IN THE EDUCATION STANDARDS COMMISSION AND GET 
ACTION TAKEN.     WE WISH TO SEE THE KEY ROLE OF CHURCH AND OTHER 
VOLUNTARY-AIDED SCHOOLS SECURED AND AVAILABLE
EQUALLY AND ON THE SAME CRITERIA TO ALL RELIGIONS. 
WE WILL MODERNISE THE CURRICULUM

LABOUR WILL MODERNISE THE NATIONAL CURRICULUM AND APPLY IT IN ALL 
SCHOOLS. FROM THE AGE OF 14 PUPILS WILL STUDY FIVE ESSENTIAL 
SUBJECTS: ENGLISH, MATHEMATICS, SCIENCE, A MODERN LANGUAGE AND 
TECHNOLOGY. IN SCHOOLS TEACHING IN WELSH, THE STUDY OF WELSH 
WILL BE INCLUDED. EVERY PUPIL WILL ALSO BE OFFERED A WIDE RANGE 
OF ACADEMIC, TECHNICAL AND OTHER OPTIONS.     TAKING ACCOUNT OF 
THE VIEWS OF PARENTS, EMPLOYERS, TEACHERS, PUPILS AND THE 
RECOMMENDATIONS OF THE HIGGINSON REPORT, WE WILL ESTABLISH A 
FIVE-SUBJECT A LEVEL AND BRING IT TOGETHER WITH TECHNICAL 
QUALIFICATIONS INTO OUR NEW ADVANCED CERTIFICATE. OPEN TO PART-
TIME AND FULL-TIME STUDENTS OF ANY AGE, IT WILL INCLUDE 'CREDITS' 
WHICH CAN BE TRANSFERRED BETWEEN DIFFERENT INSTITUTIONS. WE WILL 
CONSULT WIDELY ABOUT THE DETAILED STRUCTURE OF THIS NEW 
QUALIFICATION, AND FINALISE PROPOSALS QUICKLY.     YOUNG PEOPLE 
MUST HAVE REAL OPPORTUNITIES TO WIDEN THEIR EXPERIENCE AND SKILLS. 
SIXTEEN YEAR OLDS NOT IN FULL-TIME EDUCATION WILL BE ENTITLED TO A 
NEW TRAINEESHIP LASTING FOR UP TO TWO YEARS, WITH 
ANOPTIONOFAFURTHERTWOYEARS. 
EVERYYOUNGPERSONINEMPLOYMENTWILLBEGUARANTEEDTHERIGHTTO 
'LEARN WHILE YOU EARN'. 
LABOUR'S EDUCATION TARGETS

WE HAVE SET OURSELVES FOUR EDUCATION TARGETS. THEY ARE THE BASIS 
FOR OUR STRATEGY AND THE BENCHMARK AGAINST WHICH PROGRESS WILL 
BE JUDGED. FIRST, A NURSERY EDUCATION FOR ALL THREE AND FOUR YEAR 
OLDS WHOSE PARENTS WISH, BY THE YEAR 2000 .     SECOND, WITHIN 
FIVE YEARS, WE WANT FOUR OUT OF FIVE 16 TO 18 YEAR OLDS TO BE ABLE 
TO ACHIEVE AT LEAST FIVE GCSES AT GRADES A, B OR C, OR THEIR 
EQUIVALENT.     THIRD, BY THE END OF THE DECADE, WE WANT HALF OF 
BRITAIN'S 16 TO 19 YEAR OLDS TO BE ABLE TO QUALIFY AT THE NEW 
ADVANCED CERTIFICATE LEVEL A LEVELS OR THE EQUIVALENT IN BTEC AND 
OTHER POST-16 OPPORTUNITIES FOR STUDY.     FOURTH, WITHIN 20 
YEARS, WE WILL DOUBLE THE NUMBER OF STUDENTS IN HIGHER 
EDUCATION, WITH AT LEAST ONE IN THREE YOUNG ADULTS PARTICIPATING BY 
THE YEAR 2000.     THE STUDENT LOAN SCHEME DETERS MANY BRIGHT 
YOUNGSTERS FROM POOR FAMILIES. WE WILL REPLACE IT WITH A FAIRER 
SYSTEM OF STUDENT GRANTS AND TARGETED HELP FOR HOUSING AND 
VACATION HARDSHIP. WE WILL TAKE EFFECTIVE STEPS TO SAFEGUARD 
STANDARDS THROUGHOUT HIGHER EDUCATION.     WE WILL STOP THE 
CONSERVATIVES' ADULT EDUCATION CUTS AND ENCOURAGE LOCAL 
AUTHORITIES TO DEVELOP ADULT AND COMMUNITY EDUCATION AND ACCESS 
COURSES, PARTICULARLY FOR MATURE STUDENTS. PEOPLE OVER 50 WHO 
MISSED EARLIER OPPORTUNITIES WILL BE ABLE TO APPLY FOR A 'RETURN TO 
LEARN' GRANT TOWARDS FURTHER OR HIGHER EDUCATION. 
THE BEST FUTURE FOR FAMILIES AND COMMUNITIES

BRITAIN'S FAMILIES DESERVE THE SUPPORT WHICH FAMILIES RECEIVE IN 
OTHER EUROPEAN COUNTRIES. WE WILL CREATE A NEW SENSE OF 
COMMUNITY AND SOCIAL COHESION. 
WE WILL MAKE ~AMILIES BETTER O~

AS WE EXPLAINED EARLIER, WE WILL INCREASE CHILD BENEFIT FOR SEVEN 
MILLION FAMILIES. HIGHER PENSIONS AND RELATED BENEFITS WILL 
BENEFIT ANOTHER 12 MILLION PEOPLE. WE WILL REFORM THE TAX AND 
NATIONAL INSURANCE SYSTEM, AND TAKE 740,000 LOW-PAID PEOPLE 
OUT OF TAX. AFTER THE FIRST YEAR'S EXTRA INCREASES WE WILL RESTORE 
THE LINK BETWEEN INCREASES IN THE BASIC PENSION AND PRICES OR 
EARNINGS, WHICHEVER IS HIGHER.     BRITAIN'S NATIONAL INSURANCE 
SYSTEM IS FAR MORE EFFICIENT THAN PRIVATE INSURANCE. WE WILL OPEN 
IT UP TO NEW GROUPS SUCH AS LOW-PAID AND PART-TIME WORKERS.     
LABOUR WILL END THE CONSERVATIVES' FREEZE ON BENEFITS FOR 
WIDOWED MOTHERS AND OTHER LONE PARENTS. WE WILL ENCOURAGE 
PARENTS ON INCOME SUPPORT TO CLAIM MAINTENANCE BY ALLOWING 
THEM TO KEEP PART OF IT BEFORE BENEFIT IS CUT.     WE WILL RESTORE 
NUTRITIONAL GUIDELINES FOR SCHOOL MEALS AND REVERSE THE CUTS IN 
FREE SCHOOL MEALS AS SOON AS POSSIBLE.     WE WILL REFORM 
BENEFITS FOR PEOPLE WITH DISABILITIES AND MAKE IT EASIER FOR THOSE 
AVAILABLE FOR WORK TO TAKE EMPLOYMENT. AS RESOURCES ALLOW, WE 
WILL IMPROVE AND EXTEND INVALID CARE ALLOWANCE.     LABOUR WILL 
DEVELOP A FLEXIBLE DECADE OF RETIREMENT BETWEEN THE AGES OF 60 
AND 70, SO THAT MEN AND WOMEN CAN CHOOSE TO RETIRE ON A FULL 
PENSION OR CONTINUE IN WORK WITHOUT DISCRIMINATION .     OUR NEW 
NATIONAL PENSIONS PLAN, BUILDING ON THE STATE EARNINGS RELATED 
PENSION SCHEME, WILL OFFER PEOPLE NOW IN WORK A PENSION BASED 
ON THEIR 20 BEST YEARS' EARNINGS. THOSE WHO ARE SELF EMPLOYED 
WILL ALSO BE ABLE TO JOIN. OCCUPATIONAL AND PERSONAL PENSION 
SCHEMES WILL HAVE TO GUARANTEE A MINIMUM PENSION BEFORE THEY 
CAN CONTRACT OUT, AND GUARANTEE EQUAL TREATMENT FOR MEN AND 
WOMEN.     WE WILL REFORM MEANS-TESTED BENEFITS, REPLACE THE 
SOCIAL FUND, AND RESTORE BENEFIT RIGHTS TO 16 AND 17 YEAR OLDS AS 
SOON AS POSSIBLE. TO RELIEVE ANXIETY ABOUT FUNERAL COSTS, WE WILL 
INTRODUCE A FUNERAL PAYMENT OF E600, AVAILABLE ON REQUEST. THE 
COSTS WILL IN MOST CASES BE RECOVERED FROM THE DECEASED'S ESTATE, 
ALTHOU~H SMALL ESTATES WILL BE DISREGARDED. 
WE WILL ABOLISH THE POLL TAX
LABOUR WILL ABOLISH THE POLL TAX IMMEDIATELY. WE WILL REPLACE IT 
WITH OUR FAIR RATES SYSTEM, RELATED TO PEOPLE'S ABILITY TO PAY. WE 
REJECT THE CONSERVATIVES' UNFAIR BANDING AND DISCOUNT SYSTEM, 
WHICH WOULD CREATE A PROPERTY POLL TAX. WE WILL MODERNISE THE 
VALUATION SYSTEM TO ENSURE THAT PROPERTIES ARE FAIRLY ASSESSED.     
ABOLITION OF THE MINIMUM 20 PER CENT CONTRIBUTION-WHICH WILL 
BE OF PARTICULAR HELP TO YOUNG PEOPLE-WILL BE FOLLOWED BY AN 
IMPROVED REBATE SYSTEM, WITH SPECIAL HELP TO RETIRED PEOPLE ON 
LOW INCOMES LIVING ALONE. BUSINESS RATES WILL BECOME A LOCAL TAX 
AGAIN, WITH RATE REBATES FOR SMALL FIRMS. 
PEOPLE NEED DECENT HOMES
LABOUR WILL ESTABLISH MORTGAGE RESCUE SCHEMES THROUGHOUT THE 
COUNTRY, ENABLING HOME BUYERS TO REMAIN AS TENANTS OR PART-
OWNERS. MORTGAGE INTEREST TAX RELIEF WILL CONTINUE AT THE PRESENT 
RATE. WE WILL SEEK NEW ARRANGEMENTS TO ENABLE FIRST-TIME BUYERS 
TO CONCENTRATE RELIEF IN THE EARLY YEARS. HOUSING LOG BOOKS AND 
AN END TO GAZUMPING WILL ALSO HELP HOME BUYERS. WE WILL ALSO 
ENSURE THAT HOME-BUYERS RECEIVE PROPER ADVICE ABOUT THE 
POTENTIAL COST OF THEIR MORTGAGES IN FUTURE YEARS.     COUNCILS AND 
HOUSING ASSOCIATIONS WILL BE ALLOWED TO LEASE OR BUY EMPTY 
HOMES IN ORDER TO PROVIDE ACCOMMODATION FOR HOMELESS PEOPLE. 
HOMES LEFT EMPTY WITHOUT GOOD REASON BY ANY PUBLIC AUTHORITY 
WILL BE TRANSFERRED TO A BETTER SOCIAL LANDLORD.     WE WILL RESTORE 
HOUSING BENEFIT TO PEOPLE UNDER 18 AND PROVIDE MORE REFUGES FOR 
WOMEN ESCAPING DOMESTIC VIOLENCE.     LABOUR WILL KEEP THE 
RIGHT TO BUY. WE WILL INCREASE THE NUMBER OF HOMES FOR RENT BY 
ESTABLISHING A HOUSING BANK TO FACILITATE THE BALANCED USE OF 
COUNCILS' CAPITAL RECEIPTS AND OFFER INVESTMENT CAPITAL AT ATTRACTIVE 
RATES OF INTEREST. TENANTS WILL BE OFFERED THE OPTION TO 'PART RENT, 
PART BUY'. STEPS WILL BE TAKEN TO IMPROVE SUB-STANDARD HOUSING.     
COUNCIL TENANTS WILL BE GUARANTEED REAL RIGHTS OVER THEIR HOMES. 
COUNCILS WILL SET RENTS AT A REASONABLE LEVEL, REFLECTING INCOME 
LEVELS IN THE DIFFERENT REGIONS AND LOCALITIES. WE WILL ELIMINATE 
RACIAL DISCRIMINATION IN HOUSING ALLOCATION AND IMPROVE SAFETY ON 
ESTATES.     IN THE PRIVATE SECTOR THERE IS A NEED BOTH FOR HOMES AT 
MARKET RENTS AND THOSE WHERE RENTS ARE REGULATED AND HOUSING 
BENEFIT PAYABLE. WE WILL CONSULT FULLY BEFORE INTRODUCING 
REFORMS AND WILL NOT LEGISLATE RETROSPECTIVELY.     ALL TENANTS MUST 
BE PROTECTED AGAINST NOISE, NUISANCE, HARASSMENT AND SHODDY 
SERVICE.     LEASEHOLDERS WILL HAVE NEW RIGHTS. EITHER TO EXTEND 
THEIR LEASE, OR COLLECTIVELY BUY THE FREEHOLD OF THEIR PROPERTY FROM 
NON-RESIDENT FREEHOLDERS. 
WE WILL PROTECT PEOPLE AGAINST CRIME
CRIME IN BRITAIN HAS MORE THAN DOUBLED SINCE 1979. OVER FIVE 
MILLION CRIMES WERE RECORDED LAST YEAR, BUT THE REAL TOTAL IS 
CERTAINLY HIGHER. LABOUR WILL INSIST THAT LOCAL COUNCILS WORK WITH 
THE POLICE TO IMPROVE CRIME PREVENTION BY:
• MODERNISING VULNERABLE ESTATES;
• IMPROVING STREET LIGHTING;
• DEMOLISHING DERELICT BUILDINGS;
• FENCING OFF WASTE LAND.
    PLANNING APPLICATIONS WILL BE EXAMINED AGAINST CRIME 
PREVENTION CRITERIA. THE SALE OF REPLICA GUNS WILL BE BANNED.     
ELECTED POLICE AUTHORITIES WILL USE THE EXTRA RESOURCES AVAILABLE 
FOR THE WAR AGAINST CRIME TO ENSURE THAT MORE POLICE OF FICERS ARE 
VISIBLE ON THE BEAT, BACKED UP BY THE MODERN TECHNOLOGY WHICH 
IS ESSENTIAL TO CRIME PREVENTION AND DETECTION.     WE WILL 
IMPLEMENT THE RECOMMENDATIONS OF THE WOOLF REPORT TO IMPROVE 
PRISON CONDITIONS. PRISON MUST OFFER TRAINING FOR EMPLOYMENT, 
NOT FOR CRIME. WE WILL PROMOTE NON-CUSTODIAL SENTENCES FOR NON-
VIOLENT CRIMES AND TAKE STEPS TO ERADICATE THE DISCRIMINATION IN 
SENTENCING POLICY WHICH PARTICULARLY AFFECTS WOMEN AND ETHNIC 
MINORITY OFFENDERS. 
PEOPLE HAVE A RIGHT TO FIRST-CLASS SERVICES
WE WILL DEVELOP CUSTOMER CONTRACTS FOR LOCAL SERVICES, ALONG THE 
LINES PIONEERED BY LABOUR AUTHORITIES. LOCAL COMMUNITIES WILL 
HELP DESIGN SERVICES TO MEET THEIR NEEDS, WITH VOLUNTARY GROUPS 
PLAYING A KEY ROLE IN DELIVERING SERVICES.     OUR NEW QUALITY 
COMMISSION, INCORPORATING THE WORK OF THE AUDIT COMMISSION. 
WILL ENSURE COUNCILS PROVIDE HIGH-QUALITY, VALUE-FOR-MONEY 
SERVICES, WITH DEAR AVENUES FOR COMPLAINT AND REDRESS. WE WILL 
NOT TOLERATE SHODDY SERVICE, INEFFICIENCY OR WASTE. COUNCILS WILL 
HAVE TO CARRY OUT AN ANNUAL SURVEY OF CUSTOMER SATISFACTION, 
PUBLISHED JUST BEFORE LOCAL ELECTIONS.     THE CONTRACTS OF CHIEF OF 
FICERS WILL BE LINKED TO QUALITY TARGETS, WITH SENIOR MANAGERS 
REQUIRED TO SAMPLE THE SERVICE THEY PROVIDE. COMPULSORY 
COMPETITIVE TENDERING WILL BE ABOLISHED, BUT THE QUALITY 
COMMISSION WILL HAVE THE POWER, WHERE SERVICES HAVE BROKEN 
DOWN, TO INSIST THAT THEY ARE PUT OUT TO TENDER, WITH CONTRACTORS 
REQUIRED TO MEET CONDITIONS SUCH AS QUALITY THRESHOLDS AND FAIR 
EMPLOYMENT.     LOCAL PLANNING MUST REFLECT WHAT PEOPLE, NOT 
DEVELOPERS, WANT. THE CONSERVATIVES' BONFIRE OF


PLANNING CONTROLS HAS LED TO ILL-THOUGHT OUT DEVELOPMENT, OFTEN 
AGAINST THE WISHES OF LOCAL PEOPLE. LABOUR WILL GIVE PEOPLE MORE 
SAY IN DRAWING UP PLANS FOR THEIR AREA AND CREATE A NEW RIGHT OF 
APPEAL FOR RESIDENTS AGAINST DEVELOPMENTS WHICH FLY IN THE FACE 
OF THEIR LOCAL PLAN. BENEFICIAL DEVELOPMENT WILL BE SPEEDED UP, 
DAMAGING DEVELOPMENT CHECKED AND THE GREEN BELT SAFEGUARDED 
WE WILL REVERSE THE PRESENT PLANNING PRESUMPTION IN FAVOUR OF 
OPENCAST COAL MINING AND GIVE TOP PRIORITY TO LOCAL PEOPLE AND 
THEIR ENVIRONMENT. 
COUNCILS MUST BE ACCOUNTABLE TO LOC8L PEOPLE

WE SHALL INTRODUCE ANNUAL ELECTIONS IN ENGLAND AND WALES, WITH 
ONE THIRD OF COUNCILLORS ELECTED EACH YEAR. COUNCILLORS MUST GET 
PROPER SUPPORT, TO ENSURE THAT THEY ARE DRAWN FROM ALL PARTS OF 
THE COMMUNITY AND ARE NOT FINANCIALLY DISADVANTAGED.     LABOUR 
WILL SIGN THE EUROPEAN CHARTER OF LOCAL SELF GOVERNMENT AND GIVE 
LOCAL COUNCILS A GENERAL POWER OF COMPETENCE, IN LINE WITH OTHER 
EUROPEAN COUNTRIES, SO THAT COUNCILS CAN DEVELOP NEW AND 
IMAGINATIVE SERVICES.     WE WILL REFORM THE SYSTEM FOR ALLOCATING 
GRANTS TO LOCAL COUNCILS AND INTRODUCE LESS CENTRALISED RULES ON 
CAPITAL SPENDING, ENABLING COUNCILS TO MAKE PRUDENT LONG-TERM 
INVESTMENT. 
WE WILL SUPPORT ARTS AND LEISURE

BUILDING ON THE EXAMPLE OF MANY LABOUR COUNCILS WHICH HAVE 
DEVELOPED IMAGINATIVE ARTS INITIATIVES, WE WILL MAKE THE ARTS A 
STATUTORY RESPONSIBILITY FOR LOCAL AUTHORITIES. LABOUR'S MINISTRY 
FOR THE ARTS AND MEDIA WILL ENCOURAGE BRITAIN'S ARTS AND THEIR 
ASSOCIATED INDUSTRIES, INCLUDING BROADCASTING AND THE PRESS, TO 
DEVELOP NEW IDEAS AND ATTRACT MORE PEOPLE. GOVERNMENT WILL 
COMMISSION THE BEST DESIGNERS, ARTISTS AND ARCHITECTS, FOR 
INSTANCE, TO HELP COMMUNITIES TRANSFORM RUN-DOWN CITY CENTRES.     
WE WILL RENEW THE BBC'S CHARTER IN A WAY WHICH GUARANTEES 
CONTINUATION OF HIGH-QUALITY PUBLIC SERVICE BROADCASTING-
AVAILABLE IN ALL PARTS OF THE COUNTRY AND COVERING A WIDE SPECTRUM 
OF PROGRAMMES. THE LICENCE FEE REMAINS THE BEST WAY OF 
FINANCING THE BBC AND PRESERVING ITS INDEPENDENCE. A 
CONCESSIONARY FEE WILL BE INTRODUCED FOR ALL PENSIONERS.     AS 
PEOPLE HAVE MORE LEISURE, THEY ALSO NEED BETTER FACILITIES FOR 
SPORT. WE WILL ENCOURAGE COUNCILS TO INVEST IN MODERN, WELL-
STAFFED SPORTS CENTRES FOR THE ENJOYMENT OF PEOPLE OF ALL AGES AND 
ABILITIES, AND GIVE MANDATORY RATE RELIEF TO VOLUNTARY SPORTS 
CLUBS.     NEW FACILITIES AND BETTER BACKING FOR PEOPLE WITH 
OUTSTANDING TALENT WILL HELP PUT BRITAIN BACK ON THE INTERNATIONAL 
SPORTING MAP. WE WILL REVIEW SPORTS TAXATION, REFORM THE SPORTS 
COUNCILS AND MAKE FOOTBALL GROUNDS SAFE FOR SPECTATORS. WE WILL 
STOP THE WANTON SALE OF SCHOOL PLAYING FIELDS AND ENSURE THAT 
SPORT TAKES ITS PROPER PLACE WITHIN THE CURRICULUM. 
WE WILL PROTECT CONSUMERS

OUR CONSUMERS' CHARTER WILL COVER ALL GOODS AND SERVICES. IT WILL 
INCLUDE:
• TOUGHER HEALTH AND SAFETY STANDARDS;
• COMPENSATION FOR INJURY FROM DANGEROUS PRODUCTS;
• COMPREHENSIVE GUARANTEES;
• A FAST, SIMPLE REMEDY IF THINGS GO WRONG.
    WE WILL PRESS FOR SIMILAR STANDARDS THROUGHOUT THE EUROPEAN 
COMMUNITY AND STRENGTHEN THE WORK OF CONSUMER GROUPS AND 
ADVICE CENTRES SO THAT ASPIRATIONS AND STANDARDS ARE MET.     EVERY 
UTILITY WILL BE REQUIRED TO PROVIDE A CUSTOMER CONTRACT, WITH 
COMPENSATION IF STANDARDS ARE NOT MET. GAS AND ELECTRICITY 
DISCONNECTIONS WILL BE BANNED COMPLETELY WHERE YOUNG CHILDREN 
OR ELDERLY PEOPLE ARE CONCERNED. WE WILL REGULATE TELEPHONE 
SERVICES WHICH DEMEAN WOMEN AND CORRUPT CHILDREN.     WE WILL 
STRENGTHEN THE REGULATION OF THE UTILITIES, ENFORCE STANDARDS 
THROUGH OUR CONSUMER PROTECTION COMMISSION, AND ENSURE PRICES 
ARE CUT OR OTHER ACTION TAKEN WHERE PROFITS ARE EXCESSIVE SO THAT 
THE CUSTOMER GETS A FAIR DEAL. WE WILL ESTABLISH A PETROLEUM 
PRODUCTS REGULATOR. GOVERNMENT AND PARLIAMENT WILL HAVE A 
STRONGER ROLE TO WORK ON THE CONSUMER'S BEHALF. WE WILL HELP 
CONSUMERS HAVE A VOICE LOCALLY AND NATIONALLY. 
WE WILL CREATE A CLEANER, SA~ER ENVIRONMENT

THE GREATEST CHALLENGE WE FACE IS THE RESPONSIBILITY TO ENSURE THE 
SURVIVAL OF THE PLANET.
    ECONOMIC PROGRESS GOES HAND IN HAND WITH ENVIRONMENTAL 
RESPONSIBILITY. LABOUR WILL EMBRACE THE GOAL OF SUSTAINABLE 
DEVELOPMENT, WITH ENVIRONMENTAL MODERNISATION AN INTEGRAL PART 
OF OUR INDUSTRIAL STRATEGY.     LABOUR'S PRIME MINISTER WILL GO TO 
THE EARTH SUMMIT IN JUNE, WITH A COMMITMENT TO STABILISING 
EMISSIONS OF CO2 (THE MAIN SOURCE OF GLOBAL WARMING) AT THEIR 
1990 LEVELS BY THE END OF THE DECADE AND A RECOGNITION THAT 
SIGNIFICANT CUTS WILL BE NEEDED IN THE EARLY YEARS OF THE NEW 
CENTURY. WE WILL ADOPT THE TIGHTEST POSSIBLE TIMETABLE FOR 
ELIMINATING CFCS AND OTHER CHEMICALS WHICH DEPLETE THE OZONE 
LAYER.     OUR TOUGH POLLUTION STANDARDS, BASED ON THE HEALTH AND 
SAFETY OF CHILDREN, WILL BE ENFORCED BY AN INDEPENDENT 
ENVIRONMENTAL PROTECTION EXECUTIVE. WE WILL DEVELOP A NATIONAL 
WASTE STRATEGY PROMOTING WASTE MINIMISATION, RE-USE AND 
RECYCLING. BUSINESS WILL BE ENCOURAGED TO HAVE ENVIRONMENTAL 
AUDITS. THE TRADE IN TOXIC WASTE WILL BE BANNED.     WE WILL 
ESTABLISH A NEW LEGAL RIGHT TO A CLEAN ENVIRONMENT, ENSURE 
ENVIRONMENTAL FREEDOM OF INFORMATION, IMPLEMENT EUROPEAN 
ENVIRONMENTAL STANDARDS SUCH AS ENVIRONMENTAL IMPACT 
ASSESSMENT AND PROMOTE A EUROPEAN ENVIRONMENTAL CHARTER 
EVERY GOVERNMENT POLICY WILL BE SUBJECTED TO ENVIRONMENTAL 
APPRAISAL, CO-ORDINATED BY A CABINET MINISTER FOR ENVIRONMENTAL 
PROTECTION. AN ANNUAL GREEN BOOK ASSESSING THE ENVIRONMENTAL 
IMPACT OF GOVERNMENT ECONOMIC POLICY WILL ACCOMPANY THE 
TRADITIONAL FINANCIAL RED BOOK. 
IMPROVING INNER CITIES

WE WILL REVERSE THE UNFAIR TREATMENT WHICH HAS MEANT THAT THE 
INNER CITIES HAVE LOST OUT IN TERMS OF LOCAL GOVERNMENT FINANCE, 
HOUSING INVESTMENT AND SUPPORT FOR EMPLOYMENT. LABOUR WILL 
PULL TOGETHER THE PRESENT UNCO-ORDINATED INITIATIVES INTO A 
COHERENT URBAN PROGRAMME WHICH WILL STRENGTHEN LOCAL 
ECONOMIES, GENERATE JOBS AND IMPROVE THE QUALITY OF PEOPLE'S 
LIVES.     WE WILL ENCOURAGE LOCAL COUNCILS TO CREATE ENTERPRISE 
PARTNERSHIPS WITH EMPLOYERS, TRADE UNIONS AND THE COMMUNITY, 
WHICH WILL MOBILISE THE COMMITMENT AND THE ENTHUSIASM OF LOCAL 
PEOPLE. THE COMPOSITION AND TERMS OF REFERENCE OF URBAN 
DEVELOPMENT CORPORATIONS WILL BE CHANGED IMMEDIATELY AND THEY 
WILL IN DUE COURSE BE WOUND UP IN AN ORDERLY WAY.     AT THE 
LOCAL LEVEL, WE WILL TACKLE LITTER AND GRAFFITI AND START TO TRANSFORM 
INNER CITY ENVIRONMENTS BY ESTABLISHING NEIGHBOURHOOD ACTION 
AREAS WHERE LOCAL COMMUNITIES CAN DEVELOP THEIR OWN PLANS FOR 
REGENERATING THE AREA. 
CLEAN WATER, HEALTHY FOOD

WE WILL ENSURE THAT OUR DRINKING WATER, BEACHES AND RIVERS MEET 
THE HIGHEST EUROPEAN STANDARDS AND END THE DUMPING OF 
INDUSTRIAL WASTE AT SEA. THE PROVISION OF WATER IS SO FUNDAMENTAL 
THAT IT IS A PRIORITY FOR RETURN TO PUBLIC CONTROL. IN THE MEANTIME, 
WE WILL PROTECT CONSUMERS AGAINST HIGH PRICES AND POOR SERVICE 
AND GIVE GREATER PRIORITY TO ENVIRONMENTAL PROBLEMS.     LABOUR'S 
INDEPENDENT FOOD STANDARDS AGENCY WILL ENSURE HIGH FOOD QUALITY 
STANDARDS. OUR DEPARTMENT OF FOOD AND FARMING WILL OFFER BRITISH 
FARMERS AND CONSUMERS A BETTER DEAL. SUBSIDIES FOR PRODUCTION 
WILL GRADUALLY BE REPLACED WITH GREEN PREMIUM PAYMENTS TO 
PROMOTE ENVIRONMENTALLY SOUND MANAGEMENT OF THE COUNTRYSIDE. 
WE WILL INVEST IN DECENT PUBLIC TRANSPORT

WE WILL TRANSFORM TRANSPORT POLICY BY ENSURING, FOR THE FIRST 
TIME, THAT ALL ROAD, RAILWAY, AVIATION, SHIPPING AND INLAND 
WATERWAYS PROJECTS ARE JUDGED ON THE BASIS OF THEIR 
ENVIRONMENTAL, SOCIAL AND ECONOMIC IMPACT. WITHIN SIX MONTHS 
WE WILL REVIEW THE ROADS PROGRAMME AND MOBILISE PRIVATE CAPITAL 
FOR LARGE-SCALE PUBLIC TRANSPORT INVESTMENT. ALL MAJOR TRANSPORT 
PROJECTS WILL BE SUBJECT TO ENVIRONMENT IMPACT ASSESSMENT AND 
WE WILL FULLY OBSERVE THE REQUIREMENTS OF THE EUROPEAN DIRECTIVE 
ON EIAS. ROAD BUILDING PROPOSALS FOR SENSITIVE AREAS SUCH AS 
OXLEAS WOOD AND TWYFORD DOWN MUST BE SUBJECT TO FULL 
ENVIRONMENTAL ASSESSMENT.     WE REJECT CONSERVATIVE PLANS TO 
PRIVATISE BRITISH RAIL. INSTEAD, WE WILL MODERNISE, SETTING CLEAR 
PERFORMANCE TARGETS TO IMPROVE THE QUALITY OF SERVICE AND SHIFT 
MORE FREIGHT FROM ROAD TO RAIL.     WE WILL TACKLE THE PROBLEM OF 
CONGESTION AND ENVIRONMENTAL DAMAGE BY ENABLING LOCAL 
AUTHORITIES TO PROVIDE BETTER QUALITY TRANSPORT. WE WILL END THE 
DEREGULATION OF BUSES, INTRODUCE BUS PRIORITY MEASURES INTEGRATED 
WITH NEW RAPID TRANSIT SYSTEMS WITHIN A 'GREEN LIGHT' PROGRAMME 
DESIGNED TO ENCOURAGE PEOPLE TO TRANSFER TO PUBLIC TRANSPORT. 
PROPER CONCESSIONARY FARE SCHEMES WILL BE DEVELOPED IN EVERY 
AREA. TRAFFIC MANAGEMENT SCHEMES TO CUT UNNECESSARY CAR USE 
AND BETTER FACILITIES FOR CYCLISTS AND PEDESTRIANS WILL MAKE TOWN 
CENTRES SAFER AND MORE ATTRACTIVE.     WE WILL REFORM TRANSPORT 
TAXATION IN ORDER TO ENCOURAGE SMALLER, CLEANER CARS AND THE USE 
OF CATALYTIC CONVERTERS. THE SUBSIDY TO COMPANY CARS WILL BE 
PHASED OUT.     IN LONDON AND THE SOUTH EAST, CONGESTION COSTS 
THE ECONOMY OVER ~10 BILLION A YEAR. WE WILL STOP BUS 
DEREGULATION AND PRIVATISATION OF LONDON TRANSPORT AND PROMOTE 
EFFICIENT PUBLIC TRANSPORT.     WE WILL SEEK TO REVERSE THE 
UNACCEPTABLE DECLINE IN BRITAIN'S MERCHANT NAVY AND ENCOURAGE 
THE GREATER USE OF BRITISH-OWNED AND CREWED VESSELS, ADDING TO 
BRITAIN'S SECURITY AND REDUCING THE COST TO OUR BALANCE OR 
PAYMENTS.     ALL TRANSPORT SERVICES WILL BE REQUIRED TO MEET HIGH 
STANDARDS OF SERVICE AND SAFETY, WITH EFFECTIVE AVENUES FOR 
COMPLAINT AND COMPENSATION WHERE APPROPRIATE. WE WILL 
ESTABLISH A NEW INDEPENDENT TRANSPORT SAFETY INSPECTORATE WITHIN 
THE HEALTH AND SAFETY LEGISLATION TO IMPROVE THE SAFETY 
ENVIRONMENT WHICH HAS LED TO THE TERRIBLE TRAGEDIES OF RECENT 
YEARS. INCREASED SECURITY MEASURES AND BETTER STAFFING WILL BE 
PARTICULARLY WELCOME TO WOMEN, ELDERLY AND DISABLED PEOPLE. 
SAVING ENERGY

LABOUR WILL GIVE TOP PRIORITY TO ENERGY SAVING RATHER THAN ENERGY 
SALES. WE WILL SET UP AN ENERGY EFFICIENCY AGENCY AND A 
RENEWABLE ENERGY AGENCY. WE WILL REQUIRE THE GAS AND ELECTRICITY 
COMPANIES TO INVEST IN INSULATION AND OTHER ENERGY-SAVING 
MEASURES.     WE WILL NOT INVEST IN NEW NUDEAR POWER STATIONS, 
CONTINUE WITH THOSE IN THE PLANNING PROCESS OR EXTEND THE LIVES OF 
EXISTING NUCLEAR STATIONS BEYOND THEIR SAFE LIFE SPAN. BRITAIN~S 
DEPENDENCE ON


NUCLEAR POWER WILL THEREFORE STEADILY DIMINISH. WE WILL USE THE 
MOST MODERN TECHNOLOGY TO DEAL WITH THE PROBLEMS OF 
DECOMMISSIONING AND NUDEAR WASTE. 
A BETTER LIFE IN THE COUNTRY

WE WILL EXPAND AFFORDABLE HOUSING IN RURAL AREAS, DEVELOP 
COUNTRYSIDE COLLEGES TO MEET WIDER TRAINING NEEDS AND INVEST IN 
WORKSHOPS AND SMALL BUSINESS UNITS. WE WILL SUPPORT RURAL 
SCHOOLS AND IMPROVE PUBLIC TRANSPORT. THE WORK OF THE RURAL 
DEVELOPMENT COMMISSION AND THE DEVELOPMENT BOARD FOR RURAL 
WALES WILL BE BOOSTED.     THE ECOLOGICAL RICHNESS OF OUR 
COUNTRYSIDE MUST BE PROTECTED. WE WILL GIVE PEOPLE A NEW RIGHT 
OF ACCESS TO OPEN COUNTRY, CREATE NEW NATIONAL PARKS AND STEP UP 
PROTECTION FOR SPECIAL SITES. WE WILL CONSULT WIDELY ON THE BEST 
WAY FORWARD FOR NATURE CONSERVATION AND COUNTRYSIDE BODIES, 
INCLUDING INDEPENDENT BOARDS FOR ALL NATIONAL PA;KS. WE WILL 
SAFEGUARD BRITAIN'S RIVERS AND CANALS AND IMPROVE LEISURE 
FACILITIES. ANGLERS WILL BENEFIT FROM AND CONTRIBUTE TO OUR PLANS 
FOR IMPROVED RIVER QUALITY. 
WE WILL PROTECT ANIMALS

WE WILL REDUCE CRUELTY TO ANIMALS WITHIN BRITAIN AND EUROPE. WE 
WILL BAN THE TESTING OF BEAUTY AIDS ON ANIMALS, OUTLAW FUR 
FARMING AND ENSURE BETTER TREATMENT OF FARM ANIMALS AND ANIMALS 
IN TRANSIT. OUR NATIONAL DOG REGISTRATION SCHEME WILL PROVIDE THE 
MONEY FOR A WARDEN SERVICE.     AS PART OF OUR PROGRAMME TO 
OUTLAW CRUELTY TO WILD MAMMALS, WE WILL ALLOW A FREE VOTE IN THE 
HOUSE OF COMMONS ON A PROPOSAL TO BAN THE HUNTING OF LIVE 
QUARRY WITH HOUNDS AND, IF THAT IS PASSED, PROVIDE PARLIAMENTARY 
TIME FOR THE NECESSARY LEGISLATION. THERE WILL BE NO NEW 
LIMITATIONS ON THE COUNTRY SPORTS OF ANGLING OR SHOOTING. 
A MODERN DEMOCRACY

IT IS TIME TO MODERNISE BRITAIN'S DEMOCRACY. CENTRAL TO LABOUR'S 
PURPOSE IN GOVERNMENT IS OUR COMMITMENT TO RADICAL 
CONSTITUTIONAL REFORM.     OUR CHARTER OF RIGHTS, BACKED UP BY A 
COMPLEMENTARY AND DEMOCRATICALLY ENFORCED BILL OF RIGHTS, WILL 
ESTABLISH IN LAW THE SPECIFIC RIGHTS OF EVERY CITIZEN.     WE WILL 
START IN OUR FIRST PARLIAMENTARY SESSION WITH A FREEDOM OF 
INFORMATION ACT WHICH WILL OPEN UP GOVERNMENT TO THE PEOPLE. 
EXCEPTIONS WILL BE TIGHTLY DRAWN. 
WE WILL GIVE POWER TO THE NATIONS AND REGIONS

WE WILL MOVE IMMEDIATELY TO ESTABLISH AN ELECTED SCOTTISH 
PARLIAMENT. IT WILL HAVE POWERS TO LEGISLATE FOR AND ADMINISTER 
SCOTLAND'S DOMESTIC AFFAIRS AND MODERNISE SCOTLAND'S ECONOMY 
AND THE ABILITY TO REPRESENT SCOTLAND WITHIN THE UNITED KINGDOM 
AND EUROPE.     LABOUR'S LEGISLATION WILL BE FIRMLY BASED ON THE 
PROPOSALS AGREED IN THE SCOTTISH CONSTITUTIONAL CONVENTION. THE 
PARLIAMENT WILL BE ELECTED ON AN ADDITIONAL MEMBER SYSTEM. IT 
WILL BE RESPONSIBLE FOR LOCAL GOVERNMENT, HEALTH, HOUSING, 
EDUCATION, TRANSPORT, ENVIRONMENTAL AND OTHER POLICIES WITHIN 
SCOTLAND.     IN OUR FIRST YEAR, WE WILL INTRODUCE A NEW WELSH 
LANGUAGE ACT. WE WILL ESTABLISH, IN THE LIFETIME OF A FULL 
PARLIAMENT, AN ELECTED WELSH ASSEMBLY IN CARDIFF WITH POWERS 
AND FUNCTIONS WHICH REFLECT THE EXISTING ADMINISTRATIVE STRUCTURE. 
LOCAL GOVERNMENT IN WALES WILL BE REFORMED TO CREATE BETWEEN 
25 AND 30 'MOST PURPOSE' AUTHORITIES.     A REGIONAL TIER OF 
GOVERNMENT IN THE ENGLISH REGIONS WILL TAKE OVER MANY POWERS 
NOW EXERCISED NATIONALLY, SUCH AS REGIONAL ECONOMIC PLANNING 
AND TRANSPORT. THESE NEW ADMINISTRATIONS WILL LATER FORM THE 
BASIS FOR ELECTED REGIONAL GOVERNMENTS. TO SIMPLIFY LOCAL 
GOVERNMENT IN ENGLAND, WE WILL ESTABLISH 'MOST PURPOSE' 
AUTHORITIES GENERALLY BASED ON DISTRICT COUNCILS. IN SOME AREAS, A 
COUNTY-WIDE AUTHORITY OR THE AMALGAMATION OF DISTRICTS MAY BE 
MORE APPROPRIATE. WE WILL CONSULT WIDELY BEFORE FINALISING 
PROPOSALS.     LONDON IS NOW THE ONLY EUROPEAN CAPITAL WITHOUT 
THE ADVANTAGE OF ITS OWN ELECTED AUTHORITY. LABOUR WILL GIVE 
LONDONERS THE RIGHT TO ELECT A NEW GREATER LONDON AUTHORITY, 
RESPONSIBLE FOR MAKING LONDON A BETTER PLACE TO LIVE AND WORK. 
WE WILL SATEGUARD PRESS FREEDOM

WE WILL REMOVE UNJUSTIFIED RESTRICTIONS ON BROADCASTING AND 
ESTABLISH AN URGENT ENQUIRY BY THE MONOPOLIES AND MERGERS 
COMMISSION INTO THE CONCENTRATION OF MEDIA OWNERSHIP. IF THE 
PRESS FAIL TO DEAL WITH ABUSES OF INDIVIDUAL PRIVACY, WE WILL 
IMPLEMENT THE CALCUTT REPORT'S RECOMMENDATIONS FOR STATUTORY 
PROTECTION.     INDIVIDUALS MUST BE ABLE TO CONTROL PERSONAL 
INFORMATION ABOUT THEMSELVES. WE WILL STRENGTHEN BRITAIN'S DATA 
PROTECTION ACT IN LINE WITH EUROPEAN PRACTICE. THE SECURITY 
SERVICES WILL BE BROUGHT UNDER THE SCRUTINY OF A PARLIAMENTARY 
SELECT COMMITTEE. 
WE WILL SEE THAT JUSTICE IS DONE

THERE IS WIDESPREAD CONCERN ABOUT THE MISCARRIAGES OF JUSTICE 
WHICH HAVE IMPRISONED INNOCENT PEOPLE. AS PART OF OUR 
SWEEPING PROGRAMME OF LAW REFORM, WE WILL ESTABLISH AN 
ADDITIONAL APPEALS TRIHUNAL. INCLUDING LAY MEMBERS AS WELL AS 
LAWYERS, TO EXAMINE THE MOST CONTENTIOUS CONVICTIONS. 
 THE POLICE AND CRIMINAL EVIDENCE ACT WILL BE REFORMED. 
CONVICTIONS WILL NO LONGER BE POSSIBLE ON
I UNCORROBORATED CONFESSION EVIDENCE. |   WE WILL IMPROVE 
ACCESS TO LEGAL AID AND. WHEN RESOURCES ALLOW, EXTEND IT TO 
TRIBUNAL HEARINGS.
 WE WILL ENCOURAGE THE EXPANSION OF VOLUNTARY ADVICE CENTRES 
AND INVEST IN BETTER SUPPORT FOR
J VICTIMS. WE WILL APPOINT FROM THE HOUSE OF COMMONS A 
MINISTER FOR LEGAL ADMINISTRATION, WHO WILL
  INITIALLY BE PART OF THE LORD CHANCELLOR'S DEPARTMENT. WE WILL 
GO ON TO CREATE A DEPARTMENT OF LEGAL
  ADMINISTRATION HEADED BY A MINISTER IN THE COMMONS WHO WILL 
BE RESPONSIBLE FOR ALL COURTS AND
  TRIBUNALS IN ENGLAND AND WALES. FUTURE REFORM OF THE 
DISTINCTIVE SCOTTISH LEGAL SYSTEM WILL BE THE
  RESPONSIBILITY OF THE SCOTTISH PARLIAMENT.     WE WILL WORK WITH 
THE LEGAL PROFESSION TO OPEN UP NEW OPPORTUNITIES TO WOMEN AND 
TO BLACK AND ETHNIC MINORITY GROUPS, AND CREATE AN INDEPENDENT 
JUDICIAL APPOINTMENTS COMMISSION. A SENTENCING COUNCIL WILL 
BRING SOME CONSISTENCY INTO WHAT IS NOW OFTEN A HAPHAZARD 
PROCESS. A COURT INSPECTORATE WILL IMPROVE THE EFFICIENCY OF OUR 
OFTEN OUTDATED JUDICIAL SYSTEM. 
 WE WILL O~TER EVERYONE A FAIR CHANCE

STRONGER SEX AND RACE DISCRIMINATION LAWS WILL ENSURE THAT 
ORGANISATIONS AWARDED GOVERNMENT CONTRACTS TAKE POSITIVE STEPS 
TO PROMOTE EQUAL TREATMENT. WE WILL INTRODUCE A NEW LAW DEALING 
WITH DISCRIMINATION ON GROUNDS OF SEXUALITY, REPEAL THE UNJUST 
CLAUSE 28 AND ALLOW A FREE VOTE IN THE HOUSE OF COMMONS ON 
THE AGE OF CONSENT.     IN ORDER TO SAFEGUARD THE RIGHTS OF PEOPLE 
WITH DISABILITIES, WE WILL APPOINT A MINISTER FOR THE DISABLED AND 
EXTEND ANTI-DISCRIMINATION LAWS TO COVER THIS GROUP.     WE WILL 
ESTABLISH A CHILDREN'S MINISTER WITHIN THE HOME OFFICE TO CO-
ORDINATE POLICIES FOR CHILDREN ACROSS DEPARTMENTS. ONE 
INDEPENDENT CHILDREN'S COMMISSIONER WILL PROMOTE THE INTERESTS 
OF ALL CHILDREN. PROTECTING CHILDREN WILL BE HIGH ON THE AGENDA, AS 
WILL THE FULL IMPLEMENTATION OF THE CHILDREN ACT AND THE UN 
CONVENTION TO PROMOTE CHILDRENS RIGHTS. 
 LABOUR'S MINISTRY FOR WOMEN

FOLLOWING THE SUCCESSFUL EXAMPLE OF FRANCE, GERMANY AND 
MANY OTHER COUNTRIES, LABOUR WILL APPOINT A CABINET MINISTER FOR 
WOMEN. S HE WILL ENSURE THAT WOMEN'S VOICES ARE HEARD AT THE 
HIGHEST LEVEL. SHE WILL MONITOR THE WORK OF ALL OTHER DEPARTMENTS 
AND CO-ORDINATE ACTION FOR EQUAL OPPORTUNITIES ACROSS 
GOVERNMENT.     THE MINISTRY WILL ALSO INITIATE LEGISLATION FOR 
WOMEN. IN PARTICULAR, WE WILL INTRODUCE A NEW SEX EQUALITY ACT 
WHICH WILL COMBINE AND STRENGTHEN THE CURRENT EQUAL PAY AND SEX 
DISCRIMINATION LAWS.     THE MINISTRY FOR WOMEN WILL HAVE 
SPECIAL RESPONSIBILITY FOR CO-ORDINATING CHILDCARE POLICY, 
IMPROVING WOMEN'S SAFETY AND ENCOURAGING MORE WOMEN TO 
PARTICIPATE IN PUBLIC LIFE. 
 THE BLACK AND ETHNIC MINORITY COMMUNITIES

WE ARE DETERMINED TO ENSURE THAT WOMEN AND MEN FROM ETHNIC 
MINORITY GROUPS ARE FULL AND EQUAL MEMBERS OF THE COMMUNITY.     
AS WELL AS STRENGTHENING THE RACE DISCRIMINATION LAWS AND 
EXTENDING THE POWERS OF THE COMMISSION FOR RACIAL EQUALITY, WE 
WILL PRESS FOR SIMILAR LAWS THROUGHOUT THE EUROPEAN COMMUNITY. 
WE WILL NOT TOLERATE THE PRESENT LEVEL OF RACIAL HARASSMENT AND 
ATTACKS, AND WILL ENSURE THAT MORE EFFECTIVE PROTECTION IS GIVEN TO 
VULNERABLE GROUPS. CONTRACT COMPLIANCE LAWS WILL BE THE FIRST 
STEP TOWARDS GUARANTEEING THE BLACK AND ASIAN BRITISH THEIR FAIR 
SHARE OF JOBS. 
 A FAIR CITIZENSHIP LAW

WE WILL INTRODUCE FAIR IMMIGRATION AND CITIZENSHIP LAWS WHICH 
RESTORE THE RIGHT TO BRITISH CITIZENSHIP FOR EVERY CHILD BORN IN 
BRITAIN. OUR LAWS, WHICH WILL NOT DISCRIMINATE ON GROUNDS OF SEX 
OR RACE, WILL RESPECT THE RIGHT TO FAMILY LIFE. A NEW ACT WILL 
GUARANTEE SANCTUARY TO GENUINE REFUGEES BUT PREVENT BOGUS 
APPLICATIONS FOR ASYLUM.     WE ARE DETERMINED TO SEE THAT EQUALLY 
FAIR LAWS APPLY THROUGHOUT THE EUROPEAN COMMUNITY AND WILL 
OPPOSE ANY ATTEMPT TO REMOVE VOTING RIGHTS FROM 
COMMONWEALTH CITIZENS IN EUROPEAN ELECTIONS. 
 NORTHERN IRELAND

LABOUR WILL CONTINUE THE PRESENT TALKS ON NORTHERN IRELAND. IN 
THE LONG TERM, WE WANT TO SEE A UNITED IRELAND ACHIEVED BY 
CONSENSUS AND WITHOUT VIOLENCE. WE SUPPORT THE COMMITMENT IN 
THE ANGLO-IRISH AGREEMENT THAT 'ANY CHANGE IN THE STATUS OF 
NORTHERN IRELAND WOULD ONLY COME ABOUT WITH THE CONSENT OF A 
MAJORITY IN NORTHERN IRELAND'. WE WILL WORK WITHIN THE 
AGREEMENT TO ACHIEVE OUR POLICY OF UNITY BY CONSENT, AND 
STRENGTHEN MEASURES AGAINST INJUSTICE, DISCRIMINATION AND 
DEPRIVATION.     WE WILL FIGHT TERRORISM BY EVERY LAWFUL MEANS 
REPEALING THE COUNTER-PRODUCTIVE PREVENTION OF TERRORISM ACT 
AND REPLACING IT WITH A MEASURE WHICH IS MORE EFFECTIVE AND 
GENUINELY ACCEPTABLE IN A DEMOCRATIC SOCIETY. 
 A MODERN PARLIAMENT

 WESTMINSTER MUST BECOME MORE EFFECTIVE IN PROTECTING CITIZENS 
AND HOLDING GOVERNMENT TO

ACCOUNT. WE WILL THEREFORE IMPROVE THE PROCEDURES AND FACILITIES 
OF THE HOUSE OF COMMONS, STRENGTHEN SCRUTINY OF EC 
LEGISLATION, AND END MINISTERIAL MISUSE OF THE ROYAL PREROGATIVE.     
WE WILL GIVE SHAREHOLDERS THE RIGHT TO VOTE UPON ALL POLITICAL 
DONATIONS MADE BY PUBLIC COMPANIES, REQUIRE DONATIONS TO 
POLITICAL PARTIES TO BE DECLARED IN A PUBLIC REGISTER. REQUIRE THE 
ACCOUNTS OF POLITICAL PARTIES TO BE PUBLISHED AND, AS 
RECOMMENDED BY THE HOUGHTON REPORT, INTRODUCE STATE AID FOR 
POLITICAL PARTIES.     FURTHER CONSTITUTIONAL REFORMS WILL INCLUDE 
THOSE LEADING TO THE REPLACEMENT OF THE HOUSE OF LORDS WITH A 
NEW ELECTED SECOND CHAMBER WHICH WILL HAVE THE POWER TO DELAY, 
FOR THE LIFETIME OF A PARLIAMENT, CHANGE TO DESIGNATED LEGISLATION 
REDUCING INDIVIDUAL OR CONSTITUTIONAL RIGHTS.     WE WILL CONTINUE 
TO ENCOURAGE A WIDE AND WELL-INFORMED PUBLIC DEBATE ON THE 
ELECTORAL SYSTEM. THE WORKING PARTY ON ELECTORAL SYSTEMS WHICH 
WE ESTABLISHED IN OPPOSITION UNDER THE DISTINGUISHED 
CHAIRMANSHIP OF PROFESSOR RAYMOND PLANT WILL CONTINUE ITS 
WORK WITH AN EXTENDED MEMBERSHIP AND ENHANCED AUTHORITY AND 
REPORT TO THE NEXT LABOUR GOVERNMENT.     THIS GENERAL ELECTION 
WAS CALLED ONLY AFTER MONTHS OF ON-AGAIN, OFF-AGAIN DITHERING 
WHICH DAMAGED OUR ECONOMY AND WEAKENED OUR DEMOCRACY. NO 
GOVERNMENT WITH A MAJORITY SHOULD BE ALLOWED TO PUT THE 
INTERESTS OF PARTY ABOVE COUNTRY AS THE CONSERVATIVES HAVE DONE. 
ALTHOUGH AN EARLY ELECTION WILL SOMETIMES BE NECESSARY, WE WILL 
INTRODUCE AS A GENERAL RULE A FIXED PARLIAMENTARY TERM. 
BRITAIN IN A NEW WORLD

WE NEED A NEW GOVERNMENT TO GRASP NEW OPPORTUNITIES. A 
LABOUR GOVERNMENT READY TO EXPLOIT BRITAIN'S UNIQUE, 
INTERLINKING MEMBERSHIP OF THE UNITED NATIONS SECURITY COUNCIL, 
NATO, THE COMMONWEALTH, THE EUROPEAN COMMUNITY AND THE 
G7. 
IT'S A NEW CHANCE TO ENHANCE PEACE IN THE WORLD

LABOUR, WHICH IN OPPOSITION JOINED OUR NATO ALLIES IN REJECTING 
THE CONSERVATIVE GOVERNMENT'S COLD WAR NOSTALGIA, WILL IN 
GOVERNMENT PARTNER THE UNITED STATES IN NEGOTIATING TO REDUCE THE 
WORLD'S STOCKS OF NUCLEAR WEAPONS. WE SHALL SEEK TO INVOLVE THE 
FOUR FORMER SOVIET NUCLEAR REPUBLICS TOGETHER WITH FRANCE AND 
CHINA. UNTIL ELIMINATION OF THOSE STOCKS IS ACHIEVED, LABOUR WILL 
RETAIN BRITAIN'S NUCLEAR CAPABILITY, WITH THE NUMBER OF WARHEADS 
NO GREATER THAN THE PRESENT TOTAL .     WITH THE INCREASE IN MAJOR 
NUDEAR POWERS FROM FIVE TO EIGHT, PROLIFERATION IS A DANGEROUS 
REALITY AND MAY BECOME AN EVEN GREATER THREAT TO PEACE AND 
STABILITY. THE TORY GOVERNMENT CONTRIBUTED TO PROLIFERATION WHEN 
IT PERMITTED THE SUPPLY OF NUCLEAR WEAPONS MATERIAL TO SADDAM 
HUSSEIN. THE LABOUR GOVERNMENT WILL WORK IN THE UNITED 
NATIONS FOR A STRENGTHENED NUDEAR NON PROLIFERATION TREATY, 
BACKED BY MEANINGFUL SANCTIONS AND BY A COMPREHENSIVE NUCLEAR 
TEST BAN TREATY. WE WILL IN ADDITION WORK FOR A GLOBAL BAN ON 
CHEMICAL AND BIOLOGICAL WEAPONS AND STRONGER CONTROLS TO 
PREVENT PROLIFERATION OF BALLISTIC MISSILES. MEANWHILE, WE WILL 
JOIN RUSSIA IN ENDING NUCLEAR TESTS.     WE WILL ACTIVELY SUPPORT 
THE PEACE-MAKING ROLE OF THE UN-FOR EXAMPLE, IN CAMBODIA 
AND SOMALIA-AND WORK FOR A PERMANENT UNITED NATIONS PEACE-
KEEPING FORCE. 
IT'S A NEW CHANCE TO SOLVE LONG RUNNING DISPUTES

THE LABOUR GOVERNMENT WILL WORK IN THE UNITED NATIONS AND THE 
EUROPEAN COMMUNITY TO ENHANCE PEACE PROSPECTS IN THE MIDDLE 
EAST. OUR AIMS ARE SECURITY FOR ISRAEL AND SELF DETERMINATION FOR 
THE PALESTINIANS. THERE MUST BE STRICT CONTROL ON ARMS SALES TO THE 
REGION.     LABOUR WILL WORK IN THE UNITED NATIONS, THE 
COMMONWEALTH, THE EUROPEAN COMMUNITY AND NATO TO HELP 
BRING ABOUT THE PEACEFUL REUNIFICATION OF CYPRUS, ON THE FEDERAL 
BASIS ADVOCATED BY THE SOVEREIGN GOVERNMENT OF CYPRUS. THE 
LABOUR GOVERNMENT WILL MAKE ITSELF AVAILABLE TO OUR FRIENDS IN 
INDIA AND PAKISTAN TO ASSIST IN ACHIEVING A NEGOTIATED SOLUTION TO 
THE PROBLEM OF KASHMIR THAT IS ACCEPTABLE TO ALL THE PEOPLE OF 
KASHMIR-MOSLEMS, HINDUS AND BUDDHISTS.     WE WILL, AS A 
MATTER OF URGENCY, DISCUSS WITH HONG KONG'S REPRESENTATIVES 
WHAT MEASURES MAY BEST ENHANCE DEMOCRACY AND CONFIDENCE 
DURING BRITAIN'S FIVE REMAINING YEARS OF RESPONSIBILITY FOR THE 
COLONY. 
IT'S A NEW CHANCE TO PROVIDE GENUINE SECURITY ~OR BRITAIN

AS THE PARTY WHICH TOOK BRITAIN INTO NATO, LABOUR WILL BASE ITS 
DEFENCE POLICIES ON UK MEMBERSHIP OF THE ALLIANCE. WE WILL 
PROVIDE WHATEVER RESOURCES ARE NEEDED FOR EFFECTIVE DEFENCE FOR 
OUR COUNTRY, PROVIDING THE NECESSARY LEVEL OF FORCES WITH THE 
APPROPRIATE EQUIPMENT AND WEAPONS.     UNLIKE THE TORIES, WE 
RECOGNISE THAT DISARMAMENT NEGOTIATIONS AND TECHNOLOGICAL 
CHANGE CAN BRING ABOUT PROBLEMS FOR OUR DEFENCE INDUSTRIES. 
NEARLY 100,000 JOBS HAVE ALREADY BEEN LOST DURING THE PAST TWO 
YEARS AND 123,000 MORE ARE IN DANGER.     SELLING MORE ARMS TO 
POOR COUNTRIES IS NOT AN ACCEPTABLE OR EFFECTIVE WAY OF 
MAINTAINING BRITAIN'S DEFENCE INDUSTRIES. WE WILL STOP SALES TO 
COUNTRIES WHICH MIGHT USE THEM FOR INTEMAL REPRESSION OR 
INTERNATIONAL AGGRESSION.     THE LABOUR GOVERNMENT WILL SET UP A 
DEFENCE DIVERSIFICATION AGENCY TO ASSIST WORKERS, COMMUNITIES 
AND COMPANIES AFFECTED BY CHANGE. THE AGENCY WILL ENSURE THAT 
RESOURCES MADE GOVERNMENT - ARE USED IN THE FIRST INSTANCE FOR 
REBUILDING AND INVESTING IN OUR MANUFACTURING BASE. FROM THE 
FRUITS OF THIS INVESTMENT CAN STEM FINANCE FOR HEALTH AND THE 
SOCIAL SERVICES. 
IT'S A NEW CHANCE FOR A NEW EUROPE
THE LABOUR GOVERNMENT WILL PROMOTE BRITAIN OUT OF THE 
EUROPEAN SECOND DIVISION INTO WHICH OUR COUNTRY HAS BEEN 
RELEGATED BY THE TORIES. OUR FIRST CHANCE WILL BE THE UNITED 
KINGDOM'S SIX MONTHS' PRESIDENCY OF THE COMMUNITY, STARTING 
ON I JULY. WE SHALL USE THAT PRESIDENCY TO END THE TORIES' OPT-OUT 
FROM THE SOCIAL CHAPTER, SO THAT THE BRITISH PEOPLE CAN BENEFIT 
FROM EUROPEAN SAFEGUARDS. WE WILL ALSO USE OUR PRESIDENCY TO 
HELP ENSURE THAT POORER COUNTRIES ARE NOT DISADVANTAGED AS A 
RESULT OF THE SINGLE MARKET.     WE SHALL PLAY AN ACTIVE PART IN 
NEGOTIATIONS ON ECONOMIC AND MONETARY UNION. WE SHALL FIGHT 
FOR BRITAIN'S INTERESTS, WORKING FOR EUROPE-WIDE POLICIES TO FIGHT 
UNEMPLOYMENT AND TO ENHANCE REGIONAL AND STRUCTURAL INDUSTRIAL 
POLICY. THE ELECTED FINANCE MINISTERS OF THE DIFFERENT COUNTRIES 
MUST BECOME THE EFFECTIVE POLITICAL COUNTERPART TO THE CENTRAL 
BANK WHOSE HEADQUARTERS SHOULD BE IN BRITAIN.     AS PART OF THE 
EVOLVING ROLE OF THE REGIONS OF EUROPE, WE WILL ESTABLISH A 
SCOTTISH REPRESENTATIVE OFFICE IN BRUSSELS AND SEEK APPROPRIATE 
REPRESENTATION FOR THE SCOTTISH PARLIAMENT IN EUROPEAN 
INSTITUTIONS. WE SHALL SEEK FUNDAMENTAL CHANGES IN THE WASTEFUL 
COMMON AGRICULTURAL POLICY. SAVINGS CAN HELP FINANCE OTHER 
COMMUNITY PROJECTS.     WE SHALL MAKE THE WIDENING OF THE 
COMMUNITY A PRIORITY, AND SHALL ADVOCATE SPEEDY ADMISSION FOR 
AUSTRIA, SWEDEN, FINLAND AND CYPRUS, WHOSE MEMBERSHIP 
APPLICATIONS HAVE BEEN OR ARE ABOUT TO BE LODGED. WE SHALL SEEK 
TO CREATE CONDITIONS IN WHICH, AT THE APPROPRIATE TIME, THE NEW 
DEMOCRACIES OF CENTRAL AND EASTERN EUROPE CAN JOIN THE 
COMMUNITY. 
IT'S A NEW CHANCE LOR HUMAN RIGHTS
LABOUR WILL SET UP A HUMAN RIGHTS DIVISION IN THE FOREIGN AND 
COMMONWEALTH OF FICE AND REQUIRE ALL BRITAIN'S DIPLOMATIC POSTS 
ABROAD TO APPOINT AN OF FICER TO MONITOR HUMAN RIGHTS. THERE WILL 
BE AN ANNUAL REPORT TO PARLIAMENT. DECISIONS ON ECONOMIC AID 
AND ARMS SALES WILL BE LINKED TO HUMAN RIGHTS RECORDS. 
IT'S A NEW CHANCE TO WIN FRIENDS ABROAD
LABOUR WILL END TORY GOVERNMENT MEDDLING IN THE VALUABLE WORK 
OF THE BRITISH COUNCIL. WITHIN 
CAREFULLYCONTROLLEDCOSTINGS,LABOURWILLCONSIDERNEWSCOPEFORTHEB
BCWORLDSERVICE,PRAISEDBY LISTENERS SUCH AS TERRY WAITE AND 
MIKHAIL GORBACHEV, AND FOR THE BBC'S WORLD SERVICE 
TELEVISION SERVICE. 
IT'S A NEW CHANCE TO FIGHT WORLD HUNGER AND POVERTY
UNDER THE TORIES, BRITAIN'S AID BUDGET HAS BEEN CUT TO ITS LOWEST 
EVER. THE LABOUR GOVERNMENT WILL AIM TO MEET THE UNITED 
NATIONS AID TARGET OF 0. 7 PER CENT OF GNP WITHIN FIVE YEARS-
THE LIFETIME OF A FULL PARLIAMENT. LABOUR WILL ESTABLISH A SEPARATE 
DEPARTMENT OF STATE FOR INTERNATIONAL DEVELOPMENT, WHOSE 
MINISTER WILL BE IN THE CABINET.     TACKLING POVERTY WILL BE THE 
TOP PRIORITY OF OUR AID PROGRAMME. WE WILL MAKE AID MORE 
EFFECTIVE, WORK MORE CLOSELY WITH NON-GOVERNMENTAL AGENCIES, 
PUT WOMEN AT THE HEART OF OUR PROGRAMME AND, IN CO-ORDINATION 
WITH OTHER DONORS, REDUCE THE SHARE OF TIED AID. LABOUR WILL 
PROMOTE ENVIRONMENTALLY SUSTAINABLE DEVELOPMENT AND 
ENCOURAGE NEW APPROACHES TO REDUCE THIRD WORLD DEBT. WE WILL 
RESTORE FUNDING FOR DEVELOPMENT EDUCATION IN THE UK.     WE WILL 
PROMOTE GREATER AND FAIRER TRADE FOR POOR COUNTRIES, TO ENABLE 
THEIR ECONOMIES TO GROW AND DIVERSIFY. UN AND EUROPEAN 
COMMUNITY ACTION TO HELP THE WORLD'S POOR MUST BECOME MORE 
EFFECTIVE. LABOUR WILL TAKE BRITAIN BACK INTO UNESCO.     THE 
LABOUR GOVERNMENT WILL WORK WITHIN THE G7 AND THE EUROPEAN 
COMMUNITY TO WIN SUPPORT FOR A NEW MARSHALL PLAN TO ASSIST THE 
FORMER COMMUNIST COUNTRIES OF CENTRAL AND EASTERN EUROPE AND 
OF THE EX-SOVIET UNION. INSTABILITY IN THOSE COUNTRIES, CAUSED BY 
SHORTAGES AND DISCONTENT, COULD BE AS GREAT A THREAT TO WORLD 
PEACE AS THE ARMED COMMUNISM THAT HAS NOW DISAPPEARED. 
IT'S A NEW CHANCE FOR BRITAIN IN THE COMMONWEALTH
THE TORIES HAVE REGARDED THE COMMONWEALTH AS A WEARISOME 
OBLIGATION. LABOUR BELIEVES THAT THIS UNIQUE INTER-RACIAL AND INTER-
HEMISPHERIC ORGANISATION CAN PLAY A CENTRAL ROLE IN RIGHTING 
RACISM, HUNGER AND HUMAN RIGHTS VIOLATIONS. WE SHALL PLAY AN 
ACTIVE PART IN THE COMMONWEALTH AND JOIN THE SOUTH AFRICA 
COMMITTEE OF FOREIGN MINISTERS WHICH THE TORIES HAVE BOYCOTTED. 
IT'S A NEW CHANCE TO SALEGUARD THE ENVIRONMENT
THE TORIES HAVE BEEN LAGGARDLY AND RELUCTANT IN INTERNATIONAL 
MOVES TO PROTECT OUR PLANET'S ENVIRONMENT. LABOUR WILL SET THE 
PACE IN PRESSING FOR INTERNATIONAL ACTION TO SAFEGUARD THE OZONE 
LAYER, TO COMBAT ACID RAIN, TO TACKLE THE PROBLEM OF GLOBAL 
WARMING, TO FACE UP TO THE ENVIRONMENTAL NEEDS OF THE POOREST 
PEOPLE OF THE WORLD. WE WILL SCRAP THE TORY GOVERNMENT'S OPT-
OUT ON EUROPEAN COMMUNITY ENVIRONMENTAL PROTECTION MEASURES 
AND DEADLINES.

END


"
LD_1992,"1992
CHANGING BRITAIN FOR GOOD

AFTER THE HEADLINE  ""BE WARNED :THIS MANIFESTO MAY NOT BE WHAT 
YOU EXPECT"" .THE INTRODUCTION OF THE LIBERAL DEMOCRATIC 
MANIFESTO DECLARED: 
    THIS MANIFESTO DOES NOT PROMISE GOOD TIMES JUST AROUND THE 
CORNER. IT DOES NOT AVOID DIFFICULT QUESTIONS OUT OF FEAR OF 
UNPOPULARITY. IT SIMPLY TELLS THE TRUTH; THE TRUTH ABOUT WHAT 
LIBERAL DEMOCRATS BELIEVE HAS TO BE DONE IN ORDER FOR BRITAIN TO 
SUCCEED. 
    IF YOU WANT BRITAIN TO STAY THE SAME THEN YOU PROBABLY WON'T 
LIKE THIS MANIFESTO. BUT IF YOU WANT REAL CHANGE, IF YOU LONG FOR 
A BETTER FUTURE FOR YOURSELF, YOUR FAMILY, YOUR COMMUNITY AND 
YOUR COUNTRY, THEN READ ON. 
    BUT BRITAIN WILL ONLY SUCCEED WHEN ITS POLITICAL LEADERS START 
TREATING VOTERS AS INFORMED CITIZENS WITH SHARED CONCERNS, NOT AS 
IGNORANT CONSUMERS TO BE MANIPULATED. NOW IS THE TIME FOR 
CHANGE. SO THIS MANIFESTO IS DIFFERENT FROM OTHERS YOU MAY READ. 
    WE DO NOT SHRINK FROM THE REAL CHOICES FOR OUR COUNTRY. WE 
ARE NOT AFRAID TO SAY WHAT NEEDS TO BE SAID. WE ARE NOT AFRAID TO 
DO WHAT NEEDS TO BE DONE. AND WE ARE CLEAR THAT IF WE WANT TO 
MAKE A MODERN BRITAIN, WE MUST FIRST CHANGE BRITAIN.
 
WHAT LIBERAL DEMOCRATS STAND FOR

THE MANIFESTO BEGAN: LIBERAL DEMOCRATS PUT PEOPLE FIRST. WE 
AIM TO CREATE A SOCIETY IN WHICH ALL MEN AND WOMEN CAN REALISE 
THEIR FULL POTENTIAL AND SHAPE THEIR OWN SUCCESSES. WE BELIEVE 
THAT IF WE COULD LIBERATE THIS WEALTH OF TALENT WE WOULD TRANSFORM 
OUR ECONOMY AND CREATE A SHARED SOCIETY OF WHICH WE SHOULD ALL 
BE PROUD. 
LIBERAL DEMOCRATS KNOW THAT THIS CANNOT BE ACHIEVED WITHOUT 
FUNDAMENTAL REFORM. 
    WE MUST CHANGE OUR POLITICAL SYSTEM TO GIVE THE CITIZEN MORE 
POWER AND THE GOVERNMENT LESS; OUR ECONOMIC SYSTEM TO CONFER 
POWER ON CONSUMERS AND TO PROVIDE EMPLOYEES WITH A SHARE IN 
THE WEALTH THEY CREATE; OUR PUBLIC SERVICES TO GUARANTEE CHOICE 
AND DIGNITY TO EACH OF US; AND OUR EDUCATION SYSTEM TO EQUIP US 
BETTER FOR THE MODERN WORLD. 
    LIBERAL DEMOCRATS RECOGNISE THE IMPORTANCE OF THE THINGS WE 
OWN IN PRIVATE BUT WE ALSO KNOW THE VALUE OF WHAT WE HOLD IN 
COMMON. WE BELIEVE THAT PEOPLE ARE AT THEIR BEST AS MEMBERS OF 
COMMUNITIES, WHERE THEY CARE ABOUT EACH OTHER AND FOR THOSE 
LESS FORTUNATE THAN THEMSELVES. SO OUR POLICIES ARE DESIGNED TO 
STRENGTHEN COMMUNITIES, TACKLE CRIME AND POVERTY, BUILD UP THE 
COMMON WEALTH AND IMPROVE THE SHARED QUALITY OF LIFE. 
    IN THE ECONOMIC SPHERE WE KNOW THAT THE FREE MARKET IS THE 
BEST GUARANTEE OF RESPONSIVENESS TO CHOICE AND CHANGE. BUT WE 
BELIEVE THE MARKET SHOULD BE OUR SERVANT NOT OUR MASTER. SO WE 
SEE THE ROLE OF GOVERNMENT AS CRUCIAL IN MAKING THE MARKET WORK 
PROPERLY, BY CREATING THE CONDITIONS FOR SUCCESS, PROMOTING 
COMPETITION, BREAKING UP MONOPOLIES AND SPREADING 
INFORMATION. AND GOVERNMENT HAS TO BE READY TO MAKE THE 
INVESTMENTS WHICH PRIVATE ENTERPRISE WILL NOT, WHETHER IN 
TRANSPORT, EDUCATION OR PUBLIC WORKS. 
    LIBERAL DEMOCRATS KNOW THAT WE HAVE A DUTY, NOT ONLY TO EACH 
OTHER BUT TO THE GENERATIONS WHICH FOLLOW US, TO PROTECT THE 
ENVIRONMENT. WE BELIEVE THAT THIS IS BEST ACHIEVED NOT BY MAKING 
PEOPLE POORER OR LESS FREE BUT BY BUILDING TRUE ENVIRONMENTAL 
COSTS INTO THE MARKET SO AS TO REWARD THOSE WHO CONSERVE AND 
PENALISE THOSE WHO POLLUTE. 
    LIBERAL DEMOCRATS ARE UNCOMPROMISINGLY INTERNATIONALIST. WE 
KNOW THAT THERE IS A LIMIT TO WHAT BRITAIN CAN ACHIEVE ALONE AND 
WE ARE COMMITTED TO BUILDING IN THE WIDER WORLD THE SORT OF 
SOCIETY WE STRIVE FOR AT HOME, FOUNDED ON MUTUAL COOPERATION, 
POLITICAL LIBERTY AND SHARED PROSPERITY. WE HAVE LONG BEEN 
COMMITTED EUROPEANS, BELIEVING THAT BRITAIN CAN ONLY BE SECURE. 
SUCCESSFUL AND ENVIRONMENTALLY SAFE IF WE PLAY OUR FULL PART IN 
BUILDING A MORE UNITED AND DEMOCRATIC EUROPE. 
    GLOBALLY, LIBERAL DEMOCRATS WILL WORK TO STRENGTHEN 
INTERNATIONAL COOPERATION. WE REJECT OUTDATED NOTIONS OF NATIONAL 
SOVEREIGNTY, BELIEVING THAT THEY NOW STAND IN THE WAY OF 
COMMON ACTION TO DEAL WITH THE SCOURGES OF DISEASE AND HUNGER, 
THE DETERIORATION OF THE EARTH'S ENVIRONMENT AND THE CONTINUING 
ANGERS OF THE POST-COLD WAR WORLD. WE BELIEVE THAT ALL 
GOVERNMENT, WHETHER LOCAL, NATIONAL, OR INCREASINGLY EUROPEAN, 
SHOULD BE BOUND BY THE RIGHTS OF THE INDIVIDUAL AND SHOULD BE 
FULLY ACCOUNTABLE.  
   BECAUSE LIBERAL DEMOCRATS ALONE UNDERSTAND THAT WE SHALL NOT 
CHANGE BRITAIN'S FUTURE UNLESS AND UNTIL WE CHANGE BRITAIN'S 
ELECTORAL SYSTEM, WE ARE COMMITTED TO ELECTORAL AND CONSTITUTIONAL 
REFORM. WE SHALL NOT REST UNTIL THE GOVERNMENT OF BRITAIN FULLY 
BELONGS TO THE CITIZENS IT IS THERE TO SERVE.
 
BRITAIN'S BALANCE SHEET

IN DRAWING UP THIS MANIFESTO, WE HAVE BEGUN FROM WHERE 
BRITAIN IS TODAY. LIKE ANY GOOD AUDITOR, WE HAVE BEEN REALISTIC 
ABOUT NATIONAL ACHIEVEMENT AND FAILURES, ABOUT OPPORTUNITIES AND 
PROBLEMS. THE RESULT IS A BALANCE SHEET WHICH SHOWS OUR 
COUNTRY'S STRENGTHS AND WEAKNESSES.DESPITE SOME POINTS OF 
PROMISE AND POTENTIAL, BRITAIN'S BALANCE SHEET SHOWS HOW MUCH 
STILL NEEDS TO BE DONE. THE FOLLOWING PAGES REVEAL THE EXTENT TO 
WHICH, IN THE ECONOMY, IN THE ENVIRONMENT, IN EDUCATION, AND IN 
LOCAL SERVICES, SUCCESSIVE BRITISH GOVERNMENTS HAVE FAILED TO 
REALISE THE OPPORTUNITIES OF THE PAST DECADES. ALTHOUGH THERE ARE 
BRIGHT SPOTS, THE GENERAL PICTURE IS ONE OF RELATIVE DECLINE IN 
RELATION TO OTHER ADVANCED DEMOCRACIES. FORTY YEARS OF FAILURE ARE 
THE RESULT NOT ONLY OF MISJUDGED POLICIES FROM BOTH CONSERVATIVE 
AND LABOUR GOVERNMENTS .EVEN MORE CRUCIALLY, THEY ARE THE 
PRODUCT OF AN OUTDATED POLITICAL SYSTEM WHICH HAS CONSISTENTLY 
SACRIFICED THE LONG TERM TO THE SHORT TERM AND ABANDONED 
PRINCIPLES FOR EXPEDIENCY. 
THE ECONOMIC BALANCE SHEET

UK EXPORTS IN 1991: ~103,804M. BUT IMPORTS HAVE GROWN EVEN 
MORE, TO ~113,770M. THE BALANCE OF TRADE HAS BEEN NEGATIVE 
SINCE 1982, AND IN 1989 HIT A RECORD ~24 BILLION. INDUSTRIAL 
RELATIONS: ALTHOUGH INDUSTRIAL RELATIONS, AS MEASURED BY STRIKES, 
HAVE IMPROVED, THERE HAS STILL BEEN RELATIVELY LITTLE PROGRESS 
TOWARDS INVOLVING EMPLOYEES IN THE SUCCESS OF THEIR 
ENTERPRISES-THROUGH PROFIT-SHARING, SHARE OWNERSHIP AND 
STRUCTURES OF PARTICIPATION. POSITIVES: I IN SOME WAYS BRITISH 
INDUSTRY IS THRIVING. IN 1991 EXPORTS CLIMBED TO A RECORD LEVEL OF 
~103,804 MILLION. 2 INDUSTRIAL RELATIONS HAVE IMPROVED MARKEDLY 
SINCE THE 1970S. TRADE UNIONS HAVE BECOME MORE RESPONSIBLE 
AND DEMOCRATIC. DAYS LOST THROUGH STRIKES FELL FROM MORE THAN 29 
MILLION IN 1979 TO UNDER A MILLION IN THE YEAR TO OCTOBER 1991. 3 
THE EXCESSIVELY HIGH INCOME-TAX RATES INHERITED FROM THE LAST 
LABOUR GOVERNMENT HAVE BEEN BROUGHT DOWN-FROM A TOP RATE 
OF 83 PER CENT IN 1979 TO 40 PER CENT IN 1992. NEGATIVES: I 
UNEMPLOYMENT HAS BEEN THE MOST OBVIOUS COST OF THE CURRENT 
RECESSION. THE LATEST FIGURES SHOW 2,604,100 OUT OF WORK. THE 
NUMBER UNEMPLOYED FOR MORE THAN SIX MONTHS HAS DOUBLED IN 
THE PAST YEAR. 2 THE RECESSION IS BITING DEEPLY INTO INDUSTRY. 
BUSINESS BANKRUPTCIES HAVE JUMPED FROM 28,935 TO 47,777 IN 
1991. 3 HIGH INTEREST RATES ARE THROTTLING THE CHANCES OF 
ECONOMIC RECOVERY. BRITISH THREE-MONTH RATES STOOD AT 10.7 PER 
CENT IN FEBRUARY, COMPARED TO 9.5 PER CENT IN GERMANY, 5.3 PER 
CENT IN JAPAN AND 4.3 PER CENT IN THE US. SHORT-TERM 
MANAGEMENT OF THE ECONOMY HAS MEANT THAT GOVERNMENTS 
MANIPULATE INTEREST RATES TO ENSURE RE-ELECTION, RATHER THAN WITH 
THE LONG TERM INTERESTS OF THE ECONOMY IN MIND. INTEREST RATES FELL 
BEFORE EACH OF THE LAST TWO GENERAL ELECTIONS, ONLY TO RISE AGAIN 
AFTERWARDS. 4 BRITAIN IS FAILING TO INVEST FOR THE LONG TERM. 
INVESTMENT IN MANUFACTURING INDUSTRY FELL FROM ~3- 1 BILLION IN 
THE FIRST QUARTER OF 1990 TO ~2.5 BILLION IN THE LAST QUARTER OF 
1991. THIS DECLINE IS NOT JUST A FEATURE OF THE CURRENT RECESSION. 
FROM 1979 TO 1983 THE ANNUAL LEVEL OF MANUFACTURING INVESTMENT 
FELL BY 33 PER CENT. IT RECOVERED TO ITS 1979 LEVEL ONLY IN 1988. 5 
THIS FAILURE TO INVEST FOR THE LONG TERM CAN BE SEEN ALSO IN 
INNOVATION, THE DEVELOPMENT OF NEW IDEAS AND PRODUCTS. IN 
1984-8 ONLY 3.4 PER CENT OF PATENTS GRANTED IN THE US TO OTHER 
NATIONALS WENT TO BRITONS (3.7 PER CENT IN 1979-83). BY 
COMPARISON, FRANCE HAD GROWN FROM 3.3 PER CENT TO 3.4 PER CENT 
AND JAPAN MANAGED 18.8 PER CENT (AGAINST 12.9 PER CENT IN THE 
EARLIER PERIOD). 6 BRITAIN'S RECORD OF ECONOMIC GROWTH IS VERY 
POOR. THE UK ECONOMY CONTRACTED BY 2.2 PER CENT IN 1991-THE 
BIGGEST ANNUAL FALL SINCE THE 1930S WHILE ITALY'S GREW BY I .3 PER 
CENT AND GERMANY'S BY I .9 PER CENT. 7 CONSERVATIVE 
MANAGEMENT OF THE ECONOMY HAS STOKED THE BIGGEST CREDIT BOOM 
IN BRITAIN'S HISTORY. AVERAGE PERSONAL DEBT AS A PROPORTION OF 
DISPOSABLE HOUSEHOLD INCOME MUSHROOMED FROM 57 PER CENT IN 
1980 TO 114 PER CENT IN 1990. 8 CONSERVATIVE TAXATION POLICIES 
MAY HAVE REDUCED HIGH MARGINAL INCOME-TAX RATES, BUT IT WAS THE 
RICH WHO BENEFITED, NOT THE COUNTRY AS A WHOLE. FROM THE 
BEGINNING TO THE END OF THE 1980S, TAKE HOME PAY ROSE BY 41.4 
PER CENT FOR THOSE ON N2 TIMES THE NATIONAL AVERAGE, BY 37 PER 
CENT FOR THOSE ON THE NATIONAL AVERAGE AND BY ONLY 32 PER CENT FOR 
THOSE ON HALF THE AVERAGE. 

THE ENVIRONMENTAL BALANCE SHEET

RENEWABLE ENERGY GENERATION: 45 PER CENT OF ELECTRICITY DEMAND 
COULD BE MET FROM WIND POWER. IN FACT THE AMOUNT OF ELECTRICITY 
PRODUCED BY RENEWABLE SOURCES IN THE UK HAS STEADILY DECLINED 
OVER THE PAST FIVE YEARS. WHILE FRANCE PRODUCES ALMOST 20 PER 
CENT OF ITS ENERGY FROM RENEWABLE SOURCES THE UK MANAGES ONLY 
I .3 PER CENT. UNLEADED PETROL: AS IN SO MANY ENVIRONMENTAL 
MATTERS, BRITAIN WAS LATE IN INTRODUCING TAX DIFFERENTIALS FOR 
UNLEADED FUEL. IN 1989. SALES OF UNLEADED FUEL IN GERMANY WERE 
MORE THAN DOUBLE THOSE IN THE UK. POSITIVES: I BRITAIN HAS A 
MASSIVE ADVANTAGE IN NATURAL RESOURCES THAT GIVE IT THE POTENTIAL 
TO BE AT THE FOREFRONT OF RENEWABLE ENERGY GENERATION. 
GOVERNMENT ESTIMATES SHOW THAT UP TO 45 PER CENT OF ELECTRICITY 
DEMAND COULD BE MET FROM WIND POWER. 2 GOVERNMENT ACTION 
CAN SIGNIFICANTLY AFFECTS STANDARDS OF ENVIRONMENTAL PROTECTION. 
THE MARKET SHARE OF UNLEADED PETROL ROSE FROM 1.1 PER CENT TO 
43.0 PER CENT BETWEEN AUGUST 1988 AND NOVEMBER 1991. DUE TO 
WIDENING TAX DIFFERENTIALS.
3 BRITAIN HAS A POSITIVE RECORD ON PROTECTING ITS COUNTRYSIDE. 
MORE OF OUR LAND IS PROTECTED IN NATIONAL PARKS THAN ANY OTHER EC 
MEMBER, AND ONE MORE HAS RECENTLY BEEN ANNOUNCED, IN THE NEW 
FOREST. NEGATIVES: I IN TOO MANY WAYS BRITAIN UNFORTUNATELY 
DESERVES ITS NICKNAME OF THE DIRTY MAN OF EUROPE. CARBON 
DIOXIDE EMISSIONS-THE MAIN SOURCE OF GLOBAL WARMING-
INCREASED IN THE UK FROM 525 MILLION TONNES IN 1986 TO 530 
MILLION IN 1989. THE UN ESTIMATES THAT A REDUCTION IN CARBON 
DIOXIDE EMISSION OF 20 PER CENT BY 2005 WILL BE NECESSARY TO 
AVOID POTENTIALLY DISASTROUS EFFECTS OF GLOBAL WARMING. YET THE 
GOVERNMENT HAS COMMITTED BRITAIN MERELY TO STABILISE EMISSION 
BY 2005-WELL BEHIND THE MAJORITY OF EC COUNTRIES. 2 THE UK 
PRODUCES MORE SULPHUR DIOXIDE, THE MAIN CAUSE OF ACID RAIN, THAN 
ANY OTHER EC MEMBER, BUT IS ONLY NOW BEGINNING TO INSTALL 
POLLUTION-CONTROL DEVICES TO POWER STATIONS. GERMANY STARTED IN 
1984. 3 PROSECUTIONS FOR WATER POLLUTION MORE THAN DOUBLED 
BETWEEN 1981 AND 1988, WHILE AN ADDITIONAL 40 BEACHES WERE 
FOUND NOT BE COMPLYING WITH EC STANDARDS IN 1990-MAKING A 
TOTAL OF 20 PER CENT OF ALL BRITISH BEACHES. 4 THE GOVERNMENT HAS 
FAILED TO INVEST IN THE DEVELOPMENT OF RENEWABLE ENERGY 
SOURCES-DESPITE THE FACT THAT THEY AVOID THE POLLUTION PROBLEMS 
ASSOCIATED WITH COAL, OIL AND GAS. CURRENTLY, JUST OVER £20 
MILLION IS SPENT ANNUALLY ON RENEWABLE ENERGY RESEARCH AND 
DEVELOPMENT, COMPARED TO MORE THAN £200 MILLION A YEAR ON 
NUCLEAR POWER. 5 EVEN WORSE, THE GOVERNMENT HAS CUT THE 
BUDGET OF THE ENERGY EFFICIENCY OF OFFICE, WHILE INVESTMENT IN 
ENERGY CONSERVATION WOULD SAVE MONEY AND REDUCE POLLUTION. 
THE 1990-1 LEVEL OF FUNDING, A MEAGRE £23 MILLION, IS LOWER 
THAN IT WAS FOUR YEARS BEFORE. 6 POLLUTION FROM ROAD TRANSPORT 
HAS RISEN FROM 884 MILLION TONNES OF NITROGEN OXIDES IN 1980 TO 
1,298 MILLION TONNES IN 1989. CONGESTION ON THE ROADS COSTS AN 
ESTIMATED £ 15 BILLION A YEAR, YET THE GOVERNMENT CONTINUES TO 
DO NOTHING TO CURB THE RATE OF GROWTH OF CAR USE-ESTIMATED AT 
142 PER CENT BETWEEN 1990 AND 2005. 7 AT THE SAME TIME, THE 
PROPORTION OF FREIGHT CARRIED ON THE RAILWAYS BETWEEN 1989 AND 
1990 DROPPED FROM 9 PER CENT TO 7 PER CENT, WHILE THE PROPORTION 
USING ROAD TRANSPORT ROSE TO 83 PER CENT. 8 RAIL TRANSPORT IS 
PLACED AT A DISADVANTAGE IN BRITAIN. LEVELS OF GOVERNMENT 
SUPPORT FOR THE RAILWAYS FELL THROUGHOUT THE 1980S, FROM £1,262 
MILLION IN 1980-1 TO £462 MILLION IN 1990-1. 

THE EDUCATIONAL BALANCE SHEET

NUMBER OF TEACHERS: THE RETENTION RATE OF TEACHERS IS VERY BAD. 
MORE THAN HALF OF THE COUNTRY'S QUALIFIED TEACHERS HAVE LEFT THE 
PROFESSION. PUPIL-TEACHER RATIOS:IN RECENT YEARS, THE PUPIL-TEACHER 
RATIO HAS TURNED UP ONCE AGAIN-FROM 16.9 IN 1990 TO 17.2 IN 
1991. POSITIVES: I IN SOME WAYS EDUCATIONAL STANDARDS ARE 
IMPROVING. THE NUMBER OF TEACHERS IN NURSERY AND PRIMARY 
EDUCATION GREW FROM 176,228 IN 1986 TO 193,516 IN 1991. 2 
SIMILARLY, PUPIL-TEACHER RATIOS FELL FROM 18.2 IN 1980-1 TO 16.9 
IN 1990-1.
3 SOME OF THE GOVERNMENT'S CHANGES HAVE BEEN FOR THE BETTER. 
THE IDEA OF LOCAL MANAGEMENT OF SCHOOLS HAS, IN SOME PLACES, 
PRODUCED SCHOOL MANAGEMENT OF IMAGINATION AND QUALITY. 
NEGATIVES: I OVERALL, GOVERNMENT FUNDING OF EDUCATION IS 
INADEQUATE. THE PROPORTION OF BRITAIN'S GROSS DOMESTIC PRODUCT 
DEVOTED TO EDUCATION FELL FROM 5.6 PER CENT IN 1981-2 TO 5 PER 
CENT IN 1990 I.IN THE SAME YEAR FRANCE INVESTED 5.7 PER CENT OF 
GDP,THE US 6.7 PER CENT AND IRELAND 7.1 PER CENT. THE 
GOVERNMENT HAS BEEN QUITE HAPPY TO INVEST WHEN IT SUITS ITS OWN 
IDEOLOGICAL ENDS. PUPILS IN OPTED-OUT SCHOOLS ARE FUNDED AT AN 
AVERAGE OF FOUR TIMES THE LEVEL OF LEA PUPILS. 2 THE NUMBER OF 
SECONDARY SCHOOL TEACHERS FELL FROM 224,618 IN 1986 TO 198,030 
IN 1991.
3 THERE HAS BEEN A SERIOUS DECLINE IN THE NUMBER OF PEOPLE 
QUALIFYING AS TEACHERS, DOWN FROM 25,000 IN 1980 TO 18,500 IN 
1988. THE GOVERNMENT IS PLANNING FURTHER CUTS IN TEACHER-
TRAINING FACILITIES. 4 BRITISH CHILDREN LOSE OUT IN CRITICAL AREAS OF 
EDUCATION. THE PROPORTION OF CHILDREN IN PRE COMPULSORY 
EDUCATION IN 1987-8 WAS A MERE 3.6 PER CENT, COMPARED TO 13.5 
PER CENT IN GERMANY, 17 PER CENT IN BELGIUM AND 18.4 PER CENT 
IN FRANCE. 5 COMPARED TO OUR COMPETITORS, NOT ENOUGH OF OUR 
YOUNG PEOPLE STAY ON TO POST-COMPULSORY EDUCATION. THE 
PROPORTION OF 16- 18 YEAR OLDS IN FULL-TIME EDUCATION OR TRAINING 
WAS 35 PER CENT IN BRITAIN IN 1988, COMPARED TO 47 PER CENT IN 
GERMANY, 66 PER CENT IN FRANCE AND 79 PER CENT IN THE US. 6 
INVESTMENT IN SCIENTIFIC RESEARCH AND DEVELOPMENT HAS FALLEN 
FROM 0.35 PER CENT TO 0.28% OF GDP (WHILE IN GERMANY IT 
STANDS AT 0.40%), NOT ONLY AFFECTING OUR HIGHER EDUCATION SYSTEM 
BUT CREATING A KNOCK-ON EFFECT THROUGHOUT THE BRITISH ECONOMY. 

THE SOCIAL BALANCE SHEET

HOME OWNERSHIP: GOVERNMENT HELP HAS BEEN DIRECTED TO HOME 
OWNERS AT THE EXPENSE OF OTHERS. INVESTMENT IN LOCAL AUTHORITY 
HOUSING HAS COLLAPSED AND NO HELP IS AVAILABLE TO THE PRIVATE 
RENTED SECTOR.
POLICE INSUFFICIENT EFFORT HAS BEEN DEVOTED TO MAKING SURE 
POLICEMEN ARE ON THE BEAT. A MORE VISIBLE POLICE PRESENCE IN 
COMMUNITIES IS ESSENTIAL TO COMBAT BOTH CRIME AND THE FEAR OF 
CRIME.
POSITIVES: I OVERALL, BRITISH STANDARDS OF HEALTH ARE IMPROVING. 
LIFE EXPECTANCY FOR MEN ROSE FROM 70.8 YEARS IN 1981 TO 73.2 
YEARS IN 1991, AND FOR WOMEN FROM 76.8 TO 78.8 YEARS. 2 HOME 
OWNERSHIP IN BRITAIN ROSE FROM 55.8 PER CENT OF HOUSEHOLDS IN 
1981 TO 67.3% IN 1991.
3 THE SIZE OF THE POLICE ESTABLISHMENT HAS INCREASED BY 15 PER 
CENT SINCE 1978-9. EXPENDITURE ON THE POLICE ROSE BY 55 PER CENT 
IN REAL TERMS OVER THE SAME PERIOD, AND POLICE PAY SHOWED A 29 
PER CENT REAL RISE. NEGATIVES: I WHILE THE NHS HOSPITAL SECTOR'S 
REAL PURCHASING POWER GREW BY 15.6 PER CENT BETWEEN 1980-1 
AND 1990-1, EXPENDITURE REQUIREMENTS (DUE TO DEMOGRAPHIC 
CHANGE AND THE RISING COSTS OF MEDICAL TECHNOLOGY) IN FACT 
INCREASED BY 21.3 PER CENT. THE CUMULATIVE SHORTFALL IN THE 
HOSPITAL AND COMMUNITY HEALTH SERVICES SECTOR IN ENGLAND ALONE 
NOW STANDS AT £4.44 BILLION. 2 THE TOTAL NUMBER OF PEOPLE 
WAITING FOR NHS TREATMENT IN THE UK ROSE TO MORE THAN ONE 
MILLION IN MARCH 1990. TWENTY-FIVE PER CENT OF INPATIENTS WAIT 
FOR LONGER THAN A YEAR FOR TREATMENT. 3 THE NUMBER OF SIGHT TESTS 
HAS FALLEN BY 21 PER CENT SINCE THE INTRODUCTION OF CHARGES IN 
1988.
4 THE GOVERNMENT HAS WITHDRAWN FUNDING FOR NEW HOUSE 
BUILDING, AND REFUSED TO ALLOW COUNCILS TO SPEND THE RECEIPTS THEY 
HAVE GAINED FROM NEW HOME OWNERS. AS A RESULT, THE AMOUNT OF 
LOCAL AUTHORITY HOUSING BUILT HAS FALLEN FROM MORE THAN 65,300 
HOMES IN 1979 TO A MERE 8,600 IN 1990. 5 THE NUMBER OF PEOPLE 
ACCEPTED BY LOCAL AUTHORITIES AS HOMELESS ROSE FROM 70,000 IN 
1979 TO ALMOST 170,000 IN 1990-AND THIS DOES NOT INCLUDE THE 
SINGLE HOMELESS. 6 WITH THE MASSIVE EXPANSION OF MORTGAGE 
LENDING AND THE SUBSEQUENT USE OF INTEREST RATES TO BRING DOWN 
INFLATION, THE NUMBER OF MORTGAGES OVER 12 MONTHS IN ARREARS 
ROSE FROM 59,690 IN JUNE 1991 TO 91,740 BY THE END OF THE YEAR. 
THE NUMBER OF PROPERTIES REPOSSESSED ROSE BY 74 PER CENT OVER 
THE 1990 FIGURE TO 75,540 IN 1991. 7 OUTCOMES HAVE FAILED 
DISASTROUSLY TO MATCH THE INPUT OF ADDITIONAL RESOURCES TO LAW AND 
ORDER. RECORDED RATES OF NOTIFIED CRIME HAVE INCREASED YEAR ON 
YEAR BY 5.5 PER CENT ON AVERAGE, AND BY A MASSIVE 16 PER CENT IN 
1990-91. 8 AT THE SAME TIME, CRIME CLEAR-UP RATES HAVE DECLINED 
TO 32 PER CENT.
9 BRITAIN HAS PROPORTIONATELY THE LARGEST PRISON POPULATION OF ANY 
EC COUNTRY-AND WE ALSO HAVE MORE PRISONERS SERVING LIFE 
SENTENCES THAN THE REST OF THE EC COMBINED. NOT ONLY IS 
IMPRISONMENT OF DOUBTFUL VALUE FOR MANY OFFENDERS, IT IS ALSO 
EXTREMELY EXPENSIVE. BETTER VALUE FOR MONEY WOULD RESULT FROM 
LESS USE OF CUSTODY FOR MANY CLASSES OF OFFENDER.
 
POLICIES FOR THE NEW CENTURY 

IT IS CLEAR FROM OUR ANALYSIS OF BRITAIN'S BALANCE SHEET THAT BRITAIN 
NEEDS CHANGE. HERE ARE OUR FIRST STEPS, THE KEY MEASURES WHICH 
WE BELIEVE MUST BE TAKEN STRAIGHT AWAY IF WE ARE TO BREAK THE 
CYCLE OF BRITAIN'S DECLINE, UNLOCK THE FULL SCOPE OF BRITAIN'S 
POTENTIAL AND PAVE THE WAY TO FUTURE SUCCESS. 
¥ BRITAIN'S POLITICAL INSTITUTIONS NEED THOROUGH-GOING REFORM: 
STABLE AND REPRESENTATIVE GOVERNMENT, ELECTED PARLIAMENTS IN 
SCOTLAND AND WALES, DECENTRALISATION OF POWER TO THE ENGLISH 
REGIONS AND TO LOCAL GOVERNMENT, FREEDOM OF INFORMATION AND A 
BILL OF RIGHTS. AS THE ESSENTIAL MEASURE TO SECURE AND ENTRENCH 
LASTING REFORM WE WILL INTRODUCE FAIR VOTES BY PROPORTIONAL 
REPRESENTATION FOR PARLIAMENTARY ELECTIONS. 
¥ IN THE MIDDLE OF THE RECESSION, THE ECONOMY NEEDS NEW IMPETUS 
NOT A TAX CUT. WE WILL IMMEDIATELY INTRODUCE AN EMERGENCY 
PROGRAMME OF INVESTMENT IN THE INFRASTRUCTURE AND IN PUBLIC 
WORKS IN ORDER TO GET COMPANIES AND PEOPLE BACK TO WORK, THUS 
REDUCING UNEMPLOYMENT BY 600,000 OVER THE NEXT TWO YEARS. 
¥ LOWER INFLATION AND A STABLE CLIMATE FOR INDUSTRY TO PLAN AND 
PROSPER WILL LEAD TO LONG-TERM PROSPERITY. WE WILL GIVE THE BANK 
OF ENGLAND INDEPENDENT RESPONSIBILITY FOR MONETARY POLICY, WITH 
A REQUIREMENT TO PROMOTE PRICE STABILITY. WE WILL PUT THE POUND 
INTO THE NARROW BAND OF THE EXCHANGE RATE MECHANISM. 
¥ ENVIRONMENTAL PRIORITIES MUST BE BUILT INTO ALL ECONOMIC 
DECISION-MAKING, ENSURING THAT ECONOMIC SUCCESS GOES HAND IN 
HAND WITH ENVIRONMENTAL RESPONSIBILITY. WE WILL INTRODUCE NEW 
ENVIRONMENTAL INCENTIVES. 
¥ THE SKILLS AND CAPABILITIES OF THE BRITISH PEOPLE MUST BE 
ADEQUATE TO MEET THE CHALLENGES OF THE NEW CENTURY. WE WILL 
INCREASE INVESTMENT IN EDUCATION BY £2 BILLION, FUNDING THIS BY 
AN INCREASE OF I P ON INCOME TAX. 
¥ OLDER PEOPLE DESERVE GREATER SECURITY. WE WILL PROTECT PRIVATE 
PENSIONS, AND INCREASE THE BASIC STATE PENSION, MAKING IT PAYABLE 
AS OF RIGHT WITHOUT MEANS TESTING. 
¥ BRITAIN'S FUTURE MUST BE SAFEGUARDED BY ACTIVE MEMBERSHIP OF A 
EUROPEAN COMMUNITY WHICH IS UNITED AND DEMOCRATIC AND IN 
WHICH DECISIONS ARE TAKEN AS CLOSE TO THE PEOPLE AS POSSIBLE. WE 
WILL TAKE DECISIVE STEPS TOWARDS THE ECONOMIC, MONETARY AND 
POLITICAL UNION OF A DEMOCRATIC EUROPE. ONLY WHEN THESE KEY 
STEPS HAVE BEEN TAKEN WILL GOVERNMENT AND INDIVIDUALS ALIKE BE 
ABLE TO PLAN FOR THE LONG TERM, INSTEAD OF FOCUSING ON THE SHORT 
TERM AND THE NEXT ELECTION. THE BALANCE OF THIS MANIFESTO SETS OUT 
THE LIBERAL DEMOCRAT VISION OF THE FUTURE: OUR LONG-TERM 
PROGRAMME FOR GOVERNMENT .THE DETAILED COSTING AND REVENUE 
RAISING EFFECTS OF OUR PROPOSALS ARE CONTAINED IN A SEPARATE 
SUPPLEMENT.


1. BRITAIN'S PROSPERITY: PUBLIC INVESTMENT; 
PRIVATE ENTERPRISE

LIBERAL DEMOCRATS AIM TO ENCOURAGE A COMPETITIVE AND 
ENTERPRISING ECONOMY WHICH IS ENVIRONMENTALLY SUSTAINABLE, 
FOUNDED ON PARTNERSHIP AND ADVANCED SKILLS AND CLOSELY 
INTEGRATED WITH EUROPE.
     WHAT THE ECONOMY NEEDS IS A NEW IMPETUS. THE 
GOVERNMENT'S PROPOSED TAX CUT WILL NOT ACHIEVE THIS. ONLY NEW 
INVESTMENT WILL PROVIDE THE KICK-START NEEDED TO ESCAPE FROM 
RECESSION AND REDUCE THE WASTE OF TALENT AND ENERGY WHICH 
RESULTS FROM UNEMPLOYMENT. 
    BUT LIBERAL DEMOCRATS ALSO RECOGNISE BRITAIN'S LONG-TERM 
NEEDS. WE ARE COMMITTED TO THE FREE MARKET, TO FREE TRADE AND TO 
THE CREATION OF A COMPETITIVE AND ENTERPRISING ECONOMY. WE DO 
NOT BELIEVE IT IS GOVERNMENT'S JOB TO RUN BUSINESS-PEOPLE DO 
THAT MUCH BETTER. WE SEE GOVERNMENT'S ROLE AS ENABLING FIRMS 
AND ENTREPRENEURS TO HAVE THE BEST POSSIBLE CHANCE. THAT MEANS 
ENCOURAGING COMPETITION, INVESTING IN SKILLS, INVOLVING 
EMPLOYEES IN THE SUCCESS OF THEIR COMPANIES, NURTURING SMALL 
BUSINESSES, PLAYING A POSITIVE PART IN THE CONSTRUCTION OF THE NEW 
EUROPEAN ECONOMY AND, ABOVE ALL, BRINGING GREATER STABILITY TO 
NATIONAL ECONOMIC MANAGEMENT. 
    OUR LONG-TERM AIM IS TO SHIFT THE BURDEN OF TAXATION AWAY FROM 
THE THINGS THE COUNTRY NEEDS MORE OF-INCOME, SAVINGS AND 
VALUE ADDED-AND ON TO THE THINGS WE WANT LESS OF, SUCH AS 
POLLUTION AND RESOURCE DEPLETION. 
 
TURNING BRITAIN ROUND

THE CURRENT RECESSION IS UNDERMINING BRITAIN'S COMPETITIVENESS 
AND FUTURE SUCCESS. UNEMPLOYMENT AND BUSINESS CLOSURES LEAD 
TO A WASTAGE OF TALENT AND A LOSS OF RESOURCES. AT THE SAME TIME, 
ESSENTIAL INVESTMENT IN OUR COUNTRY'S FUTURE, IN INFRASTRUCTURE, IN 
EDUCATION AND TRAINING AND IN INNOVATION IS BEING NEGLECTED. 
    LIBERAL DEMOCRATS WILL INTRODUCE AN EMERGENCY PROGRAMME OF 
INVESTMENT TO END THE SLUMP. WE WILL IMMEDIATELY PUT IN HAND A 
MAJOR PROGRAMME OF PUBLIC CAPITAL INVESTMENT, FUNDED BY 
REVERSING THE TORY TAX CUT TOGETHER WITH A PRUDENT INCREASE IN 
BORROWING.  
   THIS, COMBINED WITH A FREEZE IN BUSINESS RATES AND NEW 
INVESTMENT IN EDUCATION TO INCREASE THE NATION'S SKILLS, WILL KICK-
START RECOVERY AND CREATE JOBS. WE WILL:
 ¥ ATTACK UNEMPLOYMENT BY CREATING NEW EMPLOYMENT 
OPPORTUNITIES. OUR EMERGENCY PROGRAMME SHOULD REDUCE 
UNEMPLOYMENT BY AT LEAST 600,000 OVER TWO YEARS. WE WILL 
INCREASE SPENDING ON PUBLIC TRANSPORT, HOUSING, HOSPITALS AND 
SCHOOLS, ON ENERGY EFFICIENCY AND CONSERVATION PROJECTS AND ON 
EDUCATION AND TRAINING - ALL SENSIBLE INVESTMENTS FOR THE 
COUNTRY'S FUTURE. WE WILL AIM TO GUARANTEE EVERYONE OUT OF WORK 
FOR SIX MONTHS OR MORE A PLACE ON EITHER A HIGH QUALITY TRAINING 
PROGRAMME OR ON A WORK PROGRAMME WITH A STRONG ELEMENT OF 
TRAINING.
 ¥ INVEST IN INFRASTRUCTURE. WE WILL PROVIDE SUPPORT FOR TRANSPORT 
INFRASTRUCTURE, INCLUDING A DEDICATED HIGH-SPEED RAIL LINK FROM THE 
CHANNEL TUNNEL TO CONNECT WITH THE MAJOR ROUTES TO THE NORTH AND 
WEST OF BRITAIN, AND THE EXTENSION OF ELECTRIFICATION THROUGHOUT 
THE COUNTRY. WE WILL ENCOURAGE THE EXPANSION OF AIRPORTS OUTSIDE 
THE SOUTH EAST.
 ¥ FREEZE BUSINESS RATES THIS YEAR, THUS EFFECTIVELY REDUCING THEM 
IN REAL TERMS, A LARGER REDUCTION THAN THAT PROMISED BY THE 
GOVERNMENT.
 ¥ CREATE A TRAINING INCENTIVE FOR FIRMS THROUGH THE INTRODUCTION 
OF A LEVY EQUAL TO 2 PER CENT OF PAYROLL, FROM WHICH THEY WOULD 
DEDUCT THEIR EXPENDITURE ON TRAINING. WE WILL REQUIRE EMPLOYERS 
TO RELEASE THEIR EMPLOYEES AGED UNDER 19 FOR A MINIMUM OF TWO 
DAYS A WEEK FURTHER EDUCATION AND/OR TRAINING FOR NATIONALLY 
RECOGNISED QUALIFICATIONS. WE WILL ESTABLISH A FULLY INTEGRATED 
SYSTEM OF SKILLS TRAINING, LEADING TO RECOGNISED QUALIFICATIONS FOR 
A BROAD RANGE OF SKILLS. WE WILL INCREASE ACCESS COURSES FOR 
MATURE STUDENTS AND RETRAINING FOR WOMEN RETURNERS AND THOSE IN 
MID-CAREER. WE WILL FUND CRASH COURSES IN THE MAIN AREAS OF SKILL 
SHORTAGE, AIMED IN PARTICULAR AT THE LONG-TERM UNEMPLOYED.
 ¥ INVEST IN LOCAL ECONOMIES. WE WILL SET UP AND FUND NEW 
REGIONAL DEVELOPMENT AND LOCAL ENTERPRISE AGENCIES. WE WILL 
ENCOURAGE TECS TO BECOME STRONG, LOCALLY BASED, EMPLOYER-LED 
ORGANISATIONS PROVIDING BUSINESS SERVICES, ACTING AS AN EFFECTIVE 
VOICE FOR BUSINESS AT LOCAL LEVEL, AND OVERSEEING TRAINING OF THOSE 
IN EMPLOYMENT. WE WILL ENCOURAGE DECENTRALISATION OF BANKS AND 
OTHER FINANCIAL INSTITUTIONS. WE WILL END THE PRESENT 
GOVERNMENT'S POLICY OF CLAWING BACK FROM LOCAL AUTHORITIES 
AMOUNTS EQUIVALENT TO THOSE THEY RECEIVE FROM THE EUROPEAN 
COMMUNITY'S REGIONAL DEVELOPMENT FUND.
 ¥ INVEST IN RESEARCH, INNOVATION AND DESIGN. WE WILL INCREASE 
IMMEDIATELY THE GOVERNMENT SCIENCE BUDGET TO 0.35 PER CENT OF 
GDP AND RAISE IT STEADILY THEREAFTER. WE WILL ESTABLISH REGIONAL 
TECHNOLOGY TRANSFER CENTRES TO BRING TOGETHER THE RESOURCES OF 
INDUSTRY, COLLEGES, AND GOVERNMENT LABS. WE WILL ENCOURAGE 
INDUSTRY TO INVEST IN INNOVATION AND TO IMPROVE THE PROVISION OF 
SEEDCORN CAPITAL. WE WILL REVERSE CUTS IN DESIGN CONSULTANCY 
SCHEMES AND PROVIDE ADDITIONAL FUNDING FOR THE DESIGN COUNCIL. 

MAKING BRITAIN COMPETITIVE

A CLIMATE OF ENTERPRISE AND COMPETITION IS VITAL IF BRITISH INDUSTRY 
AND PRODUCTS ARE TO COMPETE EFFECTIVELY IN OVERSEAS MARKETS. YET 
THE CURRENT GOVERNMENT HAS CONCENTRATED INSTEAD ON CONVERTING 
PUBLIC INTO PRIVATE MONOPOLIES. WE WILL: 
¥ STIMULATE COMPETITION. WE WILL TAKE TOUGH ACTION AGAINST 
MONOPOLIES, MERGERS AND FINANCIAL RAIDS. THE MONOPOLIES AND 
MERGERS COMMISSION WILL BE COMBINED WITH THE OF OFFICE OF 
FAIR TRADING AND MADE INDEPENDENT OF GOVERNMENT, INCREASING 
ITS EFFECTIVENESS. WE WILL INTRODUCE A RESTRICTIVE PRACTICES ACT TO 
PENALISE ANTI-COMPETITIVE BEHAVIOUR AND END PRICE-FIXING BY 
CARTELS. WE WILL ENCOURAGE GREATER COMPETITION IN THE BANKING 
SECTOR.
 ¥ BREAK UP MONOPOLIES. WE WILL BREAK UP THE MONOPOLY 
PROVIDERS OF SERVICES SUCH AS BRITISH TELECOM AND BRITISH GAS. 
WE WILL PERMIT ACCESS BY PRIVATE OPERATORS TO THE BRITISH RAIL 
TRACK NETWORK. WE WILL LIBERALISE THE COAL INDUSTRY BY 
TRANSFERRING OWNERSHIP OF COAL RESERVES TO THE CROWN (IN LINE 
WITH OTHER MINERALS), AND ISSUING LICENCES TO OPERATE PITS TO OTHER 
GROUPS, AS WELL AS BRITISH COAL.
 ¥ PROMOTE CONSUMER RIGHTS. WE WILL TAKE THE LEAD WITHIN THE EC 
TO ENSURE THAT ALL PRODUCTS COME WITH ACCURATE, FULL AND SIMPLE 
PRODUCT AND SERVICE INFORMATION. WE WILL GIVE CONSUMER 
WATCHDOGS, INCLUDING THE REGULATORS AND THE STANDARDS 
DEPARTMENTS, GREATER POWERS, AND IMPROVE REDRESS FOR 
INADEQUATE GOODS AND SERVICES.
 ¥ ENCOURAGE DECENTRALISED WAGE BARGAINING. OUR PLANS TO SPREAD 
EMPLOYEE OWNERSHIP AND PARTICIPATION WILL ENCOURAGE WAGES TO 
BE SET ACCORDING TO THE PROFITABILITY OF INDIVIDUAL FIRMS RATHER 
THAN TO SOME NATIONAL ""GOING RATE"". IN ADDITION, WE WILL 
ENCOURAGE MOVES TOWARDS GREATER DECENTRALISATION OF WAGE 
BARGAINING AT COMPANY LEVEL AND, IN THE LONGER TERM AS NATIONAL 
AND REGIONAL GOVERNMENT DEVELOPS, IN THE PUBLIC SECTOR. 

SERVING CUSTOMERS

MANY FINANCIAL INSTITUTIONS, AND PARTICULARLY SOME OF THE HIGH-
STREET BANKS, HAVE A POOR RECORD OF CUSTOMER SERVICE, FOR 
INDIVIDUALS AND BUSINESSES. IT IS STILL FAR TOO COMMON TO SEE 
CHARGES APPLIED TO ACCOUNTS, OR INTEREST RATES CHANGED, WITHOUT 
CUSTOMERS BEING FULLY INFORMED, AND TO SEE NEW TYPES OF 
ACCOUNTS OPENED WITHOUT EXISTING CUSTOMERS BEING TOLD THAT THEY 
COULD BENEFIT FROM THEM.  
   BANKS WHICH ARE RESPONSIVE TO THEIR CUSTOMERS WILL BE GOOD 
FOR THE ECONOMY. WE WILL ENSURE THAT COMMERCIAL BORROWERS ARE 
ENTITLED TO A FULL CONTRACT SPECIFYING THE TERMS, CONDITIONS AND 
DURATION OF THE SERVICES PROVIDED. WE WILL INTRODUCE RIGHTS FOR 
CUSTOMERS OF ALL FINANCIAL INSTITUTIONS, ENSURING THEY ARE FULLY 
INFORMED WHEN CHANGES ARE MADE WHICH DO OR MIGHT AFFECT 
THEM. 

PROMOTING ENTERPRISE

GOVERNMENT NEEDS TO PROVIDE AN IMMEDIATE IMPETUS TO GET THE 
ECONOMY MOVING. BUT LONG-TERM PRIVATE INVESTMENT IN THE 
PRODUCTION OF HIGH-QUALITY TRADABLE GOODS AND SERVICES IS 
ESSENTIAL FOR LONG-TERM SUCCESS. THIS WILL ONLY BE POSSIBLE IF WE 
ENCOURAGE A CLIMATE OF INVESTMENT, ENTERPRISE AND PARTNERSHIP. 
WE WILL:
 ¥ REFORM TAXATION TO INCREASE INVESTMENT. WE WILL INCREASE 
INVESTMENT SUBSTANTIALLY IN SCHEMES SUCH AS SMART TO 
ENCOURAGE INNOVATION IN INDUSTRY, PARTICULARLY SMALL AND 
MEDIUM-SIZED ENTERPRISES, ESPECIALLY THOSE INVOLVED IN 
MANUFACTURING. WE WILL REFORM CORPORATION TAX AND THE TAXATION 
OF SAVINGS TO ACHIEVE EVEN TREATMENT OF DIFFERENT FORMS OF 
SAVINGS. THIS WILL REDUCE THE CURRENT TAX PENALTIES ON INVESTMENT 
IN INDUSTRY.
 ¥ ENCOURAGE A LONG-TERM APPROACH TO PRIVATE INVESTMENT. WE 
WILL REVERSE THE BURDEN OF PROOF FOR ACQUISITIONS AWAY FROM THE 
TARGET COMPANY TOWARDS THE PREDATOR, AND REQUIRE COMPANIES TO 
BALLOT THEIR SHAREHOLDERS ON BID PLANS. WE WILL REFORM COMPANY 
LAW TO REQUIRE GREATER DISCLOSURE OF INFORMATION SUCH AS 
EXPENDITURE ON RESEARCH AND DEVELOPMENT. WE WILL DEFINE THE 
RESPONSIBILITIES OF NON-EXECUTIVE DIRECTORS AND INSIST THAT ALL 
PUBLICLY QUOTED COMPANIES HAVE THEM ON THEIR BOARDS.
 ¥ ENCOURAGE SMALL BUSINESSES AND THE SELF-EMPLOYED, AND 
ENSURE A ""LEVEL PLAYING FIELD"" FOR THEM IN COMPETING WITH THEIR 
LARGER COUNTERPARTS. THIS WILL INCLUDE RELIEVING THE ADMINISTRATIVE 
BURDEN ON SMALL BUSINESSES, LEGISLATING TO MAKE INTEREST PAYABLE 
ON OVERDUE DEBT, AND ENCOURAGING TECS, CHAMBERS OF 
COMMERCE AND LOCAL ENTERPRISE AGENCIES TO REORGANISE TO FORM A 
NETWORK OF BUSINESS LED ""ONE-STOP SHOPS"". WE WILL ENCOURAGE, 
AND IF NECESSARY LEGISLATE FOR, BANKS TO TREAT SMALL BUSINESSES 
FAIRLY BY AGREEING CONTRACTS FOR SERVICES.
 ¥ ENCOURAGE FLEXIBILITY IN WORKING PATTERNS, INCLUDING PART-TIME 
AND FLEXI-TIME WORK, JOB-SHARING AND HOMEWORKING, ADEQUATE 
BACKUP FOR CARERS OF THE YOUNG OR OLD, AND ACCESS TO APPROPRIATE 
TRAINING. WE WILL ENCOURAGE A NEW SYSTEM OF TAX-FREE CHILD-CARE 
VOUCHERS FOR PARENTS OF CHILDREN UNDER FIVE, GIVEN BY EMPLOYERS 
AND USABLE IN WORKPLACE, LOCAL AUTHORITY AND PRIVATE NURSERIES 
AND FOR INDIVIDUAL QUALIFIED CARERS.
 ¥ SHARE SUCCESS IN INDUSTRY. WE WILL LEGISLATE TO ESTABLISH THE 
RIGHT OF EVERY PRIVATE SECTOR EMPLOYEE IN A SUBSTANTIAL COMPANY 
TO HAVE ACCESS TO A SHARE IN OWNERSHIP AND/OR IN THE PROFITS THEY 
HELP TO CREATE. WE WILL ENCOURAGE PROFIT-RELATED PAY, EMPLOYEE 
SHARE-OWNERSHIP SCHEMES AND EMPLOYEE BUY-OUTS. WE WILL 
RELAUNCH THE COOPERATIVE DEVELOPMENT AGENCY.
 ¥ BUILD PARTNERSHIP IN INDUSTRY. WE WILL ENSURE THAT EVERY 
EMPLOYEE HAS A RIGHT TO PARTICIPATE IN DECISION-MAKING IN THEIR 
ENTERPRISE. WE WILL SET UP A NEW INDUSTRIAL PARTNERSHIP AGENCY TO 
HELP COMPANIES AND THEIR EMPLOYEES FIND THE PRECISE FORMS OF 
PARTNERSHIP WHICH BEST SUIT THEM. 

CREATING LONG-TERM PROSPERITY

WE WILL CHANGE THE WAYS IN WHICH ECONOMIC POLICY IS MADE AND 
IMPLEMENTED, TO BRING GREATER STABILITY AND A SENSIBLE FRAMEWORK 
TO ECONOMIC MANAGEMENT-ENDING THE PRESENT ""BOOM 
BUST""APPROACH. THIS REQUIRES FULLER INTEGRATION WITH THE 
EUROPEAN COMMUNITY. OUR KEY CHANGES ARE:
 ¥ ESTABLISHING AN OPERATIONALLY INDEPENDENT BANK OF ENGLAND TO 
BECOME THE CENTRAL BANK OF THE UK, TO ENSURE DISCIPLINED 
ECONOMIC MANAGEMENT, TO END POLITICAL MANIPULATION OF THE 
ECONOMY AND TO FORM THE ROCK UPON WHICH A LONG-TERM ANTI-
INFLATIONARY STRATEGY CAN BE BUILT. THIS WILL ALSO HELP PROGRESS 
TOWARDS AN INDEPENDENT EUROPEAN CENTRAL BANK.
 ¥ MOVING STERLING TO THE NARROW BAND OF THE EUROPEAN EXCHANGE 
RATE MECHANISM AS SOON AS POSSIBLE, HELPING STABLE PROGRESS 
TOWARDS LOWER INTEREST RATES.
¥ TAXES AND PUBLIC SPENDING TO BE SET TO REACH A ""SAVINGS TARGET"" 
FOR THE NATION OVER A PERIOD OF YEARS. WE WILL SET A TARGET AS A 
TOTAL OF PRIVATE AND PUBLIC-SECTOR SAVINGS, AND ADJUST FISCAL POLICY 
TO ACHIEVE THE TARGET OVER THE MEDIUM TERM. IF THE COUNTRY DOES 
NOT SAVE ENOUGH TO ACHIEVE THE TARGET WE WILL ALTER TAXES AND 
PUBLIC SPENDING ACCORDINGLY, TO ENSURE ADEQUATE LONG-TERM 
INVESTMENT AND KEEP THE ECONOMY DEVELOPING IN A NON-
INFLATIONARY WAY. WE WILL ENCOURAGE INDIVIDUAL SAVINGS BY 
GIVING TAX RELIEF ON ALL INCOME PAID INTO NEW REGISTERED SAVINGS 
ACCOUNTS.
 ¥ REFORM OF THE ANNUAL BUDGET. WE WILL PUBLISH A DRAFT BUDGET 
FOUR MONTHS BEFORE THE FINAL VERSION, TO PROMOTE OPEN 
DISCUSSION OF ECONOMIC AND TAXATION POLICY.THIS WILL FACILITATE 
THE INTEGRATION OF SPENDING AND REVENUE-RAISING, A MEASURE WE 
HAVE LONG ADVOCATED. THIS WILL ALSO MAKE IT EASIER TO MEASURE THE 
IMPACT OF ECONOMIC POLICY ON THE ENVIRONMENT. WE WILL ESTABLISH 
AN INDEPENDENT NATIONAL STATISTICAL COMMISSION TO COLLECT AND 
PUBLISH STATISTICS AND IMPROVE THEIR QUALITY.
 ¥ WORKING TOWARDS EUROPEAN ECONOMIC AND MONETARY UNION, 
INCLUDING THE ESTABLISHMENT OF AN INDEPENDENT EUROPEAN CENTRAL 
BANK AND A SINGLE EUROPEAN CURRENCY. WE WILL RENOUNCE THE 
CONSERVATIVES' MAASTRICHT ""OPT-OUT"" CLAUSE, ACCEPT THE TIMETABLED 
APPROACH TO EMU, AND RENEGOTIATE THE SOCIAL CHAPTER WITH A 
POSITIVE BRITISH INPUT. 

CHANGING THE ECONOMY FOR GOOD

LIBERAL DEMOCRATS RECOGNISE THAT IF WE ARE TO IMPROVE BRITAIN'S 
DISAPPOINTING ECONOMIC PERFORMANCE WE HAVE TO CHANGE THE 
GOVERNMENTAL SYSTEM WHICH PRODUCES IT. OUR PROPOSALS FOR 
ELECTORAL AND CONSTITUTIONAL REFORM ARE A PREREQUISITE FOR BETTER 
ECONOMIC PERFORMANCE. PROPORTIONAL REPRESENTATION WILL PRODUCE 
GREATER STABILITY IN GOVERNMENT, ENDING THE ECONOMIC DISRUPTION 
CAUSED BY SUDDEN SHARP SWINGS IN GOVERNMENT POLICIES BEFORE 
AND AFTER ELECTIONS. HOME RULE AND DECENTRALISATION WILL ENSURE 
THAT ECONOMIC POWER AND PROSPERITY IS SPREAD THROUGHOUT 
BRITAIN. INTEGRATION WITHIN EUROPE WILL CREATE THE FRAMEWORK FOR 
LONG-TERM ECONOMIC STRENGTH. FREEDOM OF INFORMATION LEGISLATION 
AND OPEN GOVERNMENT WILL IMPROVE COMPETITION AND ENCOURAGE 
INFORMED DEBATE. A WRITTEN CONSTITUTION WILL ENSURE THAT 
POLITICIANS CAN NO LONGER IGNORE LONG-TERM PRIORITIES FOR SHORT-
TERM EXPEDIENCY AND POLITICAL ADVANTAGE. 

CHILDCARE VOUCHERS

BRITAIN SERIOUSLY LAGS BEHIND ITS CONTINENTAL NEIGHBOURS IN 
PROVISION FOR CHILD CARE FOR WORKING PARENTS. THIS NOT ONLY 
UNFAIRLY IMPEDES OPPORTUNITY FOR THE PEOPLE CONCERNED. IT HOLDS 
BACK THE CONTRIBUTION TO THE ECONOMY OF MANY HIGHLY SKILLED 
WORKERS.  
   WE WILL ENCOURAGE THE INTRODUCTION OF A SYSTEM OF CHILD CARE 
VOUCHERS, PROVIDED BY EMPLOYERS TO PARENTS WITH CHILDREN UNDER 
SCHOOL AGE. THEY WILL BE USABLE TO PAY FOR CHILD CARE IN A RANGE 
OF PLACES-WORKPLACE, LOCAL AUTHORITY OR PRIVATE NURSERIES, PLAY 
GROUPS OR BY INDIVIDUAL QUALIFIED CARERS. THE PARENT WILL CHOOSE, 
TOPPING UP THE VALUE IF THEY WISH. CHILD CARE VOUCHERS WILL BE 
DEDUCTIBLE EXPENSES FOR THE EMPLOYERS AND TAX FREE FOR THE 
PARENTS. SELF-EMPLOYED PEOPLE WILL BE ABLE TO PURCHASE VOUCHERS 
AND RECEIVE SIMILAR TAX ADVANTAGES. IN DUE COURSE THE PRINCIPLE 
COULD BE EXTENDED TO COVER CHILD CARE FOR OLDER CHILDREN. 

2. BRITAIN'S ENVIRONMENT: ENVIRONMENTAL 
PROTECTION AND
CONSERVATION

LIBERAL DEMOCRATS ARE DETERMINED TO ENSURE THAT BRITAIN CHANGES 
ITS WAYS SO THAT IT BECOMES A LEADER, NOT A LAGGARD, IN FACING THE 
ENVIRONMENTAL CHALLENGE. POLLUTERS WILL PAY AND CONSERVERS WILL 
BE REWARDED. TAXATION WILL BE GRADUALLY SHIFTED FROM THE THINGS 
WE WANT MORE OF-INCOME, SAVINGS AND VALUE ADDED-TO THE 
THINGS WE WANT LESS OF: POLLUTION AND RESOURCE DEPLETION.  
   THE ACCELERATING DESTRUCTION OF THE ENVIRONMENT IS ONE OF THE 
MOST SERIOUS CHALLENGES WE FACE TODAY. ITS SYMPTOMS ARE 
BECOMING CLEARER WITH EVERY YEAR, FROM GLOBAL WARMING AND 
HOLES IN THE OZONE LAYER TO POISONED RIVERS AND POLLUTED AIR AT 
HOME. THEY THREATEN NOT JUST OUR ABILITY TO ENJOY OUR TOWNS AND 
COUNTRYSIDE BUT OUR HEALTH AND OUR CHILDREN'S FUTURE. LIBERAL 
DEMOCRATS AIM TO CUT POLLUTION AND CLEAN UP THE LOCAL 
ENVIRONMENT.  
   WE AIM TO BUILD A SOCIETY THAT DOES NOT CREATE WEALTH AT THE 
EXPENSE OF THE ENVIRONMENT. OUR ECONOMY CURRENTLY FUNCTIONS 
UNSUSTAINABLY, PRODUCING UNACCEPTABLE LEVELS OF POLLUTION AND 
RATES OF RESOURCE DEPLETION. WE WILL CREATE NEW INCENTIVES TO 
FOLLOW ENVIRONMENTALLY SENSITIVE STRATEGIES AND BEHAVIOUR. 

PROTECTING OUR HERITAGE

CONSERVING AND ENHANCING THE PHYSICAL ENVIRONMENT, COUNTRYSIDE 
AND TOWNSCAPE ALIKE, IS OF CRUCIAL IMPORTANCE TO EVERYONE'S 
QUALITY OF LIFE. LIBERAL DEMOCRATS WILL: 
¥ IMPROVE COUNTRYSIDE. PROTECTION POLICIES FOR NATIONAL PARKS. 
HERITAGE COASTS, AREAS OF OUTSTANDING NATURAL BEAUTY, AND SITES OF 
SPECIAL SCIENTIFIC INTEREST. WE WILL TIGHTEN CONTROLS AGAINST 
EXPLOITATION, WE WILL CREATE MORE NATIONAL PARKS AND WE WILL 
IMPROVE ACCESS TO THE COUNTRYSIDE.
 ¥ INTRODUCE COUNTRYSIDE MANAGEMENT AGREEMENTS FOR FARMERS 
AND LANDOWNERS WHO WISH TO TAKE THEM UP. THESE WILL BE DRAWN 
UP IN CONJUNCTION WITH LOCAL PLANNING AUTHORITIES WITH THE AIM OF 
MANAGING THE COUNTRYSIDE TO DEVELOP SUSTAINABLE AGRICULTURE, 
SAFEGUARD PLANT AND ANIMAL WILDLIFE, AND PRESERVE TRADITIONAL 
LANDSCAPE FEATURES, SUCH AS WOODS, HEDGEROWS AND DRY-STONE 
WALLS.
 ¥ REFORM LAND USE PLANNING SO THAT THE PROTECTION OF THE NATURAL 
ENVIRONMENT BECOMES A MAJOR FEATURE OF THE PLANNING SYSTEM. 
WE WILL DECENTRALISE PLANNING DECISIONS AS MUCH AS POSSIBLE, 
GIVING A KEY ROLE TO THE LOCAL PLAN DRAWN UP BY THE LOCAL 
AUTHORITY.
 ¥ CLEAN UP THE CITIES. WE WILL IMPROVE PUBLIC TRANSPORT, REDUCE 
TRAFFIC CONGESTION, AND ENCOURAGE PEDESTRIANISATION AND CYCLING 
SCHEMES. WE WILL ENCOURAGE MORE PARKS, GARDENS AND GREEN 
SPACES. WE WILL PROVIDE MORE RESOURCES FOR COUNCILS TO DEAL WITH 
NOISE COMPLAINTS AND MAKE COMPENSATION FOR EXCESSIVE 
COMMERCIAL NOISE MORE WIDELY AVAILABLE.
 ¥ PROMOTE BETTER WASTE MANAGEMENT. WE WILL PROVIDE GRANTS FOR 
RECYCLING SCHEMES, INTRODUCE REGULATIONS ON THE USE OF 
PACKAGING MATERIALS, AND ENCOURAGE LOCAL AUTHORITIES TO CLEAN UP 
LITTER. WE WILL CLEAN UP BEACHES AND COASTLINES BY ENSURING FULL 
TREATMENT OF SEWAGE.
 ¥ IMPROVE STANDARDS OF ANIMAL PROTECTION. WE WILL SET UP AN 
ANIMAL PROTECTION COMMISSION TO ENFORCE AND RECOMMEND 
CHANGES TO LEGISLATION. WE WILL PHASE OUT BATTERY CAGES AND 
UNACCEPTABLE SYSTEMS OF FACTORY FARMING, TIGHTEN CONTROLS ON THE 
EXPORT OF LIVE ANIMALS FOR SLAUGHTER, AND ESTABLISH A DOG 
REGISTRATION SCHEME. WE WILL PROHIBIT EXPERIMENTS INVOLVING PAIN 
OR DISTRESS FOR NON-MEDICAL AND NON-VETERINARY PURPOSES, 
PROMOTE ALTERNATIVES TO THE USE OF ANIMALS IN RESEARCH AND 
EDUCATION, AND ENSURE THAT LAWS AGAINST BADGER-BAITING AND DOG-
FIGHTING ARE ENFORCED.ON HUNTING WITH HOUNDS, LIBERAL 
DEMOCRATS AS A PARTY HAVE DECLARED THEIR OPPOSITION, BUT 
RECOGNISE, LIKE THE CONSERVATIVE AND LABOUR PARTIES, THAT 
LEGISLATION IS A MATTER OF CONSCIENCE FOR EACH INDIVIDUAL MP. 

CONTROLLING POLLUTION

WE WILL USE MARKET MECHANISMS, WHERE FEASIBLE, TO REDUCE 
POLLUTION BY ENSURING THAT ENVIRONMENTAL COSTS AND BENEFITS ARE 
FED INTO THE ECONOMY. DIRECT CONTROLS WILL STILL BE NEEDED IN SOME 
CASES. WE WILL: ¥ SET TARGETS FOR CUTTING POLLUTION. THESE INCLUDE 
A 30 PER CENT REDUCTION IN CARBON DIOXIDE EMISSIONS FROM THE UK 
BY THE YEAR 2005; OUR ENERGY POLICY IS GEARED TO THIS TARGET. WE 
WILL BAN THE USE OF CFCS AND HALONS BY 1994.
 ¥ INTRODUCE A SYSTEM OF TRADABLE EMISSION LICENCES. WE WILL 
ISSUE FACTORIES AND POWER STATIONS WITH LICENCES SETTING A CEILING 
ON PERMITTED EMISSIONS OF POLLUTANTS SUCH AS SULPHUR DIOXIDE. 
THESE WILL BE TRADABLE: THOSE WHO ARE MOST EFFICIENT AT REDUCING 
POLLUTION WOULD HAVE SURPLUS LICENCES WHICH THEY COULD THEN SELL 
EITHER TO THOSE LESS EFFICIENT, OR BACK TO GOVERNMENT. THE TARGETS 
FOR EMISSIONS-AND THEREFORE NUMBER OF LICENCES AVAILABLE-WILL 
BE REDUCED YEAR BY YEAR, LEADING TO A STEADY FALL IN POLLUTION.
 ¥ CREATE A NEW DEPARTMENT OF NATURAL RESOURCES WITH SOLE 
RESPONSIBILITY FOR ENVIRONMENTAL PROTECTION, LEAVING THE 
DEPARTMENT OF THE ENVIRONMENT TO COVER LOCAL GOVERNMENT AND 
HOUSING. WE WILL SET UP AN INDEPENDENT AND POWERFUL 
ENVIRONMENTAL PROTECTION AGENCY TO WORK WITH THE NEW EUROPEAN 
ENVIRONMENT AGENCY. 
¥ PUT FORWARD PLANS FOR A POWERFUL UNITED NATIONS ENVIRONMENT 
PROGRAMME TO LEAD GLOBAL EFFORT S TO PROTECT THE ENVIRONMENT, 
OPERATING WITHIN THE FRAMEWORK OF AN  ""EARTH CHARTER"" . WE WISH 
TO SEE A WORLD MARKET IN TRADABLE EMISSION LICENCES FOR CARBON 
DIOXIDE AND OTHER POLLUTANTS. THIS WOULD NOT ONLY PROVIDE 
INCENTIVES TO CUT POLLUTION BUT ALSO ACT AS A CHANNEL FOR 
TRANSFERRING RESOURCES TO DEVELOPING COUNTRIES. 

CONSERVING ENERGY

WITHOUT AN EFFECTIVE ENERGY POLICY, GOVERNMENT CANNOT HAVE AN 
EFFECTIVE ENVIRONMENT POLICY. BRITAIN'S NATIONAL ENERGY STRATEGY 
MUST BE SET WITHIN AN OVERALL EUROPEAN FRAMEWORK, WITH THE AIM 
OF REDUCING POLLUTION, IMPROVING ENERGY EFFICIENCY AND BOOSTING 
THE USE OF RENEWABLES. WE WILL:
¥ SUPPORT A COMMUNITY-WIDE ENERGY TAX ON ALL ENERGY SOURCES. 
THIS WILL BE RELATED TO LEVELS OF CARBON DIOXIDE EMITTED AND WILL 
PROVIDE A STRONG INCENTIVE FOR SAVING ENERGY AND INVESTING IN 
CLEANER SOURCES. EXTRA REVENUE RAISED THROUGH THE TAX WILL BE FED 
BACK INTO THE ECONOMY REDUCING OTHER TAXES SUCH AS VAT AND BY 
PROTECTING THOSE LEAST ABLE TO ADAPT TO THE HIGHER PRICE OF ENERGY.
 ¥ INVEST IN ENERGY CONSERVATION AND EFFICIENCY. WE WILL SET NEW 
ENERGY EFFICIENCY STANDARDS FOR HOMES,  OFFICES AND FACTORIES, 
AND FOR PRODUCTS SUCH AS LIGHT BULBS, FRIDGES AND COOKERS.WE 
WILL GIVE GRANTS FOR HOME INSULATION AND THE INSTALLATION OF SOLAR 
PANELS, AND INTRODUCE ENERGY AUDITS OF BUILDINGS. WE WILL 
ENCOURAGE COMBINED HEAT AND POWER AND DISTRICT HEATING 
SCHEMES.
 ¥ DOUBLE GOVERNMENT SPENDING ON RENEWABLE ENERGY RESEARCH. 
WE WILL ESTABLISH A RENEWABLE ENERGY  OFFICE TO PROMOTE 
RESEARCH, DEVELOPMENT AND APPLICATION, IN PARTICULAR OF WAVE 
POWER, HOT ROCKS GEOTHERMAL ENERGY, PASSIVE SOLAR DESIGN OF 
BUILDINGS, SMALL-SCALE HYDROPOWER SCHEMES AND WIND ENERGY. 
WE WILL COMPLETE THE STUDY ON THE CONSTRUCTION OF A SEVERN 
BARRAGE.
START TO PHASE OUT NUCLEAR FISSION STATIONS, WHICH ARE 
PROHIBITIVELY EXPENSIVE AND POTENTIALLY HAZARDOUS~ WE AIM TO 
COMPLETE THE PHASE-OUT AT THE LATEST BY THE YEAR 2020 (AND EARLIER 
IF FEASIBLE), AND WE WILL NOT PROCEED FURTHER WITH THE 
CONSTRUCTION OF THE SIZEWELL B PWR. WE WILL CONTINUE NUCLEAR 
RESEARCH, BUT AT A LOWER COST. REPROCESSING SPENT NUCLEAR FUEL 
RODS INCREASES THE VOLUME OF WASTE AND SHOULD BE UNDERTAKEN 
ONLY WHEN NECESSARY FOR SAFETY REASONS.  
  WE AIM TO BUILD A SOCIETY THAT DOES NOT CREATE WEALTH AT THE 
EXPENSE OF THE ENVIRONMENT. WE WILL CREATE NEW INCENTIVES TO 
FOLLOW ENVIRONMENTALLY SENSITIVE STRATEGIES AND BEHAVIOUR. 

  AIR POLLUTION INDEX

AIR POLLUTION THREATENS THE HEALTH OF MILLIONS OF PEOPLE-
PARTICULARLY CHILDREN, ELDERLY PEOPLE AND ANYONE WITH A 
RESPIRATORY PROBLEM SUCH AS ASTHMA. GOVERNMENT MONITORING 
STATIONS MEASURE LEVELS OF POLLUTANTS SUCH AS NITROGEN OXIDES OR 
LOW-LEVEL OZONE BUT FAIL TO PUBLICISE THEM WIDELY. WHEN LEVELS 
EXCEED WORLD HEALTH ORGANISATION GUIDELINES, THE RESULT IS 
DESCRIBED AS ""GOOD""-IN OTHER COUNTRIES IT WOULD BE CALLED 
""POOR"".   
  WE WILL INCREASE THE NUMBER OF MONITORING STATIONS, ENSURING 
THAT ALL MAJOR URBAN AREAS ARE COVERED. WE WILL PUBLISH A REGULAR 
AIR POLLUTION INDEX AND ENCOURAGE NEWSPAPERS AND TV AND RADIO 
WEATHER FORECASTS TO USE IT. THIS WILL INCREASE PUBLIC 
CONSCIOUSNESS OF THE POLLUTION ISSUE AND PROVE OF REAL BENEFIT TO 
THE HEALTH OF VULNERABLE PEOPLE. 

MAKING TRANSPORT CLEAN AND EFFICIENT

BY EXPANDING THE PROVISION AND QUALITY OF PUBLIC TRANSPORT AND 
REDUCING SOCIETY'S DEPENDENCE ON THE PRIVATE CAR, WE WILL 
IMPROVE TRAVEL EFFICIENCY AND PROTECT THE ENVIRONMENT. WE WILL 
ACHIEVE THIS BY:
 ¥ INVESTMENT IN PUBLIC TRANSPORT, INCREASING ITS FREQUENCY OF 
SERVICE, SPEED AND SAFETY, AND REDUCING ITS COST TO THE 
INDIVIDUAL-ESPECIALLY IN ISOLATED RURAL AREAS WHERE THE NEED IS 
GREATEST. WE WILL ENCOURAGE NEW SCHEMES, USING LIGHT RAILWAYS 
AND TRAMS IN CITIES. WE WILL REQUIRE LOCAL AUTHORITIES TO DEFINE 
MINIMUM STANDARDS OF ACCESSIBILITY IN THEIR AREAS AND DRAW UP 
TRANSPORT PLANS WHICH MEET THEM.
 ¥ IMMEDIATE IMPROVEMENTS IN THE RAIL NETWORK, ALLOWING MORE 
MOVEMENT OF GOODS AND PASSENGERS BY RAIL AND LESS 
ENVIRONMENTAL DAMAGE. WE WILL CONSTRUCT A HIGH-SPEED LINK FROM 
THE CHANNEL TUNNEL TO CONNECT WITH THE MAJOR RAIL ROUTES TO THE 
NORTH AND WEST, AND EXTEND ELECTRIFICATION THROUGHOUT THE 
COUNTRY. WE OPPOSE THE PRIVATISATION OF BRITISH RAIL, BUT WILL 
ALLOW PRIVATE OPERATORS ACCESS TO THE RAIL NETWORK, WHILE GIVING 
BR THE FREEDOM TO RAISE INVESTMENT CAPITAL ON THE OPEN MARKET.
 ¥ A REDUCTION IN FUEL CONSUMPTION. ALL POLITICAL PARTIES ACCEPT 
THAT LONG-TERM INCREASES IN PETROL PRICES ARE NOT ONLY 
ENVIRONMENTALLY NECESSARY BUT UNAVOIDABLE. WE WILL PHASE THESE 
IN GRADUALLY BY APPLYING OUR ENERGY TAX TO PETROL, WHILE AT THE 
SAME TIME GRADUATING VEHICLE EXCISE DUTY AND CAR TAX ACCORDING 
TO FUEL EFFICIENCY-SO THAT THE MOST EFFICIENT VEHICLES PAY LEAST. 
THESE PRICE INCREASES WILL NOT BE BROUGHT IN UNLESS AND UNTIL 
COMPENSATION SCHEMES FOR INDIVIDUALS AND RURAL COMMUNITIES 
WHICH HAVE NO ALTERNATIVE TO THE USE OF CARS ARE READY TO BE 
INTRODUCED. WE WILL SCRAP THE REMAINING TAX BREAKS FOR COMPANY 
CARS AND APPLY TOUGHER LIMITS TO PERMITTED EMISSIONS.
 ¥ ASSISTING PEOPLE IN RURAL AREAS BY MAKING CONCESSIONARY FARES 
ON LOCAL PUBLIC TRANSPORT WIDELY AVAILABLE. WE WILL ENCOURAGE THE 
USE OF VILLAGE MINIBUSES, ""POST AND PASSENGER"" BUSES AND TAXI 
SERVICES. PEOPLE WHO HAVE NO ALTERNATIVES TO PRIVATE CARS WILL BE 
HELPED BY OUR PLANS TO GRADUATE VEHICLE EXCISE DUTY AND BY 
SPECIFIC TARGET MEASURES TO HELP ISOLATED COMMUNITIES.
 ¥ ACTION AGAINST TRAFFIC CONGESTION IN URBAN AREAS. WE WILL 
ENCOURAGE LOCAL AUTHORITIES TO INTRODUCE PEAK-HOUR BANS ON CARS, 
TRAFFIC CALMING MEASURES CAR-SHARING SCHEMES AND FURTHER 
PEDESTRIANISATION. WE WILL INTRODUCE A VARIETY OF ROAD-PRICING 
SCHEMES, IN WHICH MOTORISTS PAY TO USE HIGHLY CONGESTED ROADS 
AT BUSY TIMES OF THE DAY.
 ¥ NEW PRIORITIES FOR ROAD BUILDING. WE WILL APPROVE MOTORWAY 
OR TRUNK ROAD INVESTMENTS ONLY WHERE IT CAN BE DEMONSTRATED THAT 
ALTERNATIVE TRANSPORT PROVISION CANNOT MEET THE NEED AT LOWER 
ECONOMIC AND ENVIRONMENT COST. ESSENTIAL NEW ROADS AND 
IMPROVEMENTS WILL STILL PROCEED BUT THE CREATION OF A ""LEVEL 
PLAYING FIELD"" IN DECISION-MAKING BETWEEN RAIL AND ROAD WILL 
ENSURE SOME SWITCH OF PASSENGER AND FREIGHT TRANSPORT TO THE 
RAILWAYS.
 ¥ THE EXPANSION OF AIRPORTS OUTSIDE THE SOUTH EAST WHILE AT THE 
SAME TIME FREEZING FURTHER DEVELOPMENT AT GATWICK AND 
STANSTED.
 ¥ REVERSING THE DECLINE IN THE MERCHANT FLEET. FOR ECONOMIC AND 
DEFENCE REASONS, WE WILL BOOST BRITISH SHIPPING AND PROMOTE 
RECRUITMENT AND TRAINING FOR THE MERCHANT NAVY. ¥ ENVIRONMENTAL 
PLANNING POLICIES. WE WILL INTRODUCE PLANNING POLICIES WHICH 
WILL ENCOURAGE THE BUILDING OF HOMES NEAR WORKPLACES, LEISURE 
FACILITIES, SHOPS AND OTHER SERVICES. WHERE THIS IS NOT POSSIBLE, 
PUBLIC TRANSPORT MUST BE EASILY ACCESSIBLE. WE WILL ENCOURAGE THE 
USE OF INFORMATION TECHNOLOGY TO DECENTRALISE WORK. 

WATER DISTRICT DISCOUNT

ACCORDING TO THE GOVERNMENT, WATER BILLS WILL RISE BY 50 PER CENT 
WITHIN THE NEXT FEW YEARS. FOR MANY HOUSEHOLDS (IN WALES, FOR 
EXAMPLE), WATER BILLS ARE NOW HIGHER THAN BILLS FOR ALL LOCAL 
PEOPLE WHO COULD NOT PAY THEIR WATER BILLS.     AT PRESENT WATER 
COMPANIES HAVE A BULK SUPPLY DISCOUNT FOR COMMERCIAL 
CUSTOMERS-A ""WHOLESALE PRICE"" FOR THEIR WATER. LIBERAL 
DEMOCRATS WILL ALTER THE LICENSING CONDITIONS FOR WATER 
COMPANIES TO EXTEND THIS TO GROUPS OF DOMESTIC CONSUMERS WHO 
LIVE ON LARGE ESTATES AND IN SHELTERED HOUSING COMPLEXES THIS 
DISTRICT DISCOUNT WILL KEEP DOWN BILLS FOR ELDERLY PEOPLE AND 
MANY LOW-INCOME INNER-CITY RESIDENTS LIVING ON LARGE ESTATES. 

BUILDING A SUSTAINABLE ECONOMY

LIBERAL DEMOCRATS AIM TO BUILD AN ECONOMY WHICH IS NOT ONLY 
COMPETITIVE AND ENTERPRISING BUT ALSO ENVIRONMENTALLY 
SUSTAINABLE, LEAVING FUTURE GENERATIONS A WEALTH INHERITANCE-OF 
KNOWLEDGE, TECHNOLOGY, CAPITAL AND ENVIRONMENT ASSETS-AT LEAST 
AS GREAT AS THAT INHERITED BY THE CURRENT GENERATION. OUR 
PROPOSALS ARE:
 ¥ A BETTER METHOD OF MEASURING ECONOMIC PROGRESS. THE 
CONVENTIONAL TARGET OF GROWTH IN GDP IS A POOR INDICATOR 
PROGRESS. WE WILL MODIFY GDP BY INCORPORATING MEASUREMENTS 
OF POLLUTION AND RESOURCE DEPLETION TO CREATE A FIGURE FOR 
SUSTAINABLE NATIONAL INCOME. WE WILL ALSO USE INDICATORS OF SOCIAL 
AND PERSONAL QUALITY OF LIFE SUCH AS CHANGES IN LIFE EXPECTANCY, 
IITERACY RATES AND EDUCATION ATTAINMENTS TO GIVE A BETTER MEASURE 
OF PROGRESS. THE PRIME MINISTER WILL PRESENT AN ANNUAL REPORT ON 
CHANGES IN THESE INDICATORS TO PARLIAMENT.
 ¥ A SYSTEM OF ENVIRONMENTAL INCENTIVES AND PENALTIES. WE WILL 
MAKE AVAILABLE GRANTS AND SUBSIDIES FOR ENVIRONMENTALLY FRIENDLY 
ACTIVITIES, SUCH AS HOME INSULATION, AND TO HELP INDIVIDUALS AND 
INDUSTRY ADJUST TO OUR NEW STRICTER STANDARDS FOR POLLUTION 
CONTROL. WE WILL PENALISE ACTIVITIES WHICH HARM THE ENVIRONMENT 
OR DEPLETE STOCKS OF RAW MATERIALS THROUGH TAXATION, SO THAT 
PRICES REFLECT THE DAMAGE THEY DO. OUR NEW ENERGY TAX IS THIS 
MANIFESTO'S KEY PROPOSAL IN THIS AREA. THE REVENUE RAISED WILL BE 
USED TO REDUCE OTHER TAXES SUCH AS VAT. 
¥ ENABLE CONSUMERS TO IDENTIFY AND CHOOSE SUSTAINABLE PRODUCTS. 
WE WILL INTRODUCE NEW PRODUCT LABELS, SHOWING INFORMATION 
SUCH AS ENERGY CONSUMPTION DURING USE AND THE ENVIRONMENTAL 
IMPACT OF THE PRODUCTION PROCESS. WE WILL INTRODUCE STRICT 
STANDARDS OF LIFE EXPECTANCY FOR CONSUMER DURABLES AND 
ENCOURAGE DEPOSIT-REFUND SCHEMES. WE WILL IMPROVE RECYCLING 
AND WASTE DISPOSAL SYSTEMS. WE WILL ENCOURAGE ENVIRONMENTAL 
AUDITS FOR COMPANIES, SHOWING THE ENVIRONMENTAL IMPACT OF THEIR 
ACTIVITIES. 

REVIVING RURAL COMMUNITIES

OUR POLICY FOR THE COUNTRYSIDE AIMS BOTH TO PROTECT BRITAIN'S 
NATURAL ENVIRONMENT AND TO RECREATE SUCCESS IN ONE OF BRITAIN'S 
GREATEST INDUSTRIES, AGRICULTURE. THE FARMING INDUSTRY IS PASSING 
THROUGH A PERIOD OF PROFOUND CHANGE; MOST FARMERS RECOGNISE 
THAT THE INDUSTRY MUST ACHIEVE A BETTER BALANCE WITH THE MARKET 
AND THE ENVIRONMENT. WE WILL HELP THIS TRANSITION BY:
 ¥ WORKING FOR FUNDAMENTAL REFORM OF THE COMMON AGRICULTURAL 
POLICY. WE WANT TO EASE THE ADJUSTMENT FROM THE PRESENT PRICE 
SUPPORT MECHANISM TOWARDS MARKET PRICES AND DIRECT SUPPORT 
AIMED AT ASSISTING THE FARMING INDUSTRY IN TRANSITION AND AT 
ENVIRONMENTAL AND SOCIAL GOALS. THESE WILL BE FUNDED BY SAVINGS 
MADE OUT OF THE PRESENT INTERVENTION MECHANISMS OF THE CAP.
 ¥ NEW INCENTIVE PAYMENTS FOR ENVIRONMENTAL OBJECTIVES, IN 
PARTICULAR FOR EXTENSIFYING FOOD PRODUCTION (USING LAND LESS 
INTENSIVELY), AND REDUCED-INPUT AND ORGANIC FARMING. 
COUNTRYSIDE MANAGEMENT AGREEMENTS, DESCRIBED ABOVE, WILL BE A 
KEY FEATURE IN THIS SHIFT OF CAP RESOURCES FROM PRICE SUPPORT TO 
ENVIRONMENTAL GOALS.
 ¥ REFORMED SYSTEMS OF DIRECT SUPPORT, AIMED IN PARTICULAR AT 
HELPING FAMILY FARMS AND CROFTS.
 ¥ INTRODUCING RENEWABLE LIMITED-TERM TENANCIES FOR AGRICULTURAL 
LAND, ENCOURAGING NEW ENTRANTS TO FARMING. WE WILL ENCOURAGE 
LOCAL COUNCILS TO CONTINUE TO PROVIDE SMALLHOLDINGS AND TO 
INTRODUCE PART-TIME HOLDINGS FOR NEW ENTRANTS.
 ¥ EXPANDING FORESTRY. WE SUPPORT THE LONG-TERM AIM OF 
DOUBLING THE AREA OF THE UK UNDER FORESTRY, BUT THIS MUST 
INCLUDE A HIGHER PROPORTION OF BROAD-LEAFED HARDWOODS. WE 
OPPOSE THE PRIVATISATION OF THE FORESTRY COMMISSION. WE WILL 
CREATE MORE COMMUNITY FORESTS NEAR LARGE TOWNS. ¥ ENCOURAGING 
FISHING AND FISH FARMING. WE WILL IMPROVE THE GOVERNMENT'S 
DECOMMISSIONING PROPOSALS AND APPRAISE WITH THE INDUSTRY, 
EFFECTIVE TECHNICAL CONSERVATION MEASURES. WE SHOULD MOVE 
TOWARDS FISHERIES ;LICENSING AND MANAGEMENT ON A MORE REGIONAL 
BASIS TO HELP TRADITIONAL FISHING COMMUNITIES AND PROTECT THOSE 
WHO FISH SUSTAINABLY, SUCH AS MACKEREL HANDLINERS. WE WILL 
TRANSFER FULL PLANNING RESPONSIBILITY FOR FISH FARMING TO LOCAL 
AUTHORITIES, AND WE WILL INCREASE RESEARCH INTO THE ENVIRONMENTAL 
ASPECTS OF FISH FARMING AND DIVERSIFICATION. WE WILL WORK WITH 
THE EC TO COUNTER THE DUMPING OF STOCKS INTO THE COMMUNITY.
¥THE EXTENSION OF RURAL DEVELOPMENT AGENCIES. THESE WILL BE 
RESPONSIBLE FOR COORDINATING DEVELOPMENT AND DIVERSIFICATION, IN 
PARTNERSHIP WITH LOCAL AUTHORITIES, THE PRIVATE AND VOLUNTARY 
SECTORS AND LOCAL COMMUNITIES.
 ¥ TOUGHER ACTION ON FOOD SAFETY. WE WILL TRANSFER RESPONSIBILITY 
FOR FOOD STANDARDS FROM THE AGRICULTURE MINISTRY TO A NEW FOOD 
AND DRUGS COMMISSION. WE WILL BRING IN MUCH TIGHTER LABELLING 
REQUIREMENTS FOR ALL FOODS, AND MAKE FUNDING AVAILABLE FOR FOOD 
RESEARCH AND SCIENTIFIC ESTABLISHMENTS. WE WILL IMPROVE 
CONSUMER REPRESENTATION ON GOVERNMENT ADVISORY COMMITTEES.

 3. BRITAIN'S SKILLS: EXCELLENCE FOR ALL

BRITAIN'S CITIZENS ARE OUR GREATEST ASSET. LIBERAL DEMOCRATS WILL 
INVEST IN PEOPLE TO ENABLE EVERY INDIVIDUAL TO FULFIL THEIR 
POTENTIAL, AND, IN SO DOING, BUILD THE NATION'S ECONOMIC AND 
SOCIAL STRENGTH, WE AIM TO CREATE A FIRST-CLASS EDUCATION SYSTEM 
FOR ALL, NOT JUST BY PROVIDING ADEQUATE PUBLIC FUNDING, BUT ALSO 
THROUGH REFORMS WHICH INCREASE CHOICE AND OPPORTUNITY FOR EACH 
CITIZEN. 
    LIBERAL DEMOCRATS START FROM THE BELIEF THAT EVERY INDIVIDUAL, 
WHATEVER THEIR AGE, SEX, BACKGROUND OR ABILITY, POSSESSES A 
UNIQUE POTENTIAL AND A VALUABLE CONTRIBUTION TO OFFER SOCIETY OUR 
TARGET IS EXCELLENCE FOR ALL. THIS REQUIRES MORE RELEVANT COURSES, 
HIGHER STANDARDS AND IMPROVED PROVISION. EXCELLENCE ALSO HAS A 
COST. WE WILL GUARANTEE THAT LIBERAL DEMOCRATS WILL INCREASE 
INVESTMENT IN EDUCATION BY ~2 BILLION IN THE FIRST YEAR, EVEN 
THOUGH THIS WILL REQUIRE AN EXTRA PENNY IN THE POUND ON INCOME 
TAX. OUR PRIORITIES FOR INVESTMENT ARE PRE-SCHOOL EDUCATION, 
EDUCATION AND TRAINING FOR 16-19 YEAR OLDS, AND ADULT EDUCATION. 
   
 AIMING HIGH; RAISING STANDARDS

OUR AIM IS SIMPLE-TO GIVE BRITAIN A WORLD-CLASS EDUCATION 
SYSTEM, IN WHICH HIGH QUALITY IS THE KEY, BY THE YEAR 2000. WE 
WILL: 
¥ CREATE THE FRAMEWORK FOR HIGH STANDARDS BY ESTABLISHING A 
SINGLE DEPARTMENT OF EDUCATION AND TRAINING WITH OVERSIGHT OF ALL 
EDUCATION AND TRAINING. WE WILL SET UP A NATIONAL QUALIFICATIONS 
COUNCIL TO COORDINATE A SINGLE SYSTEM OF ACADEMIC AND VOCATIONAL 
COURSES FOR 14-19 YEAR OLDS, AND A NEW HIGHER EDUCATION 
STANDARDS COUNCIL TO MONITOR QUALITY IN HIGHER EDUCATION.
 ¥ IMPROVE INSPECTIONS. WE WILL ENSURE THAT A FULLY INDEPENDENT 
HM INSPECTORATE OF EDUCATION AND TRAINING, PROPERLY STAFFED 
AND FUNDED, REPORTS ON THE ENTIRE RANGE OF PUBLIC AND PRIVATE 
PROVISION FROM PRE-SCHOOL EDUCATION TO UNIVERSITIES. LOCAL 
INSPECTORS OF SCHOOLS WILL BE ANSWERABLE TO THE INSPECTORATE, 
WHICH WILL ALSO HAVE A NEW ROLE AS EDUCATION OMBUDSMAN. WE 
WILL CARRY OUT A SCHOOL BUILDINGS AUDIT ALONGSIDE THE REGULAR FOUR-
YEARLY LOCAL SCHOOL INSPECTION, TO ASSESS THE PHYSICAL STATE OF 
SCHOOLS AND EQUIPMENT. WE WILL REINSTATE THE BUILDINGS STANDARDS 
SUSPENDED IN 1989. 
¥ SUPPORT TEACHERS. WE WILL SET UP A STATUTORY GENERAL TEACHING 
COUNCIL TO IMPROVE PROFESSIONAL QUALIFICATIONS AND SET STANDARDS 
FOR TEACHER TRAINING AND RETRAINING. WE WILL IMPROVE PROVISION 
FOR IN-SERVICE TRAINING AND CAREER BREAKS FOR WOMEN TEACHERS 
WITH CHILDREN. WE SUPPORTED THE INTRODUCTION OF THE TEACHERS' 
PAY REVIEW BODY AND BELIEVE IT WILL ENSURE THAT TEACHERS ARE 
PROPERLY REWARDED. 
   
 PUTTING EDUCATION AT THE HEART OF THE COMMUNITY

LIBERAL DEMOCRATS PIONEERED LOCAL MANAGEMENT OF SCHOOLS. NOW 
WE AIM TO INCREASE FURTHER THE DAY-TO-DAY INDEPENDENCE OF 
SCHOOLS AND COLLEGES WITHIN A DEMOCRATICALLY ACCOUNTABLE 
FRAMEWORK OF LOCAL EDUCATION AUTHORITIES. THIS INCLUDES:
 ¥ A NEW INDEPENDENCE FOR SCHOOLS AND FURTHER EDUCATION 
COLLEGES. WE WILL GIVE SCHOOLS INCREASED ADMINISTRATIVE SUPPORT 
IN RETURN FOR THE WIDER OPENING OF THEIR FACILITIES TO THE LOCAL 
COMMUNITY. WE WILL FULLY FUND INDIVIDUAL TEACHER COSTS. WE WILL 
ENCOURAGE EVERY SCHOOL TO ENHANCE ITS CHARACTER. ETHOS AND AREAS 
OF SPECIAL INTEREST WITHIN A MORE FLEXIBLE NATIONAL CURRICULUM 
FRAMEWORK. WITHIN THIS CONTEXT OF GREATER FREEDOM FOR ALL 
SCHOOLS, WE WILL END THE TWO-TIER SYSTEM CREATED BY GRANT 
MAINTAINED SCHOOLS AND CITY TECHNOLOGY COLLEGES BY RETURNING 
THEM TO THE STRATEGIC PLANNING FRAMEWORK OF THE LOCAL ELECTED 
EDUCATION AUTHORITY. STRATEGIC RESPONSIBILITY FOR ADULT AND FURTHER 
EDUCATION WILL REMAIN WITH THE LEA. LEA REPRESENTATIVES ON 
SCHOOL GOVERNING BODIES WILL REFLECT FAIRLY THE POLITICAL BALANCE OF 
THE AUTHORITY.
 ¥ A NEW ROLE FOR LOCAL DEMOCRACY. WE WILL REQUIRE LEAS TO 
GUARANTEE A SUITABLE PLACE, WITH PROPER SUPPORT, FOR EVERY CHILD 
IN EDUCATION AND TRAINING UP TO THE AGE OF 19. THIS WILL INCLUDE 
RESPONSIBILITY FOR ENSURING THAT SCHOOLS AND COLLEGES MEET THE 
HIGHEST STANDARDS OF ACADEMIC PERFORMANCE, DISCIPLINE AND 
BEHAVIOUR, AND FOR PROVIDING SPECIAL SERVICES FOR SCHOOLS, SUCH 
AS PERIPATETIC MUSIC, LANGUAGE DEVELOPMENT, OR BEHAVIOUR 
SUPPORT. PUBLISHED INFORMATION ABOUT SCHOOLS AND COLLEGES WILL 
RECOGNISE ACHIEVEMENT ON THE BASIS OF ""EDUCATION VALUE 
ADDED""-PROGRESS MADE BY PUPILS-RATHER THAN CRUDE ""LEAGUE 
TABLES"" OF RESULTS.
 ¥ INDEPENDENT SCHOOLS. WE RECOGNISE THE CONTRIBUTION TO 
EXCELLENCE WHICH THE BEST OF THESE SCHOOLS MAKE, AND THE RIGHT OF 
THOSE WHO WISH TO PAY FOR PRIVATE EDUCATION TO DO SO, BUT THIS 
SHOULD NOT BE SUBSIDISED FROM PUBLIC RESOURCES. WE WILL PHASE 
OUT THE ASSISTED PLACES SCHEME WITHOUT AFFECTING THOSE ALREADY IN 
IT, AND RESTORE THE MONEY SAVED TO STATE SCHOOLS. WE WILL REVIEW 
THE CHARITABLE STATUS OF INDEPENDENT SCHOOLS WITH THE INTENTION OF 
ENSURING THAT THE BENEFITS OF CHARITABLE STATUS ARE ONLY AWARDED TO 
THOSE INSTITUTIONS THAT MAKE A GENUINE CONTRIBUTION TO THE WIDER 
COMMUNITY. 
   
 OPENING SCHOOLS TO THE COMMUNITY

SCHOOLS SHOULD BE SEEN AS A VALUABLE RESOURCE, NOT JUST FOR THEIR 
PUPILS BUT FOR THE COMMUNITIES AROUND THEM. ACCESS TO THEIR 
LIBRARIES, COMPUTERS. MEETINGS ROOMS, SPORTS HALLS, PLAYING 
FIELDS AND SWIMMING POOLS COULD MAKE A BIG CONTRIBUTION TO 
COMMUNITY LIFE.
WE WILL ENCOURAGE ALL SCHOOLS TO OPEN UP THESE FACILITIES TO LOCAL 
PEOPLE IN THE EVENINGS, AT WEEKENDS AND IN THE SCHOOL HOLIDAYS. 
SOME OF OUR PROPOSED EXPANSION OF ADULT EDUCATION WILL BE 
ORGANISED IN THIS WAY. LOCAL AUTHORITIES-PARTICULARLY 
COMMUNITY COUNCILS WHERE THEY EXIST-WILL HELP TO PROVIDE THE 
ADMINISTRATIVE SUPPORT NEEDED TO MANAGE SUCH OPEN ACCESS. 

EDUCATING THE INDIVIDUAL

LIBERAL DEMOCRATS WILL ENSURE THAT EVERY INDIVIDUAL CAN RECEIVE 
HIGH-QUALITY EDUCATION AND TRAINING THROUGHOUT THEIR LIFE FROM 
BEFORE SCHOOL TO RETIREMENT. BUT THE CURRENT SYSTEM PLACES TOO 
LITTLE EMPHASIS ON VOCATIONAL ACHIEVEMENTS. WE WILL:
 ¥ GUARANTEE PRE-SCHOOL EDUCATION FOR EVERY CHILD. WE WILL 
GUARANTEE EVERY CHILD ACCESS TO TWO YEARS' PRE-SCHOOL EDUCATION 
WITH A CHOICE OF PRE-SCHOOL PROVISION.
 ¥ INTRODUCE A NATIONAL RECORD OF ACHIEVEMENT. WE WILL ENSURE 
THAT EVERY PUPIL HAS A NATIONAL RECORD OF ACHIEVEMENT SO THAT 
PROGRESS IS PROPERLY DOCUMENTED AND SHARED BETWEEN PARENTS 
AND SCHOOLS. SUPPLEMENTED BY INDIVIDUAL DIAGNOSTIC TESTING, THIS 
WILL REPLACE THE CURRENT STANDARD ASSESSMENT TASKS IN ORDER TO 
RAISE STANDARDS. 
¥ REDUCE CLASS SIZES. WE AIM TO REDUCE MAXIMUM CLASS SIZES SO 
THAT NO REGISTRATION CLASS IN THE COUNTRY NEED HAVE MORE THAN 30 
PUPILS.
 ¥ REWARD ACADEMIC AND VOCATIONAL ACHIEVEMENTS. OUR NEW 
NATIONAL QUALIFICATIONS COUNCIL WILL DEVELOP A MODULAR, CREDIT-
BASED COURSE AND EXAMINATION STRUCTURE FOR THE 14-19 AGE GROUP, 
COVERING BOTH VOCATIONAL AND ACADEMIC COURSES. THIS WILL BUILD 
ON A SIMPLER, MORE FLEXIBLE NATIONAL CURRICULUM AND A REVISED AND 
EXTENDED SYSTEM OF NATIONAL CURRICULUM LEVELS. PUPILS FROM THE 
AGE OF 14 WILL STUDY A BALANCED CURRICULUM AROUND A CORE OF 
MATHS, ENGLISH, SCIENCE AND A FOREIGN LANGUAGE, ADDING 
SPECIALISMS IN ACADEMIC, VOCATIONAL OR TECHNICAL COURSES, SOME 
DELIVERED BY EMPLOYERS M THE WORKPLACE. WE WILL ENSURE THAT ALL 
14-19 YEAR OLDS HAVE A PERSONAL TUTOR AND CAREERS ADVICE, HELPING 
THEM BUILD THE FOUNDATIONS FOR PERSONAL FULFILMENT AND SUCCESS.
 ¥ BROADEN POST- 16 EDUCATION. WE WILL GIVE ALL 16-19 YEAR OLDS 
IN WORK THE EQUIVALENT OF AT LEAST TWO DAYS A WEEK EDUCATION OR 
TRAINING. COURSES WILL BE SELECTED BY BOTH THE EMPLOYER AND THE 
INDIVIDUAL AND WILL BE ACCREDITED AS PART OF OUR NEW 14-19 
SYSTEM. THOSE STUDYING FULL-TIME WILL STUDY UP TO THREE MAJOR 
AND TWO SUBSIDIARY SUBJECTS, ADDING WORK EXPERIENCE, PARENTING 
AND CITIZENSHIP TO BUILD A BACCALAUREATE-STYLE PROGRAMME.
 ¥ IMPROVE SPECIAL EDUCATIONAL NEEDS PROVISION. WE WILL GIVE 
EVERY LEA A SEPARATE SPECIAL EDUCATIONAL NEEDS SERVICE WITH ITS 
OWN BUDGET FOR WHICH SCHOOLS WILL BID FOR FUNDING. WE WILL 
REQUIRE SCHOOLS TO PREPARE, FOR EVERY CHILD WITH SPECIAL NEEDS 
WHO IS NOT CURRENTLY COVERED, AN INDICATIVE STATEMENT TO IDENTIFY 
NEEDS, SET TARGETS AND REPORT PROGRESS. THE SERVICE WILL BE 
MONITORED BY SPECIALISTS IN THE LOCAL INSPECTION TEAM AND IN HMI. 
¥ ENABLE EDUCATION FOR LIFE. WE WILL GIVE EVERY CITIZEN AN 
ENTITLEMENT TO A PERIOD OF RETRAINING OR EDUCATION AT A TIME OF THEIR 
CHOICE DURING THEIR ADULT LIVES, BASED ON DISTANCE LEARNING COSTS. 
WE WILL START BY GIVING THIS GUARANTEE TO THOSE GROUPS MOST IN 
NEED, INCLUDING THE LONG-TERM UNEMPLOYED AND SINGLE PARENTS. 

OPENING THE DOORS TO HIGHER EDUCATION

BRITAIN'S HIGHER EDUCATION SYSTEM STILL PROVIDES EXCELLENT 
STANDARDS OF EDUCATION, BUT DOES SO FOR TOO FEW PEOPLE. LIBERAL 
DEMOCRATS AIM TO INCREASE BOTH PARTICIPATION AND FLEXIBILITY IN 
STUDYING FOR DEGREES, BECAUSE NOT ALL STUDENTS WANT TO FOLLOW 
TRADITIONAL THREE-YEAR COURSES. WE WILL:
 ¥ INCREASE THE NUMBER OF STUDENTS IN HIGHER EDUCATION TO TWO 
MILLION BY THE YEAR 2000. AS WELL AS MORE YOUNG PEOPLE, WE 
WILL PARTICULARLY ENCOURAGE THE PARTICIPATION OF WOMEN, PEOPLE 
FROM MINORITY ETHNIC AND POORER BACKGROUNDS, AND PEOPLE WITH 
DISABILITIES.
 ¥ INCREASE FLEXIBILITY IN COURSES. WE WILL INTRODUCE A CREDIT-
BASED SYSTEM, ENABLING STUDENTS TO ACHIEVE A DIPLOMA AFTER THE 
EQUIVALENT OF TWO YEARS, WITH THE OPTION OF A FURTHER ONE OR TWO 
YEARS' STUDY LEADING TO A DEGREE. WE WILL MAKE FINANCIAL 
ASSISTANCE AVAILABLE FOR PART-TIME STUDY.
 ¥ OPEN UP NEW OPPORTUNITIES FOR STUDY. WE WILL DEVELOP 
DISTANCE LEARNING OPPORTUNITIES AND EXTEND THE FRANCHISING OF 
HIGHER EDUCATION COURSES SO THAT COURSES CAN START AT LOCAL 
COLLEGES- HELPING PEOPLE WHO WISH OR NEED TO STUDY FROM 
HOME.
 ¥ FUND STUDENTS PROPERLY. WE WILL ABOLISH STUDENT LOANS AND 
RESTORE STUDENT ENTITLEMENT TO HOUSING BENEFIT AND INCOME 
SUPPORT. AS OUR PLANS FOR THE REFORM OF TAX AND BENEFITS ARE 
IMPLEMENTED, WE WILL ESTABLISH A STUDENT INCOME ENTITLEMENT AND 
A STUDENT ALLOWANCE TO WHICH ALL STUDENTS, BOTH FULL AND PART-TIME 
WILL BE ELIGIBLE. 
¥ GUARANTEE QUALITY. OUR NEW HIGHER EDUCATION STANDARDS COUNCIL 
WILL ENSURE THAT, AS NUMBERS RISE, QUALITY DOES NOT SUFFER. WE 
WILL ESTABLISH A PROPER CAREER STRUCTURE FOR RESEARCH FELLOWS AND 
SET UP A PAY REVIEW BODY FOR ACADEMIC AND NON-ACADEMIC STAFF TO 
HALT THE BRAIN DRAIN.
 ¥ INVEST IN RESEARCH WE WILL IMMEDIATELY INCREASE THE SCIENCE 
BUDGET TO O.35% OF GDP, AND RAISE IT STEADILY THEREAFTER. WE 
WILL ESTABLISH A NEW HUMANITIES RESEARCH COUNCIL. 

4. BRITAIN'S PEOPLE: HEALTHIER, SAFER AND 
BETTER HOUSED
LIBERAL DEMOCRATS WILL INVEST IN LOCAL SERVICES TO ENABLE 
COMMUNITIES TO THRIVE. OUR AIM IS TO ENSURE THAT INDIVIDUALS OF ALL 
BACKGROUNDS AND MEANS CAN LIVE FREE OF THE FEAR OF SICKNESS, 
POVERTY AND CRIME.     
THE STEPS WE OUTLINE IN THIS PAPER ARE NECESSARY TO CREATE A FAIR, 
DEMOCRATIC AND PROSPEROUS SOCIETY, IN WHICH INDIVIDUALS ARE ABLE 
TO MAKE THEIR VOICE HEARD AND DEVELOP THEIR TALENTS AND SKILLS TO 
THE FULL. BUT WE BELIEVE THAT PEOPLE CAN REALISE THEIR POTENTIAL BEST 
NOT AS ISOLATED INDIVIDUALS, BUT AS MEMBERS OF THRIVING AND 
RESPONSIBLE COMMUNITIES. WE WILL INVEST IN THE NETWORK OF 
COMMUNITY SERVICES-HEALTH, HOUSING, CRIME PREVENTION, SOCIAL 
SECURITY, ARTS AND SPORT-TO IMPROVE QUALITY, CHOICE AND 
OPPORTUNITY FOR EVERYONE. 

GUARANTEEING HIGH-QUALITY HEALTH CARE

 LIBERAL DEMOCRATS REMAIN STEADFASTLY COMMITTED TO THE ORIGINAL 
AIMS OF THE NHS: TO ENABLE EVERYONE TO LIVE FREE OF THE FEAR OF 
ILLNESS, INJURY AND DISABILITY; TO PROVIDE HEALTH CARE FREE AT THE 
POINT OF DELIVERY AND REGARDLESS OF ABILITY TO PAY.
     THE GOVERNMENT'S ""REFORMS"" MEAN THAT PATIENTS ARE MADE TO 
FOLLOW THE MONEY; UNDER OUR PROPOSALS, MONEY WILL FOLLOW THE 
PATIENTS. WE ESPECIALLY OPPOSE THE TWO-TIER HEALTH SERVICE WHICH 
THE GOVERNMENT IS CREATING. OUR PRIORITIES ARE:
 ¥ A DECENT LEVEL OF HEALTH SERVICE FUNDING, INCLUDING AN ANNUAL 
REAL INCREASE TO MATCH THE COSTS OF NEW TECHNOLOGY AND THE 
GROWING NUMBER OF ELDERLY PEOPLE. WE WILL START TO REPLACE THE 
UNDERFUNDING SUFFERED BY THE HEALTH SERVICE UNDER THE 
CONSERVATIVES, INVEST MORE IN RENOVATING AND CONSTRUCTING NEW 
HEALTH SERVICE BUILDINGS, AND INCREASE SPENDING IN THE PRIORITY 
AREAS LISTED BELOW. WE WILL ABOLISH TAX RELIEF FOR PRIVATE HEALTH 
INSURANCE, WHILST PROTECTING THE RIGHTS OF EXISTING POLICY-HOLDERS.
 ¥ HEALTH PROMOTION-KEEPING PEOPLE HEALTHY, AND TREATING THE 
ROOT CAUSES OF ILL HEALTH. WE WILL PROVIDE RESOURCES FOR 
PREVENTIVE MEDICINE, HEALTH EDUCATION AND OCCUPATIONAL HEALTH, 
INVEST IN SCREENING PROGRAMMES FOR THE PREVENTION OF DISEASE, 
TACKLE THE PROBLEMS OF DRUG ABUSE, BAN TOBACCO PROMOTION, 
REMOVE CHARGES FOR EYE TESTS AND DENTAL CHECKUPS, AND BOTH 
FREEZE AND EXTEND EXEMPTIONS FROM PRESCRIPTION CHARGES. WE 
WILL INCREASE RESOURCES FOR PRIMARY CARE. WE WILL RESTORE A 
COMPREHENSIVE DENTAL SCREENING SERVICE IN SCHOOLS AND IMPROVE 
THE DENTISTS' NHS CONTRACT. WE WILL REQUIRE ALL GOVERNMENT 
DEPARTMENTS TO TAKE ACCOUNT OF THE IMPACT ON HEALTH OF THEIR 
DECISIONS -OF CRUCIAL IMPORTANCE IN AREAS SUCH AS INDUSTRIAL 
INVESTMENT, HOUSING, SOCIAL SECURITY AND ENVIRONMENTAL 
PROTECTION.
 ¥ REAL CHOICE IN HEALTH CARE. WE WILL INTRODUCE AN EFFECTIVE 
PATIENT'S CHARTER, INCLUDING RIGHTS TO HOSPITAL TREATMENT WITHIN A 
SPECIFIED TIME, A CHOICE OF GP, GUARANTEED ACCESS TO HEALTH 
RECORDS, AND A COMPREHENSIVE NO-FAULT COMPENSATION SCHEME. 
WE WILL REQUIRE HEALTH AUTHORITIES TO PUBLISH A CHARTER OF 
SERVICES, DEFINING BASIC ENTITLEMENTS, AND PROVIDE REDRESS WHERE 
THESE ARE NOT SATISFIED. WE WILL ESTABLISH A NEW NATIONAL 
INSPECTORATE FOR HEALTH TO GUARANTEE A QUALITY SERVICE. 
¥ BETTER HEALTH CARE FOR WOMEN. WE WILL ENSURE ACCESS TO CLINICS 
PROVIDING HEALTH PROMOTION, COUNSELLING, FAMILY PLANNING AND 
SCREENING SERVICES, PARTICULARLY FOR CERVICAL AND BREAST CANCER, 
AND ADVICE ON MATERNITY AND CHILD CARE. WE WILL INCREASE THE 
AVAILABILITY BOTH OF TREATMENT BY WOMEN HEALTH PROFESSIONALS AND 
OF HOME BIRTH.
 ¥ HIGH-QUALITY COMMUNITY CARE, AVAILABLE THROUGH VOLUNTARY, 
PRIVATE AND LOCAL AUTHORITY SERVICES TO PEOPLE UNABLE TO CARE FOR 
THEMSELVES. WE WILL GIVE USERS CONTROL OVER THE OPTIONS FOR CARE 
AND PROVIDE SERVICES IN A WAY WHICH GUARANTEES INDIVIDUALS 
MAXIMUM INDEPENDENCE WHILE RETAINING EXISTING COMMUNITY 
LINKS. WE WILL PROVIDE BRIDGING FINANCE FOR LOCAL AUTHORITIES FOR 
THE TRANSITION TO THE NEW LEGISLATIVE ARRANGEMENTS ON COMMUNITY 
CARE. 
¥INVESTMENT IN NHS STAFF, INCLUDING SERVICE TRAINING, ESPECIALLY 
IN AREAS OF SIGNIFICANT SHORTAGE AND CHANGING ROLES. WE WILL 
REFORM MEDICAL STAFFING AND TRAINING TO REPLACE THE CONSULTANT-LED 
HIERARCHY WITH TEAMS OF ACCREDITED SPECIALISTS.
 ¥ A HEALTH SERVICE FOR ALL. WE WILL ENSURE THAT THE ASSESSMENT OF 
HEALTH-CARE NEEDS AND THE STRATEGIC PLANNING OF ALL SERVICES ARE THE 
RESPONSIBILITY OF DEMOCRATICALLY ACCOUNTABLE HEALTH AUTHORITIES. 
WE WILL REPLACE THE SO-CALLED ""INTERNAL MARKET"" WITH SERVICE 
AGREEMENTS BETWEEN AUTHORITIES AND HOSPITALS AND OTHER HEALTH 
UNITS. WE WILL REPLACE GP FUNDHOLDING WITH A SYSTEM WHICH 
GUARANTEES GPS FREEDOM TO REFER PATIENTS OUTSIDE THE SERVICE 
AGREEMENTS NEGOTIATED BY HEALTH AUTHORITIES. WE WILL CREATE A 
COMMON STRUCTURE OF LOCAL MANAGEMENT OF HOSPITALS AND 
COMMUNITY UNITS, ENDING THE ABILITY OF NHS TRUSTS TO DISPOSE OF 
THEIR CAPITAL ASSETS, TO SET THEIR OWN TERMS AND CONDITIONS OF 
SERVICE FOR STAFF, AND TO WITHDRAW FROM LOCAL PLANNING OF HEALTH 
SERVICES. 

PROVIDING GOOD HOUSING

DECENT, AFFORDABLE AND SAFE HOUSING IS VITAL TO PERSONAL 
HAPPINESS AND FAMILY LIFE. WE WILL ENCOURAGE HOME OWNERSHIP, 
BUT WE RECOGNISE THAT THE HOUSING MARKET HAS BEEN DISTORTED BY 
MORTGAGE TAX RELIEF, AND WE BELIEVE THAT CHOICE IN HOUSING MEANS 
PROVIDING MORE RENTED ACCOMMODATION IN BOTH PUBLIC AND PRIVATE 
SECTORS. WE WILL: 
¥ INTRODUCE HOUSING COST RELIEF WEIGHTED TOWARDS THOSE MOST IN 
NEED AND AVAILABLE TO HOUSE BUYERS AND RENTERS. THIS WILL REPLACE 
MORTGAGE TAX RELIEF FOR FUTURE HOME BUYERS, WHICH OFTEN HELPS 
MOST THOSE WHO NEED IT LEAST, AND CAUSES ENORMOUS DISTORTIONS IN 
THE SAVINGS AND HOUSING MARKETS. PEOPLE HOLDING MORTGAGES WILL 
BE PROTECTED: THEY WILL HAVE THE CHOICE OF MOVING TO HOUSING COST 
RELIEF OR CONTINUING TO RECEIVE MORTGAGE INTEREST TAX RELIEF. 
¥ BOOST HOUSE BUILDING AND RENOVATION. WE WILL RELAX CONTROLS 
ON LOCAL AUTHORITY CAPITAL RECEIPTS, ESPECIALLY FOR NEW COUNCIL 
BUILDING, FOR HOUSES BUILT IN COOPERATION WITH HOUSING 
ASSOCIATIONS, AND FOR RENOVATION AND REPAIR WORK. WE RECOGNISE 
THAT THE URGENT NEED FOR HOMES CAN ONLY BE MET BY  MOBILISING 
BOTH PRIVATE INVESTMENT AND PUBLIC SPENDING. WE WILL THEREFORE 
CREATE A NEW PARTNERSHIP HOUSING SECTOR TO ENSURE HIGH-QUALITY 
AFFORDABLE RENTED HOUSING.
 . IMPROVE TENANTS' RIGHTS TO BETTER STANDARDS OF REPAIR AND 
MAINTENANCE IN THE PUBLIC AND PRIVATE SECTORS. WE WILL ENCOURAGE 
COUNCILS TO CREATE MORE TENANTS' COOPERATIVES. WE WILL RETAIN THE 
RIGHT OF COUNCIL TENANTS TO OPT FOR A CHANGE OF LANDLORD, BUT ONLY 
AFTER A FAIR BALLOT. 
¥ TAKE URGENT ACTION ON HOMELESSNESS. WE WILL PAY INCOME 
SUPPORT TO CLAIMANTS IN ADVANCE AND ASSIST WITH INITIAL DEPOSITS, 
EXTEND THE DUTY OF LOCAL AUTHORITIES TO PROVIDE ACCOMMODATION 
FOR 16-18 YEAR OLDS, AND ENCOURAGE COUNCILS TO ASSIST EACH OTHER 
WITH HOUSING NEEDS. WE WILL FUND THE PROVISION OF SHORT-TERM 
RENTED HOUSING TO REDUCE THE USE OF BED AND BREAKFAST 
ACCOMMODATION, WE WILL LEGISLATE TO BRING INTO USE DWELLINGS LEFT 
EMPTY WITHOUT REASONABLE CAUSE FOR MORE THAN A YEAR 
¥ ADOPT NEW ENVIRONMENTAL STANDARDS FOR ALL BUILDINGS, 
COMMERCIAL AND DOMESTIC. WE WILL INTRODUCE A REQUIREMENT FOR 
ENERGY AUDITS ON ALL NEW BUILDINGS AS A PRECONDITION OF GRANTS 
FOR HOME INSULATION, SOLAR HEATING AND OTHER ENERGY-SAVING 
MEASURES. HOMES WHICH MEET THE NEW STANDARDS WILL BE EXEMPT 
FROM STAMP DUTY ON HOUSE PURCHASE. WE WILL ENCOURAGE SHARED 
COMBINED HEAT AND POWER SCHEMES, AND ENCOURAGE THOSE 
PLANNING NEW HOUSES TO TAKE INTO ACCOUNT THE SCOPE FOR PASSIVE 
SOLAR HEATING. 

 HOME ENERGY EFFICIENCY DISCOUNT

SAVING ENERGY IN THE HOME MAKES GOOD ENVIRONMENTAL SENSE, 
AND WILL SAVE MONEY ON ELECTRICITY AND GAS BILLS. WE WILL MAKE 
HOUSES WHICH MEET HIGH STANDARDS OF ENERGY EFFICIENCY EXEMPT 
FROM THE FIRST ~1,000 OF STAMP DUTY WHEN THEY ARE SOLD. THEIR 
ENERGY STANDARD WILL BE ASSESSED BY AN ENERGY AUDIT CARRIED OUT 
BY THE LOCAL AUTHORITY'S ENERGY EFFICIENCY UNIT.
     IF F A HOME DOES NOT MEET THE MINIMUM STANDARD, THE OWNER 
WILL BE ABLE TO CLAIM BACK ALL MONEY SPENT WITHIN THE FIRST YEAR 
AFTER PURCHASE ON RAISING IT TO THAT LEVEL, THROUGH, FOR EXAMPLE, 
HOME INSULATION, UP TO THE AMOUNT OF STAMP DUTY THEY PAID WHEN 
THEY BOUGHT THE PROPERTY (UP TO THE MAXIMUM OF ~1,000). THIS 
WILL HELP TO CUT POLLUTION AND SAVE ENERGY AND GIVE A VALUABLE 
BOOST TO THE HOUSING MARKET. 

 PROTECTING THE COMMUNITY

OVER THE PAST TEN YEARS RECORDED CRIME HAS RISEN FASTER THAN AT 
ANY TIME IN OUR HISTORY. MEANWHILE, PRISON CONDITIONS HAVE 
DETERIORATED AND THE PUBLIC HAS LOST CONFIDENCE IN THE CRIMINAL 
JUSTICE SYSTEM. LIBERAL DEMOCRATS WILL REVERSE THIS TREND BY: 
¥ CREATING SAFE AND SECURE COMMUNITIES. WE WILL GIVE LOCAL 
AUTHORITIES THE POWERS TO DEVELOP COMPREHENSIVE COMMUNITY 
CRIME PREVENTION PROGRAMMES, IMPROVE SERVICES TO VICTIMS, AND 
ENCOURAGE NEIGHBOURHOOD WATCH AND SAFER CITY PROGRAMMES. WE 
WILL PAY SPECIAL ATTENTION TO THE UNDERLYING SOCIAL PROBLEMS IN 
HIGH-CRIME AREAS, PARTICULARLY TO PREVENT YOUNG PEOPLE DRIFTING 
INTO CRIME. 
¥ PUTTING MORE POLICE OFFICERS ON THE BEAT. WE WILL REDEPLOY 
POLICE RESOURCES IN ORDER TO INCREASE POLICE PRESENCE IN LOCAL 
COMMUNITIES AND ESTABLISH LOCAL NEIGHBOURHOOD OFFICES. WE WILL 
DECENTRALISE BUDGETARY CONTROL TO POLICE SUBDIVISIONS. WE WILL 
ENCOURAGE RECRUITMENT CAMPAIGNS AND TRAINING FOR PROMOTION TO 
INCREASE THE NUMBER OF WOMEN AND ETHNIC MINORITY OFFICERS IN 
THE POLICE FORCE AND ESPECIALLY IN THE HIGHER RANKS. MULTICULTURAL 
AND ANTI-RACISM TRAINING WILL ALSO INCREASE CONFIDENCE IN THE 
POLICE AMONG MINORITY ETHNIC COMMUNITIES. WE WILL SUPPORT THE 
CREATION BY THE POLICE OF NEW RACIAL ATTACKS SQUADS TO MONITOR 
AND COORDINATE ACTION AGAINST RACIALLY MOTIVATED ATTACKS. ¥ 
REFORMING THE CRIMINAL JUSTICE SYSTEM. WE WILL ESTABLISH A 
MINISTRY FOR JUSTICE, MERGING THE RELEVANT FUNCTIONS OF THE HOME 
OFFICE AND THE LORD CHANCELLOR'S DEPARTMENT. WE WILL CREATE THE 
POST OF PUBLIC DEFENDER, EQUIVALENT IN STATUS TO THE DPP AND 
RESPONSIBLE FOR INVESTIGATING ALLEGED MISCARRIAGES OF JUSTICE. WE 
WILL EXTEND LEGAL AID, ENSURING THAT JUSTICE IS MORE WIDELY 
AVAILABLE. WE WILL ENCOURAGE ""RESTORATIVE JUSTICE"", IN WHICH 
MEDIATION BETWEEN VICTIMS AND OFFENDERS PROVIDES REPARATIONS 
FOR THOSE WHO SUFFER FROM CRIME. 
¥ RADICALLY REFORMING CONDITIONS INSIDE PRISONS, REDUCING 
OVERCROWDING, IMPROVING PRISON OFFICERS' MORALE AND PUNISHING 
OFFENDERS WHERE POSSIBLE WITHIN THE COMMUNITY. WE WILL CREATE 
WOMEN'S UNITS IN PRISONS WHERE FEASIBLE. WE WILL EXTEND THE 
RIGHTS AND RESPONSIBILITIES OF PRISONERS ALONG THE LINES 
RECOMMENDED BY THE WOOLF REPORT, AND CREATE THE POST OF PRISON 
OMBUDSMAN. 
¥ AMEND THE PROVISION OF THE ASYLUM BILL. WE WILL INTRODUCE 
IMPROVED WELFARE AND LEGAL RIGHTS FOR GENUINE ASYLUM SEEKERS 
AND ESTABLISH SUBSTANTIVE RIGHTS OF APPEAL. 

 A CITIZEN'S PENSION

AT PRESENT MANY PEOPLE DO NOT RECEIVE THE FULL BASIC STATE 
PENSION. IF THEY HAVE NOT PAID ENOUGH TAX BECAUSE THEY HAVE NOT 
EARNED ENOUGH DURING THEIR WORKING LIVES, PEOPLE HAVE TO RELY ON 
MEANS TESTED BENEFITS WHEN THEY RETIRE. WOMEN IN PARTICULAR ARE 
BADLY AFFECTED, BECAUSE THEY TEND TO HAVE THE LOWEST PAID JOBS 
AND TO SPEND SEVERAL YEARS LOOKING AFTER CHILDREN.
     LIBERAL DEMOCRATS BELIEVE THAT A PENSION SHOULD BE A RIGHT FOR 
EVERYONE. WE WILL ENSURE THAT THE BASIC STATE PENSION IS PAID AS 
OF RIGHT AND END MEANS TESTING FOR OUR POOREST SENIOR CITIZENS. 

 ENSURING A DECENT INCOME FOR ALL

THE TAX AND SOCIAL SECURITY SYSTEMS ARE LONG OVERDUE FOR REFORM. 
OUR OBJECTIVES ARE TO SIMPLIFY INTEGRATE THE TWO SYSTEMS, TO 
MOUNT A DETERMINED ASSAULT ON POVERTY AND DEPENDENCE, AND TO 
PROTECT OUR CITIZENS FROM WANT. WE WILL WORK TOWARDS THE 
EVENTUAL CREATION OF A NEW ""CITIZEN'S INCOME"", PAYABLE TO ALL 
IRRESPECTIVE OF SEX OR STATUS. FOR PENSIONERS, THE CITIZEN'S 
INCOME WILL BE WELL ABOVE THE PRESENT PENSION, AND FOR EVERYONE 
ELSE IT WILL BE ABOUT ~12 . 80 A WEEK (AT PRESENT PRICES)     
UNPAID WORK WILL AT LAST BE RECOGNISED AS VALUABLE. WOMEN 
CARING IN THE HOME, FOR EXAMPLE, WILL RECEIVE AN INDEPENDENT 
INCOME FROM THE STATE FOR THE FIRST TIME. THE CITIZEN'S INCOME WILL 
BE BUTTRESSED BY A SINGLE BENEFIT FOR THOSE IN NEED, UNIFYING 
INCOME SUPPORT AND FAMILY CREDIT, WITH SUPPLEMENTS FOR PEOPLE 
WITH DISABILITIES AND FOR CHILD-CARE SUPPORT. THESE REFORMS WILL 
ENSURE THAT EVERY CITIZEN IS GUARANTEED A DECENT MINIMUM 
INCOME, WHETHER OR NOT THEY ARE IN EMPLOYMENT OUR IMMEDIATE 
PRIORITIES, WHICH WILL ACT AS STEPS TOWARDS THE CITIZEN'S INCOME, 
INCLUDE: 
¥ IMMEDIATE IMPROVEMENTS IN BENEFITS. WE WILL INCREASE CHILD 
BENEFIT BY £I PER WEEK FOR EACH CHILD. INCOME SUPPORT FOR UNDER-
25S WILL BE PAID AT THE FULL RATE, AN INCREASE OF £8 . 50 PER WEEK. 
WE WILL GIVE BACK TO 16 AND 17 YEAR OLDS THE RIGHT TO CLAIM 
INCOME SUPPORT. WE WILL END IMMEDIATELY THE MINIMUM POLL TAX 
LEVEL OF 20 PER CENT, PRIOR TO THE ABOLITION OF THE TAX ITSELF. WE 
WILL REFORM THE SOCIAL FUND, REMOVING ITS CASH LIMIT AND 
CONVERTING MOST LOANS INTO GRANTS. 
¥ INCREASING THE BASIC STATE PENSION IMMEDIATELY BY £5 A WEEK 
FOR SINGLE PENSIONERS, AND BY £8 A WEEK FOR MARRIED COUPLES. 
THIS HIGHER BASIC PENSION WILL BE PAID TO EVERY PENSIONER, 
REGARDLESS OF THEIR CONTRIBUTORY RECORD, TO END THE INDIGNITY OF 
MEANS TESTING. AFTER THE INITIAL INCREASE, WE WILL UPRATE THE BASIC 
PENSION EVERY YEAR IN LINE WITH AVERAGE EARNINGS. THIS WILL BE 
PAID FOR BY ABOLISHING SERPS, WHICH DOES NOT HELP THE POOREST 
PENSIONERS. PEOPLE WHO HAVE ALREADY BUILT UP SERPS ENTITLEMENTS 
WILL OF COURSE STILL RECEIVE THEIR SERPS PENSION. 
¥ PROTECTING THE RIGHTS OF MEMBERS OF OCCUPATIONAL PENSION 
SCHEMES. WE WILL PROVIDE A STATUTORY FRAMEWORK PROTECTION, 
INCLUDING EMPLOYEE REPRESENTATION ON OCCUPATIONAL PENSION 
TRUSTS. 
¥ CREATING A COMPREHENSIVE DISABILITY INCOME SCHEME TO GIVE 
PEOPLE WITH DISABILITIES REAL FINANCIAL FREEDOM. WE WILL INCREASE 
INVALIDITY BENEFIT BY 15 PER CENT, EXTEND MOBILITY ALLOWANCE AND 
BASE PAYMENTS ON MEDICAL RECORDS RATHER THAN NATIONAL INSURANCE 
CONTRIBUTIONS. IN THE LONGER TERM WE AIM TO REIMBURSE 
INDIVIDUALS IN FULL FOR THE ADDITIONAL COSTS OF THEIR DISABILITY. 
¥ CREATING A CARER'S BENEFIT FOR THE MANY INDIVIDUALS WHO FORGO 
NORMAL EARNINGS TO LOOK AFTER ELDERLY OR DISABLED RELATIVES. WE 
WILL CONVERT INVALID CARE ALLOWANCE INTO A CARER'S BENEFIT, 
INCREASING ITS VALUE BY AN IMMEDIATE 15 PER CENT, INDEXING ITS 
FUTURE LEVEL TO EARNINGS AND ALTERING THE ENTITLEMENT RULES TO 
ENABLE CARERS TO COMBINE CARING WITH PART-TIME OR EVEN FULL-TIME 
JOBS AND TO ENSURE THAT PEOPLE WILL STILL BE ELIGIBLE EVEN IF THE 
CARING STARTS AFTER THE CARER REACHES PENSIONABLE AGE. 
¥ FURTHER IMPROVEMENTS IN BENEFITS. WE WILL, OVER THE LIFETIME OF 
A PARLIAMENT, PHASE OUT THE DIFFERENTIAL IN CHILD BENEFIT BETWEEN 
THE FIRST CHILD AND SUBSEQUENT CHILDREN; REINTRODUCE DEATH AND 
MATERNITY GRANTS; INCREASE THE FAMILY PREMIUM FOR INCOME 
SUPPORT AND FAMILY CREDIT, AND REFORM THE SYSTEM OF COLD-
WEATHER PAYMENTS. 
¥ UNIFYING INCOME TAX AND EMPLOYEES' NATIONAL INSURANCE 
CONTRIBUTIONS SO THAT THE TWO TAXES ARE COLLECTED AND ADMINISTERED 
TOGETHER AND PAID ON THE SAME INCOME, WHETHER FROM EARNINGS, 
INVESTMENTS, CAPITAL GAINS OR PERKS. 
¥ MAKING THE INVESTMENT NEEDED TO END THE RECESSION, USING THE 
MONEY BORROWED BY THE CONSERVATIVES TO PAY FOR THEIR PRE-
ELECTION TAX CUTS. WE WILL ALSO RAISE THE BASIC RATE OF INCOME TAX 
BY ONE PENNY IN THE POUND TO PAY FOR THE IMPROVEMENTS ESSENTIAL 
TO EDUCATION. OUR NEW TAX RATES WILL BE AS FOLLOWS:

 -ABOUT 80 PER CENT OF TAX PAYERS WILL PAY 26 PER CENT INCOME 
TAX PLUS THE 9 PER CENT FROM NATIONAL INSURANCE (A COMBINED RATE 
OF 35 PER CENT).                                    -ON EARNINGS ABOVE 
£33,000, A COMBINED RATE OF 42 PER CENT WILL APPLY.
-ON EARNINGS ABOVE £50,000 A COMBINED RATE OF 50 PER CENT 
WILL BE PAID.
-PENSIONERS AND ORDINARY SAVERS WILL NOT PAY THE 9 PER CENT 
NATIONAL INSURANCE ELEMENT ON THEIR INCOMES. SPECIAL PROVISIONS 
WILL ALSO ENSURE THAT THOSE ON MODEST INCOMES MOST OF WHICH 
COMES FROM INVESTMENTS, SUCH AS PEOPLE WHO HAVE BEEN MADE 
REDUNDANT, DO NOT PAY THIS 9 PER CENT ON THEIR SAVINGS. 
                                  
 WIDENING HORIZONS: INVESTING IN THE ARTS

THE ARTS BENEFIT SOCIETY IN TWO WAYS. FIRST, ACCESS TO THE ARTS IS 
INTRINSIC TO A HIGH QUALITY OF LIFE. SECOND, THE CULTURAL SECTOR-THE 
ARTS, CRAFTS, DESIGN, AND AUDIOVISUAL INDUSTRIES-MAKES AS GREAT 
A NET CONTRIBUTION TO THE ECONOMY AS DOES THE OIL INDUSTRY. WE 
WILL: 
¥ CREATE A NEW MINISTRY OF ARTS AND COMMUNICATIONS HEADED BY 
A MINISTER IN THE CABINET. LIBERAL DEMOCRATS WILL RAISE INVESTMENT 
IN THE ARTS TO THE EC AVERAGE OVER FIVE YEARS. 
¥ REFORM AND DECENTRALISE ARTS FUNDING AND ORGANISATION. WE WILL 
DECENTRALISE MANY OF THE RESPONSIBILITIES OF THE ARTS COUNCIL, 
INCREASING THE ROLES OF REGIONAL ARTS BOARDS AND LOCAL AUTHORITIES. 
¥ STRENGTHEN LINKS BETWEEN THE ARTS AND EDUCATION. WE WILL 
ENHANCE PRACTICAL ARTS TEACHING AND LIBRARY PROVISION IN SCHOOLS 
AND EXTEND THE PROVISION OF ADULT EDUCATION FOR THE ARTS AND 
CRAFTS. WE WILL RESTORE FUNDING FOR PUBLIC LIBRARIES TO 1980 
LEVELS. WE WILL ABOLISH MUSEUM CHARGES FOR SCHOOL 
  TRANSFER RESPONSIBILITY FOR BROADCASTING TO THE NEW MINISTRY. 
THE BBC IS A MAJOR PATRON OF THE ARTS, AND BROADCASTING ITSELF 
COMBINES A VARIETY OF ARTS AND CRAFTS. WE WILL REFORM RECENT 
LEGISLATION AFFECTING THE INDEPENDENT CHANNELS TO ENTRENCH THE 
INTERESTS OF QUALITY BROADCASTING A GUARANTEE POLITICAL 
INDEPENDENCE. THESE INTERESTS WILL ALSO BE REFLECTED IN THE 
IMPENDING REV THE BBC'S CHARTER, AND OUR PLANS FOR CABLE 
TELEVISION
¥ ENCOURAGE PARTICIPATION WITHIN EUROPE-INCLUDING IN PARTICULAR 
COOPERATION IN THE INDUSTRY, IN PROTECTING AND ENHANCING OUR 
COMMON HERITAGE AND IN EXPANDING OPPORTUNITIES FOR YOUNG 
ARTISTS OF ALL KINDS. 

ENCOURAGING A FIT, ACTIVE AND HEALTHY SOCIETY

SPORT IS IMPORTANT FOR THE ECONOMIC, SOCIAL AND HEALTH BENEFITS 
WHICH IT CAN BRING AND FOR ITS TO ENHANCE COMMUNITY IDENTITY. 
LIBERAL DEMOCRATS WILL: 
¥ CREATE A UK SPORTS COMMISSION TO PROVIDE A VOICE FOR 
PARTICIPANTS, SPECTATORS ADMINISTRATORS. STATE SPORTS COUNCILS WILL 
CONTINUE TO RECEIVE THEIR CORE FUNDS FROM GOVERNMENT THE 
COMMISSION WILL RAISE AND DISTRIBUTE ADDITIONAL RESOURCES FOR THE 
PROMOTION OF PARTICIPATION AND EXCELLENCE. 
¥ ENCOURAGE SPORT ACROSS THE COMMUNITY. WE WILL ENCOURAGE 
SCHOOLS TO INVEST IN SPORTS FACILITIES AND OPEN THEM UP TO THE LOCAL 
COMMUNITY. WE WILL ESTABLISH COMMUNITY SPORTS PLANS OFFERING 
RELIEF TO SPORTS CLUBS THAT SHARE FACILITIES AND COACHING RESOURCES 
WITH LOCAL SCHOOLS. W ENCOURAGE LOCAL AUTHORITIES TO TRANSFORM 
FOOTBALL GROUNDS INTO MULTI-SPORT VENUES. 
¥ ENCOURAGE INDIVIDUAL AND CORPORATE SPONSORSHIP, REVIEW THE 
ROLE OF THE FOUNDATION FOR ARTS AND SPORT AND RECONSIDER THE 
CONSERVATIVES' HASTY PROPOSAL FOR A NATIONAL LOTTERY. 
¥ MAINTAIN BRITAIN'S LEADING ROLE IN THE FIGHT AGAINST DRUG ABUSE 
IN SPORT, ENSURING ADEQUATE FUNDING FOR TESTING PROGRAMMES AND 
EDUCATION CAMPAIGNS DIRECTED AT PARTICIPANTS. 
¥ ENHANCE SAFETY IN THE PROVISION OF SPORTS GROUNDS. WE WILL PUT 
THE SAFETY OF SPECTATORS FIRST IN LEGISLATION AND MAKE STANDARDS 
MANDATORY. WE WILL TAKE INTO ACCOUNT THE SIZE OF GROUNDS ~ 
SETTING SAFETY STANDARDS. WE WILL RAISE REVENUE FOR INVESTMENT IN 
SAFETY BY INCREASING LEVIES FOOTBALL POOLS AND BETTING. WE WILL 
REQUIRE LOCAL AUTHORITIES TO INCLUDE SPORTS SPECTATORS ON GROUND 
SAFETY COMMITTEES. 

GUARANTEEING EQUAL OPPORTUNITIES

A FORWARD-LOOKING SOCIETY PLACES AN EQUAL VALUE ON THE 
CONTRIBUTION OF ALL ITS CITIZENS-AND BENEFITS FROM THE 
PARTICIPATION OF ALL. YET IN TODAY'S BRITAIN MANY GROUPS OF 
INDIVIDUALS ARE SYSTEMATICALLY DISCRIMINATED AGAINST BY A SOCIETY 
WHICH FAILS TO RECOGNISE THEIR RIGHT TO EQUALITY OF OPPORTUNITY 
LIBERAL DEMOCRATS WILL: 
¥ FIGHT DISCRIMINATION BY INCORPORATING THE EUROPEAN CONVENTION 
ON HUMAN RIGHTS INTO UK AND THEN EXTENDING IT INTO A FULL UK 
BILL OF RIGHTS. THIS WILL REINFORCE EXISTING PROTECTION IN B COURTS 
AGAINST DISCRIMINATION ON THE GROUNDS OF SEX, RACE, AGE, 
DISABILITY, RELIGION OR S~ ORIENTATION. WE WILL SET UP A 
COMMISSION OF HUMAN RIGHTS TO ASSIST INDIVIDUALS TO TAKE LEGAL 
ACTION IN CASES OF DISCRIMINATION OR OTHER BREACHES OF THE RIGHTS 
GUARANTEED IN THE CONVENTION. 
¥ STRENGTHEN THE RIGHTS OF WOMEN. WE WILL GUARANTEE EQUAL PAY 
FOR WORK OF EQUAL VALUE; REQUIRE PUBLIC AUTHORITIES AND PRIVATE 
CONTRACTORS HOLDING PUBLIC CONTRACTS TO BE EQUAL-OPPORTUNITY 
EMPLOYERS AND IMPROVE CHILD-CARE SUPPORT AND FACILITIES. 
PROPORTIONAL REPRESENTATION FOR ELECTIONS AND MODERNISING 
PARLIAMENTARY PROCEDURES WILL HELP TO END THE DISCRIMINATION 
AGAINST WOMEN ON ELECTED BODIES AND IN GOVERNMENT AT 
EUROPEAN, NATIONAL AND LOCAL LEVELS. 
¥ EXTEND THE OPPORTUNITIES OF YOUNG PEOPLE. WE WILL ENTRENCH 
YOUNG PEOPLE'S RIGHTS REPRESENTATION ON ORGANISATIONS WHICH 
AFFECT THEIR LIVES AND WELL-BEING SUCH AS COLLEGE GOVERNING 
BODIES. WE WILL PLACE A STATUTORY OBLIGATION ON LOCAL AUTHORITIES 
TO PROVIDE A COMPREHENSIVE Y SERVICE IN PARTNERSHIP WITH THE 
VOLUNTARY SECTOR, AND WE WILL INVEST IN LEISURE AND RECREATION 
FACILITIES. YOUNG PEOPLE WILL HAVE THE RIGHT TO CONFIDENTIAL 
MEDICAL ADVICE AND TREATMENT. 
¥ MAKE OLD AGE A TIME OF OPPORTUNITY. WE WILL INTRODUCE A 
FLEXIBLE ""DECADE OF RETIREMENT"" FOR AND WOMEN, IN WHICH PEOPLE 
MAY CHOOSE TO RETIRE AND TAKE A STATE PENSION AT ANY TIME BETWEEN 
60 AND 70 (THE VALUE OF THE PENSION INCREASING WITH THE AGE OF 
RETIREMENT). WE WILL INCREASE CHOICE FOR ELDERLY AND RETIRED 
PEOPLE BY ENCOURAGING OPENINGS IN VOLUNTARY AND PART-TIME 
WORK, WIDENING THE AVAILABILITY OF EDUCATION, THE ARTS AND 
RECREATIONAL FACILITIES. 
¥ PROTECT THE RIGHTS OF ETHNIC MINORITIES. WE WILL REINFORCE 
LEGISLATION TO ENSURE EQUAL OPPORTUNITIES FOR ALL, IN HOUSING, 
EMPLOYMENT, EDUCATION AND TRAINING, ESPECIALLY IN INNER-CITY 
AREAS. PR WILL GREATLY INCREASE THE POSSIBILITIES OF PARTICIPATION IN 
THE POLITICAL PROCESS. WE WILL REPEAL THE NATIONALITY ACT, REFORM 
IMMIGRATION LEGISLATION TO MAKE IT FREE FROM RACIAL DISCRIMINATION 
RESTORE THE RIGHT OF ENTRY TO BRITISH PASSPORT HOLDERS. WE WILL 
PUSH FOR THE EXTENSION OF EC DISCRIMINATION LEGISLATION AND 
ENSURE THAT THE RIGHTS OF BLACK AND ASIAN BRITISH CITIZEN' ARE 
RESPECTED THROUGHOUT THE EC. WE WILL ENCOURAGE CHANGES TO THE 
EDUCATION SYSTEM WHICH POSITIVE VALUE ON A PLURALIST, DIVERSE AND 
MULTICULTURAL SOCIETY. 
¥ GUARANTEE EQUAL RIGHTS FOR GAY MEN AND LESBIANS THROUGH 
CHANGES TO CRIMINAL LAW,ANTI- DISCRIMINATION LEGISLATION AND 
POLICE PRACTICES. WE WILL REPEAL SECTION 28 OF THE 1988 LOCAL 
GOVERNMENT ACT. WE WILL CREATE A COMMON AGE OF CONSENT 
REGARDLESS OF GENDER OR SEXUAL ORIENTATION. 
¥ WORK WITH PEOPLE WITH DISABILITIES AND THEIR ORGANISATIONS TO 
DRAW UP A CHARTER OF RIGHTS FOR PEOPLE WITH DISABILITIES. WE WILL 
IMPLEMENT THE 1986 DISABLED PERSONS ACT IN FULL, GIVING PRIORITY 
TO THE DEVELOPMENT OF ADVOCACY SCHEMES. 

5. BRITAIN'S PARTNERS: EUROPEAN PARTNERSHIP 
FOR THE NEW CENTURY

LIBERAL DEMOCRATS WILL TAKE DECISIVE STEPS TOWARDS A FULLY 
INTEGRATED, FEDERAL AND DEMOCRATIC EUROPEAN COMMUNITY. WE 
BELIEVE THAT BY SHARING SOVEREIGNTY AND POOLING POWER, BRITAIN 
AND ITS PARTNERS WILL BE BETTER ABLE TO ACHIEVE COMMON GOALS FOR 
THE ECONOMY, THE ENVIRONMENT, SOCIETY AND SECURITY THAN BY 
ACTING ALONE. OUR AIM IS TO CREATE A CITIZENS' EUROPE IN WHICH 
POWER LIES AS CLOSE TO THE CITIZEN AS POSSIBLE. 

MAKING BRITAIN'S EUROPEAN PRESIDENCY WORK

VERY FEW OF THE PROPOSALS THAT WE HAVE SET OUT IN THE PRECEDING 
SECTIONS WILL BE SUCCESSFUL UNLESS BRITAIN IS PREPARED TO WORK IN 
PARTNERSHIP WITHIN THE COMMUNITY. FOLLOWING MAASTRICHT, YET 
AGAIN BRITAIN RISKS BEING LEFT BEHIND WHILE THE REST OF EUROPE 
MOVES ON. LIBERAL DEMOCRATS WANT BRITAIN TO PLAY A FULL ROLE IN 
CREATING A DYNAMIC AND DEMOCRATIC EUROPE. WE WILL USE BRITAIN'S 
SIX-MONTH TENURE OF THE PRESIDENCY OF THE COMMUNITY'S COUNCIL 
OF MINISTERS TO MAKE A START ON THE REAL TASKS THAT LIE AHEAD: 
BUILDING A PROSPEROUS AND INTEGRATED ECONOMY; CORRECTING THE 
DEMOCRATIC DEFICIT, MAKING EUROPE WORK FOR ITS CITIZENS, NOT ITS 
INSTITUTIONS: WIDENING THE COMMUNITY'S MEMBERSHIP; AND HELPING 
TO CREATE A PEACEFUL AND STABLE NEW WORLD ORDER.     
WE CANNOT EXPECT BRITAIN TO INFLUENCE THE DIRECTION THE 
COMMUNITY TAKES IN THE NEXT DECADE UNLESS IT IS A FULL AND 
ENTHUSIASTIC MEMBER.   
  OUR VISION OF THE NEW EUROPE IS OF A FEDERAL COMMUNITY, WHERE 
POWER IS EXERCISED AT THE LOWEST LEVEL CONSISTENT WITH GOOD 
GOVERNMENT. FOR US, FEDERALISM MEANS DECENTRALISATION: PASSING 
POWERS DOWN MORE THAN PASSING THEM UP. THE CREATION OF 
SCOTTISH, WELSH AND ENGLISH REGIONAL PARLIAMENTS THEREFORE GOES 
HAND IN HAND WITH THE PROMOTION OF MORE EUROPEAN COOPERATION 
AND PARTNERSHIP, ENSURING ACCESS TO POWER FOR INDIVIDUALS AND 
THEIR COMMUNITIES RIGHT ACROSS EUROPE. 

BUILDING A CITIZENS' EUROPE

JANUARY 1993 WILL BRING THE SINGLE MARKET. ECONOMIC AND 
MONETARY UNION WILL FOLLOW BY THE END OF THE DECADE. YET THE 
COMMUNITY IS STILL TOO MUCH AN ORGANISATION FOR BUSINESSMEN 
AND BUREAUCRATS INSTEAD OF CITIZENS AND COMMUNITIES. WE WANT TO 
MOULD EUROPE'S FUTURE IN THE INTERESTS OF EUROPE'S PEOPLE. OUR 
PRIORITIES ARE: 
¥ ECONOMIC AND MONETARY UNION INCLUDING THE ESTABLISHMENT OF 
AN INDEPENDENT EUROPEAN CENTRAL BANK AND A SINGLE EUROPEAN 
CURRENCY. WE WILL RENOUNCE THE CONSERVATIVES' ""OPT-OUT"" CLAUSE 
AND ACCEPT THE TIMETABLE FOR EMU. 
¥ COOPERATION IN RESEARCH AND INNOVATION. WE WILL ENCOURAGE 
FURTHER COLLABORATION WITHIN THE EC ON MAJOR SCIENTIFIC PROJECTS 
AND THE DEVELOPMENT OF NEW TECHNOLOGIES SUCH AS 
TELECOMMUNICATIONS, INFORMATION TECHNOLOGY AND 
ENVIRONMENTALLY SUSTAINABLE INNOVATIONS. 
¥ ACTION ON THE ENVIRONMENT. OUR ENVIRONMENTAL GOALS CANNOT BE 
SUCCESSFULLY ACHIEVED UNLESS ACTION IS TAKEN ACROSS THE 
COMMUNITY. THE PROPOSED EUROPEAN ENVIRONMENT AGENCY MUST 
BE ESTABLISHED, A EUROPEAN ENERGY POLICY DRAWN UP AND 
ENVIRONMENTAL SUBSIDIES AND PENALTIES APPLIED COMMUNITY-WIDE. 
¥ AN ACTIVE REGIONAL AND SOCIAL POLICY. THE SINGLE MARKET AND 
ECONOMIC AND MONETARY UNION WILL EXPOSE REGIONS AND FIRMS TO 
GREATER COMPETITION. THIS WILL BE BENEFICIAL IN THE LONG RUN, BUT 
THE EC MUST ASSIST IN THE TRANSITIONAL PERIOD. WE WILL RENOUNCE 
BRITAIN'S SOCIAL CHAPTER ""OPT-OUT"" AND ARGUE FOR A MORE FLEXIBLE 
FRAMEWORK OF SOCIAL POLICY ACROSS THE COMMUNITY. THE EC 
SHOULD SET DOWN MINIMUM STANDARDS OF HEALTH AND SAFETY AND 
EMPLOYEE RIGHTS, LEAVING NATIONAL GOVERNMENTS AND ENTERPRISES TO 
DECIDE HOW TO MEET THEM, SUBJECT ULTIMATELY TO THE JUDGEMENT OF 
THE COURTS. 
¥ FUNDAMENTAL REFORM OF THE COMMON AGRICULTURAL POLICY. WE 
WILL EASE THE TRANSITION FROM THE PRESENT WASTEFUL AND INEFFICIENT 
PRICE SUPPORT MECHANISM TO MARKET PRICES AND DIRECT SUPPORT FOR 
FARMERS' INCOMES TO ACHIEVE ENVIRONMENTAL AND SOCIAL GOALS, TO 
BE FUNDED BY SAVINGS MADE FROM THE PRESENT INTERVENTION 
PAYMENT SYSTEM. 

CREATING A NEW DEMOCRACY IN EUROPE

THE COMMUNITYS STRUCTURE GIVES FAR TOO MUCH WEIGHT TO THE 
COUNCIL OF MINISTERS AT THE EXPENSE OF THE EUROPEAN PARLIAMENT, 
AND, MOST IMPORTANTLY, OF THE INDIVIDUAL CITIZEN. FURTHER MOVES 
TO EUROPEAN UNION, AND ENLARGEMENT, MUST DEPEND ON THE 
INSTITUTIONS OF THE EC BECOMING TRULY DEMOCRATIC. WE WILL: 
¥ SET OUT THE RIGHTS OF THE EUROPEAN CITIZEN. WE WILL WORK FOR A 
CLEAR DEFINITION OF THE RIGHTS OF THE EUROPEAN CITIZEN, AND INSIST 
THAT THESE ARE COMMON TO ALL COMMUNITY NATIONALS. THIS MUST 
INCLUDE COMMON VOTING RIGHTS AT LOCAL, NATIONAL AND EUROPEAN 
LEVELS. 
¥ INCREASE THE DEMOCRATIC POWERS OF THE EUROPEAN PARLIAMENT. 
WE WILL ENSURE THAT THE PARLIAMENT BECOMES AN EFFECTIVE PARTNER 
WITH THE COUNCIL IN LAW-MAKING, EXERCISING IN FULL THE POWER OF 
""CO DECISION"". 
  INTRODUCE FAIR VOTES FOR THE 1994 BRITISH ELECTIONS TO THE 
EUROPEAN PARLIAMENT. THE BRITISH CITIZEN MUST NO LONGER BE 
DENIED THE FAIR VOTING SYSTEMS ENJOYED BY THE CITIZENS OF EVERY 
OTHER EUROPEAN COUNTRY. 
¥ MAKE THE COMMISSION MORE ACCOUNTABLE. THE PARLIAMENT MUST 
HAVE THE POWER TO CONFIRM OR DENY THE COUNCIL'S NOMINEE AS 
PRESIDENT OF THE COMMISSION, AND THEN TO APPROVE OR NOT THE 
PRESIDENT'S CHOICE OF COMMISSIONERS-AND SUBSEQUENTLY TO SACK 
THEM IF NECESSARY. WE WELCOME THE PROVISIONS OF THE MAASTRICHT 
TREATY AS A FIRST STEP. 
¥ INCREASE DEMOCRACY AND ACCOUNTABILITY IN THE COUNCIL OF 
MINISTERS. WE WILL ARGUE TO EXTEND MAJORITY VOTING IN THE COUNCIL 
TO COVER ALL AREAS OF COMMUNITY POLICY OTHER THAN CONSTITUTIONAL 
AND CRUCIAL SECURITY MATTERS. WHEN PASSING LAWS, THE COUNCIL 
SHOULD MEET IN PUBLIC. 
¥ IMPROVE NATIONAL SCRUTINY OF MINISTERS ACTIONS IN EUROPE. WE 
WILL CREATE A NEW EUROPE COMMITTEE OF THE HOUSE OF COMMONS, 
AND GIVE OUR REFORMED HOUSE OF LORDS A SPECIAL ROLE IN 
SCRUTINISING DEVELOPMENTS IN THE COMMUNITY. 
¥ PREPARE FOR COMMUNITY ENLARGEMENT, WELCOMING EFTA 
MEMBERS AND, WHEN THEY ARE READY, THE NEW DEMOCRACIES OF 
CENTRAL AND EASTERN EUROPE. A COMMUNITY WITH MORE MEMBERS 
REQUIRES REFORMED AND DYNAMIC INSTITUTIONS. FURTHER MOVES TO 
EUROPEAN UNION, AND ENLARGEMENT, MUST DEPEND ON THE 
INSTITUTIONS OF THE EUROPEAN COMMUNITY BECOMING TRULY 
DEMOCRATIC. 

SHARING SECURITY; WORKING FOR PEACE

THE GULF WAR AND ITS AFTERMATH HAVE SHOWN THE CRUCIAL NEED FOR 
STRONGER AND MORE EFFECTIVE WORLD INSTITUTIONS CAPABLE OF 
UPHOLDING INTERNATIONAL LAW AND ENFORCING RESPECT FOR HUMAN 
RIGHTS. BRITAIN MUST ENSURE THAT THE COMMUNITY PLAYS A PIVOTAL 
ROLE IN THE CONSTRUCTION OF A NEW SECURITY ORDER IN EUROPE, 
FOLLOWING THE DEMOCRATISATION OF EASTERN AND CENTRAL EUROPE. 
NEW INITIATIVES FOR DISARMAMENT AND FOR SHARING SECURITY 
BURDENS WILL ENABLE FURTHER REDUCTIONS IN LEVELS OF ARMAMENTS TO 
BE MADE WITHOUT ENDANGERING SECURITY. ON THE GLOBAL STAGE, A 
STRONGER UNITED NATIONS WILL BE NEEDED TO UNDERPIN COOPERATION 
IN TACKLING THE WORLD'S PROBLEMS. WE WILL: 
¥ DEVELOP COMMON EUROPEAN COMMUNITY FOREIGN AND SECURITY 
POLICIES. THIS WILL INCLUDE A COMMON APPROACH TO DEFENCE 
PROCUREMENT AND THE GRADUAL INTEGRATION OF COMMUNITY MEMBERS' 
ARMED FORCES UNDER A JOINT MILITARY COMMAND. THE BURDEN OF 
COLLECTIVE SECURITY IN WESTERN EUROPE SHOULD BE SHARED MORE 
EQUALLY; WE WILL PRESS FOR CONTRIBUTIONS FROM ALL NATIONS TO THE 
COSTS OF JOINT FORCES SUCH AS NATO'S PROPOSED RAPID REACTION 
FORCE-OF WHICH BRITAIN WILL PROVIDE ALMOST HALF. 
¥ PROMOTE DEMOCRACY AND REFORM IN EASTERN AND CENTRAL EUROPE 
BY COORDINATING GENEROUS ECONOMIC ASSISTANCE TO COUNTRIES 
INTRODUCING DEMOCRACY, GUARANTEEING HUMAN RIGHTS AND 
REFORMING THEIR ECONOMIES. ¥ ASSIST THE PEACEFUL EVOLUTION OF THE 
COMMONWEALTH OF INDEPENDENT STATES, THE FORMER USSR. WE 
WILL HELP NOT JUST WITH FOOD AND FINANCIAL AID AND TECHNICAL 
ASSISTANCE, BUT ALSO WITH THE PROVISION OF MILITARY RESOURCES TO 
SHIFT FOOD AND SUPPLIES, AND WITH SCIENTIFIC ASSISTANCE TO 
DISMANTLE NUCLEAR WEAPONS. 
¥ DEVELOP A PAN-EUROPEAN SECURITY FRAMEWORK. WE WILL 
ENCOURAGE THE CONFERENCE ON SECURITY AND COOPERATION IN EUROPE 
TO DEVELOP MONITORING, VERIFICATION AND MEDIATION DUTIES WITHIN 
THE CONTINENT. WE WILL PRESS FOR NATO TO GUARANTEE THE BORDERS 
OF POLAND, CZECHOSLOVAKIA AND HUNGARY AND TO ENTER INTO TALKS 
WITH OTHER GOVERNMENTS IN THE REGION FOR SIMILAR GUARANTEES. 
¥ INSTIGATE A COMPREHENSIVE REVIEW OF UK DEFENCE POLICY WHICH 
WILL BE DICTATED BY A RIGOROUS ANALYSIS OF DEFENCE NEEDS RATHER 
THAN BY FIXED MONETARY TARGETS. THE REVIEW WILL COVER THE 
CONTINUING NEED FOR CONTRIBUTIONS TO COLLECTIVE SECURITY, THE VALUE 
OF BRITAIN'S REMAINING EXTRA EUROPEAN COMMITMENTS, AND THE 
POTENTIAL FOR INCREASING OUR CONTRIBUTION TO UN PEACEKEEPING 
MISSIONS. GIVEN THE PRESENT HOPEFUL INTERNATIONAL SITUATION, WE 
BELIEVE THAT FURTHER REDUCTIONS IN LEVELS OF ARMAMENTS WILL BE ABLE 
TO BE MADE WITHOUT IN ANY WAY ENDANGERING SECURITY. SINCE THE 
REVIEW WILL SET OUT THE FRAMEWORK FOR DEFENCE POLICY FOR YEARS TO 
COME, WE WILL HALT ANY DEFENCE CUT, AND ANY ORDER FOR A NEW 
WEAPONS SYSTEM, WHICH MIGHT PREJUDICE ITS OUTCOME. 
¥ ESTABLISH AN ARMS CONVERSION AGENCY TO HELP ARMS 
MANUFACTURERS TO DIVERSIFY AND CONVERT OUT OF THE DEFENCE FIELD, 
FUNDED BY SAVINGS MADE IN THE DEFENCE BUDGET. OUR PROPOSED 
REGIONAL DEVELOPMENT AGENCIES WILL ALSO PROVIDE HELP TO AREAS 
PARTICULARLY AFFECTED. WE WILL REDUCE SPENDING ON MILITARY 
RESEARCH AND DEVELOPMENT, AND SHIFT THE RESOURCES SAVED INTO THE 
CIVILIAN SECTOR. 
¥ MAINTAIN A MINIMUM NUCLEAR DETERRENT. WE BELIEVE THAT THE UK 
NEEDS TO RETAIN ITS INDEPENDENT NUCLEAR DETERRENT, BUT THAT THE 
ESCALATION OF FIREPOWER REPRESENTED BY THE SCALE OF THE TRIDENT 
REPLACEMENT FOR POLARIS IS UNNECESSARY AND UNHELPFUL. WE WILL 
ENSURE THAT THE TOTAL NUMBER OF WARHEADS ON THE FOUR-BOAT 
TRIDENT SYSTEM IS LIMITED TO NO MORE THAN THAT CURRENTLY DEPLOYED 
ON THE POLARIS SYSTEM, AND OUR DEFENCE REVIEW WILL CONSIDER 
WHETHER WE CAN REDUCE THIS FURTHER WITHOUT THREATENING SECURITY. 
OUR REVIEW WILL ALSO EXAMINE THE POSSIBILITIES OF FUTURE EUROPEAN 
COOPERATION IN THE PROVISION OF A DETERRENT FORCE. WE REJECT THE 
GOVERNMENT'S PROPOSED REPLACEMENT OF BRITISH FREE-FALL NUCLEAR 
BOMBS WITH AIR-TO-SURFACE MISSILES. 
¥ PROPOSE NEW DISARMAMENT INITIATIVES COVERING ALL CATEGORIES OF 
CONVENTIONAL AND NUCLEAR WEAPONS THESE WILL AIM TO ELIMINATE 
NON-STRATEGIC NUCLEAR WEAPONS FROM EUROPE, AND TO REDUCE THE 
STRATEGIC WEAPONS POSSESSED BY THE US, THE FORMER SOVIET 
UNION, BRITAIN, FRANCE AND CHINA- A VITAL STEP TOWARDS THE DAY 
WHEN INDIVIDUAL NATIONS' POSSESSION OF NUCLEAR DETERRENTS CEASES 
TO BE NECESSARY. 
¥ ACT AGAINST THE ARMS TRADE. TOGETHER WITH OUR COMMUNITY 
PARTNERS, WE WILL ESTABLISH A REGISTER OF ALL INTERNATIONAL ARMS 
SALES, EVENTUALLY TO BECOME A UN REGISTER. WE WILL PLACE A TOTAL 
EMBARGO ON ARMS SALES TO REGIMES WHICH VIOLATE HUMAN RIGHTS, 
AND WORK FOR FURTHER GLOBAL AGREEMENTS AMONG SUPPLIERS TO 
CONTROL ARMS SALES AND TECHNOLOGY TRANSFER. WE WILL CLOSE THE 
DEFENCE EXPORT SERVICES ORGANISATION AND ENSURE THAT OVERSEAS 
AID IS NOT LINKED IN ANY WAY TO ARMS PURCHASES. 
¥ MAKE THE UNITED NATIONS MORE EFFECTIVE. THE UN SECURITY 
COUNCIL SHOULD TAKE A PROACTIVE ROLE IN PEACE-KEEPING BEFORE 
CONFRONTATION DEVELOPS INTO CONFLICT. WE WILL WORK WITH OUR 
COMMUNITY PARTNERS TO ENSURE THAT FUNDS ARE AVAILABLE FOR 
MAINTAINING PEACE AND SECURITY. THE UN MILITARY STAFF COMMITTEE 
SHOULD BE REINSTATED AND A PERMANENT PEACEKEEPING FORCE 
ESTABLISHED, WITH MEMBER STATES CONTRIBUTING CONTINGENTS ON AN 
ANNUAL BASIS. BECAUSE OF THE NEED TO ASSIGN BRITISH FORCES TO THIS 
AND TO EUROPEAN POLICING AND DISASTER ROLES (ON TOP OF THEIR 
PRESENT COMMITMENTS)~ MORE GENERAL PURPOSE INFANTRY BATTALIONS 
WILL BE REQUIRED THAN THE NUMBER CURRENTLY PLANNED BY THE 
CONSERVATIVE GOVERNMENT. 

DEVELOPING GLOBAL PROSPERITY

A SECURE, DEMOCRATIC AND PEACEFUL WORLD CAN NEVER BE CREATED 
WHILE SO MUCH OF THE GLOBE REMAINS SO DESPERATELY POOR. BRITAIN 
MUST PLAY ITS PART IN DEVELOPING PROSPERITY, PROTECTING THE WORLD 
ENVIRONMENT, ERADICATING POVERTY, FAMINE AND DISEASE, AND 
PROMOTING HUMAN RIGHTS AND INTERNATIONAL COOPERATION. THIS WILL 
INCLUDE: 
¥ INCREASING OVERSEAS AID TO REACH THE UN TARGET OF 0.7 PER CENT 
OF GNP OVER FIVE YEARS. WE WILL INCREASE AID ESPECIALLY TO 
DEMOCRATIC COUNTRIES CARRYING OUT POLICIES WHICH BENEFIT THE 
POOREST, ARE ENVIRONMENTALLY SUSTAINABLE AND RESPECT HUMAN 
RIGHTS. WE WILL RAISE THE PROPORTION OF AID GIVEN AS GRANTS INSTEAD 
OF LOANS AND PLACE GREATER EMPHASIS ON SUPPORTING SMALL-SCALE, 
COMMUNITY-BASED, LABOUR-INTENSIVE PROJECTS. WE WILL PROMOTE 
CLOSER EUROPEAN COOPERATION, TO MAKE THE BEST USE OF NATIONAL 
AND COMMUNITY AID, AND AVOID WASTEFUL DUPLICATION. WE WILL 
REJOIN UNESCO. 
¥ ENDING THE COMMERCIALISATION OF AID WHICH THE CURRENT 
GOVERNMENT HAS PRACTISED AND WHICH SUBSTANTIALLY REDUCES ITS 
VALUE TO THE WORLD'S POOREST. WE WILL REDUCE THE PROPORTION OF 
UK AID TIED TO THE PURCHASE OF UK GOODS AND SERVICES AND 
ENSURE THAT HELP TO BRITISH EXPORTS IS SOLELY A FUNCTION OF THE 
DEPARTMENT OF TRADE AND INDUSTRY, RATHER THAN THE ODA. 
¥ ENCOURAGING ENVIRONMENTALLY SUSTAINABLE DEVELOPMENT. THIS 
INCLUDES THE TRANSFER OF APPROPRIATE TECHNOLOGY, THE DEVELOPMENT 
OF SUSTAINABLE AGRICULTURE AND FORESTRY, SUSTAINABLE USE POLICIES 
FOR THE TROPICAL RAIN FORESTS AND PROJECTS TO PREVENT 
DESERTIFICATION, AND THE PROMOTION OF ENERGY CONSERVATION AND 
RENEWABLE ENERGY SCHEMES. WE WILL PROVIDE TECHNICAL HELP TO 
DEVELOP METHODS OF RESOURCE ACCOUNTING AND ENVIRONMENTAL 
PROTECTION AND ENSURE THAT MEASURES OF SUSTAINABILITY ARE 
INCORPORATED IN DECISIONS ON DEVELOPMENT PROJECTS AND 
PROGRAMMES. 
¥ URGENT ACTION TO TACKLE THE GROWTH IN THE WORLD'S POPULATION. 
HAVING DOUBLED IN THE PAST 50 YEARS TO FIVE BILLION, THE WORLD'S 
POPULATION IS EXPECTED TO INCREASE BY A FURTHER ONE BILLION IN THE 
1990S ALONE. WE WILL GIVE PRIORITY TO SUPPORT FOR FAMILY-
PLANNING PROGRAMMES, EDUCATION AND EMPLOYMENT OPPORTUNITIES 
FOR WOMEN, AND BASIC PROVISION FOR OLD AGE. 
 REFORM OF THE WORLD TRADING AND FINANCIAL SYSTEMS. WE SEE THE 
SUCCESSFUL CONCLUSION OF THE URUGUAY ROUND OF THE GATT WORLD 
TRADE TALKS AS AN URGENT PRIORITY. GLOBAL PROSPERITY ALSO REQUIRES 
THE REVERSAL OF THE NET FLOW OF RESOURCES FROM THE GLOBAL SOUTH. 
WE WILL PRESS THE EC TO COORDINATE INTERNATIONAL ACTION TO RESOLVE 
THE DEBT CRISIS, INCLUDING REDUCING GOVERNMENT-TO-GOVERNMENT 
DEBT, INTRODUCING REGULATORY AND TAX REGIMES TO ENCOURAGE 
COMMERCIAL BANKS TO REDUCE OR WRITE OFF DEBT, EXTENDING 
ELIGIBILITY TO IMF AND WORLD BANK LOANS, AND ENCOURAGING, 
WHERE APPROPRIATE, DEBT FOR DEVELOPMENT AND DEBT FOR 
ENVIRONMENT SWAPS. WE WILL PRESS FOR THE PROGRESSIVE REDUCTION 
OF ALL TARIFF AND NON-TARIFF TRADE BARRIERS, AND IN PARTICULAR THE 
REMOVAL OF UNFAIR TRADING BARRIERS AGAINST DEVELOPING COUNTRIES. 

6. BRITAIN'S DEMOCRACY: ELECTORAL AND 
CONSTITUTIONAL REFORM

LIBERAL DEMOCRATS, ALONE IN BRITISH POLITICS, RECOGNISE THAT 
UNLESS WE CHANGE BRITAIN'S SYSTEM OF GOVERNMENT, WE CANNOT 
CHANGE BRITAIN'S FUTURE. WITHOUT CONSTITUTIONAL REFORM, WE WILL 
NOT ACHIEVE OUR OTHER OBJECTIVES. WE BELIEVE IN CITIZENSHIP, NOT 
SUBJECTHOOD-IN THE ABILITY OF ALL INDIVIDUALS TO EXERCISE POWER 
OVER THE INSTITUTIONS THAT GOVERN THEIR LIVES. THE CREATION OF A 
MODERNISED DEMOCRACY THEREFORE LIES AT THE HEART OF ALL OUR 
PROPOSALS. WE RECOGNISE TOO THAT BRITAIN'S SUCCESS IN THE NEXT 
CENTURY WILL DEPEND NOT JUST ON CHANGING WHAT WE DO, BUT IN 
CHANGING THE WAY IN WHICH WE DO IT. HOWEVER WORTHY ITS 
INTENTIONS, AND HOWEVER ABLE ITS PERSONNEL, NO GOVERNMENT WILL 
BE ABLE TO PUT BRITAIN RIGHT UNLESS AND UNTIL IT HAS MODERNISED OUR 
CONSTITUTION. 

FAIR VOTING FOR AN EFFECTIVE PARLIAMENT

OUR CURRENT ""WINNER TAKES ALL"" SYSTEM OF VOTING HAS MANY FAULTS. 
IT IS UNFAIR, UNSTABLE AND DIVISIVE. GOVERNMENT BY MINORITY IS 
USUALLY BAD GOVERNMENT: IN NO TRULY DEMOCRATIC COUNTRY COULD A 
DISASTER LIKE THE POLL TAX HAVE BEEN PUSHED THROUGH IN DEFIANCE OF 
PUBLIC OPINION, WASTING BILLIONS OF POUNDS AND CAUSING MISERY 
TO MILLIONS OF PEOPLE. OUR TOP PRIORITY IS THEREFORE THE 
INTRODUCTION OF FAIR VOTES FOR ALL ELECTIONS AT ALL LEVELS OF 
GOVERNMENT. 
~     FAIR VOTES WILL MAKE EVERY ELECTOR'S VOTE COUNT. IT WILL 
INCREASE CITIZEN' CONTROL OVER THEIR ELECTED REPRESENTATIVES BY 
ABOLISHING SAFE SEATS. IT WILL ERADICATE THE POWER OF THE EXTREMIST 
MINORITY IN POLITICAL PARTIES. IT WILL LEAD TO A BETTER CHOICE OF 
CANDIDATES AND ENSURE THAT MORE WOMEN AND CANDIDATES FROM 
MINORITY ETHNIC COMMUNITIES ARE ELECTED. ABOVE ALL, IT WILL REDUCE 
TIT-FOR-TAT POLITICS AND INTRODUCE MUCH GREATER STABILITY INTO 
GOVERNMENT, ALLOWING INDIVIDUALS AND BUSINESSES ALIKE TO PLAN 
FOR THEIR FUTURE WITH CONFIDENCE. WE WILL: 
¥ BRING IN FAIR VOTES. WE WILL INTRODUCE PROPORTIONAL 
REPRESENTATION FOR ALL ELECTIONS AT LOCAL, NATIONAL AND EUROPEAN 
LEVELS. WE PROPOSE THE SINGLE TRANSFERABLE VOTE, BY WHICH 
ELECTORS CAST THEIR VOTES IN MULTI-MEMBER CONSTITUENCIES BASED ON 
NATURAL COMMUNITIES. 
¥ INTRODUCE FIXED-TERM PARLIAMENTS OF FOUR YEARS WITH A KNOWN 
DATE FOR THE NEXT ELECTION , SUBJECT TO AN EARLIER ELECTION ONLY IF THE 
GOVERNMENT LOSES A SPECIAL ""EXPLICIT"" VOTE OF NO CONFIDENCE. 
¥ REFORM THE HOUSE OF LORDS. WE WILL MAINTAIN A SECOND 
CHAMBER AS A SENATE, PRIMARILY ELECTED BY THE CITIZENS OF THE 
NATIONS AND REGIONS OF THE UNITED KINGDOM. IT WILL HAVE POWER 
TO DELAY ALL LEGISLATION OTHER THAN MONEY BILLS FOR UP TO TWO 
YEARS. 
¥IMPROVE THE WAY PARLIAMENT WORKS. WE WILL GIVE MPS GREATER 
INFLUENCE OVER THE EXECUTIVE BY BOOSTING THE POWERS OF SELECT 
COMMITTEES, IMPROVING STAFF BACKUP FOR BACKBENCHERS AND 
INCREASING FINANCIAL AND CIVIL SERVICE SUPPORT FOR OPPOSITION 
PARTIES. WE WILL IMPROVE THE QUALITY OF LEGISLATION BY 
ESTABLISHING PRE-LEGISLATIVE COMMITTEES AND BETTER SCRUTINY OF 
DELEGATED LEGISLATION. WE WILL IMPROVE THE QUALITY OF DEBATES BY 
ALLOCATING TIME FOR BUSINESS MORE FAIRLY, TIMETABLING COMMITTEE 
SESSIONS OF BILLS AND ENDING PARLIAMENT'S LATE-NIGHT SITTINGS. 

 BRINGING POWER TO THE PEOPLE

OUR SYSTEM OF GOVERNMENT IS FAR TOO CENTRALISED, AND FAILS TO 
MAKE EFFECTIVE USE OF THE TALENTS AND SKILLS AVAILABLE ACROSS THE 
COUNTRY. WE BELIEVE THAT POLITICAL POWER IS BEST EXERCISED AT THE 
MOST LOCAL LEVEL POSSIBLE, CONSISTENT WITH GOOD GOVERNMENT. WE 
WILL: 
 INTRODUCE HOME RULE FOR SCOTLAND, WITH THE IMMEDIATE CREATION 
OF AN ELECTED SCOTTISH PARLIAMENT. 
¥ INTRODUCE HOME RULE FOR WALES, WITH THE IMMEDIATE CREATION OF 
AN ELECTED WELSH SENEDD. 
¥ REFORM AND STRENGTHEN LOCAL GOVERNMENT, REMOVING 
UNNECESSARY TIERS, RESTORING COUNCILS' INDEPENDENCE AND 
ENSURING THEY ARE ACCOUNTABLE TO THE PEOPLE THROUGH A FAIR VOTING 
SYSTEM. 
¥ CREATE THE FRAMEWORK FOR REGIONAL GOVERNMENT IN ENGLAND. WE 
WILL ENABLE THE ESTABLISHMENT OF FULLY DEMOCRATIC REGIONAL 
GOVERNMENTS THROUGHOUT ENGLAND. WE WILL SET UP A STRATEGIC 
AUTHORITY FOR LONDON AS A PRIORITY. PRECEDING THE NEW REGIONAL 
GOVERNMENTS, WE WILL ESTABLISH REGIONAL DEVELOPMENT AGENCIES 
THROUGHOUT ENGLAND, HELPING TO BOOST ECONOMIC DEVELOPMENT 
AND PROSPERITY.
 ¥ DECENTRALISE POWER TO THE NEW NATIONAL AND REGIONAL 
GOVERNMENTS. ECONOMIC DEVELOPMENT, HOUSING, HEALTH, SOCIAL 
SERVICES, ROADS AND PUBLIC TRANSPORT, EDUCATION AND PLANNING ARE 
FUNCTIONS WHICH SHOULD BE DEVOLVED FROM WHITEHALL AND BROUGHT 
NEARER THE PEOPLE THEY MOST AFFECT. 

 CONSULTING LOCAL CITIZENS

LIBERAL DEMOCRATS WANT LOCAL COUNCILS TO BE AS RESPONSIVE AND 
ACCOUNTABLE TO THEIR LOCAL CITIZENS AS POSSIBLE. WE WILL INTRODUCE 
ACROSS THE COUNTRY AN INITIATIVE PIONEERED BY LIBERAL DEMOCRAT-
RUN COUNCILS SUCH AS SOUTH SOMERSET AND RICHMOND.
     WE WILL REQUIRE EVERY COUNCIL TO CONDUCT AN ANNUAL SURVEY OF 
ALL ITS RESIDENTS TO GAUGE THEIR VIEWS ON THE QUALITY OF LOCAL 
SERVICES. A SUMMARY OF THE RESULTS OF THE SURVEY, COMPARED TO 
THE PREVIOUS YEAR'S FINDINGS, WILL BE PUBLISHED WITH THE ANNUAL 
DEMAND FOR THE LOCAL INCOME TAX, SO THAT EVERY RESIDENT IS ABLE TO 
TELL WHAT THEIR COUNCIL IS ACHIEVING WITH THE MONEY THEY PAY. 

 STRENGTHENING LOCAL GOVERNMENT

THE CURRENT GOVERNMENT'S APPROACH TO LOCAL GOVERNMENT 
FINANCE-MOST NOTABLY THROUGH THE POLL TAX FIASCO-HAS BEEN TO 
DESTROY THE INDEPENDENCE OF LOCAL AUTHORITIES BY REDUCING THEIR 
POWERS TO RAISE AND SPEND REVENUE. THE LIBERAL DEMOCRAT 
APPROACH IS EXACTLY THE OPPOSITE: WE AIM TO TAKE POWER AWAY 
FROM WESTMINSTER AND WHITEHALL, GIVING NEW POWERS TO 
STRONGER, MORE INDEPENDENT AND MORE DEMOCRATIC LOCAL 
COUNCILS-ELECTED BY FAIR VOTES. WE WILL: 
¥ ABOLISH THE POLL TAX, CANCEL PLANS FOR THE PROPOSED COUNCIL TAX 
AND INTRODUCE A LOCAL INCOME TAX, RELATED TO ABILITY TO PAY AND 
COLLECTED BY THE INLAND REVENUE. LOCAL INCOME TAX IS EASY TO 
UNDERSTAND, EASY TO ADMINISTER, AND FAIR. IT WORKS EFFECTIVELY IN 
MANY OTHER COUNTRIES.
 ¥ REPLACE THE UNIFORM BUSINESS RATE WITH SITE VALUE RATING-
LOCALLY ADMINISTERED AND BASED ON THE TAXATION OF LAND VALUES 
(WITH EXEMPTION FOR AGRICULTURAL LAND AND DOMESTIC PROPERTIES). 
THIS WILL CREATE INCENTIVES TO IMPROVE PROPERTY, RATHER THAN LEAVE 
IT UNDEVELOPED. ADMINISTRATION WILL BE EASIER AND LOCAL 
ACCOUNTABILITY WILL BE RESTORED. 
¥ REFORM AND STRENGTHEN LOCAL GOVERNMENT. WE WILL REFORM 
PRINCIPAL LOCAL COUNCILS INTO A UNITARY SYSTEM BASED ON NATURAL 
COMMUNITIES AND THE WISHES OF LOCAL PEOPLE. WE WILL GIVE THE 
NEW AUTHORITIES GREATER RESPONSIBILITIES-FOR EXAMPLE, OVER 
EDUCATION, HEALTH, AND PLANNING-AND FREEDOM TO ENSURE THE 
DELIVERY OF SERVICES IN WAYS THEY THINK BEST. LOCAL AUTHORITIES 
WILL BE GIVEN A ""GENERAL POWER OF COMPETENCE"", WHICH WILL ALLOW 
THEM TO CARRY OUT ANY BENEFICIAL LOCAL ACTION WHICH NEITHER 
DUPLICATES THE WORK OF OTHER PUBLIC BODIES NOR BREAKS THE LAW.

-¥ BRING LOCAL GOVERNMENT NEARER TO THE PEOPLE, BY ENABLING THE 
FORMATION OF A FULL NETWORK OF COMMUNITY, PARISH, TOWN OR 
NEIGHBOURHOOD COUNCILS. WE WILL ENSURE THAT ALL TIERS OF REGIONAL 
AND LOCAL GOVERNMENT PUBLISH A CHARTER OF SERVICES, GIVING 
CITIZENS CLEAR RIGHTS TO STANDARDS OF SERVICE, AND REMEDIES IF THESE 
ARE NOT MET. 
 
 ENSURING CITIZENS' RIGHTS AND OPPORTUNITIES

NO CITIZEN IS TRULY FREE UNLESS ALL ARE. INDIVIDUAL CITIZENS AND 
MINORITY COMMUNITIES THEMSELVES NEED PROTECTION AGAINST THE 
POWER OF THE STATE AND AGAINST DISCRIMINATION AND UNFAIR 
TREATMENT. CITIZENS MUST HAVE RIGHTS OF ACCESS TO INFORMATION 
ABOUT DECISIONS TAKEN BY PUBLIC AUTHORITIES IN THEIR NAME. WE 
WILL: 
¥ INTRODUCE A FREEDOM OF INFORMATION ACT, PLACING RESPONSIBILITY 
ON GOVERNMENT AND OTHER AUTHORITIES TO JUSTIFY SECRECY. WE WILL 
REVERSE THE PRESENT GOVERNMENT'S ENCROACHMENTS ON FREEDOM OF 
SPEECH AND ASSOCIATION, SUCH AS THE BANNING OF TRADE UNIONS AT 
GCHQ. WE WILL LEGISLATE TO GIVE INDIVIDUALS THE RIGHT OF ACCESS 
TO THEIR PERSONAL FILES, EXCEPT IN MATTERS RELATING TO NATIONAL 
SECURITY, WHETHER HELD BY PUBLIC OR PRIVATE BODIES. SECURITY 
SERVICES AND INTELLIGENCE AGENCIES SHOULD BE ACCOUNTABLE TO A 
COMMITTEE OF SENIOR PRIVY COUNCILLORS. 
¥ ENACT A BILL OF RIGHTS BY IMMEDIATELY INCORPORATING THE 
EUROPEAN CONVENTION ON HUMAN RIGHTS AND ITS PROTOCOLS INTO UK 
LAW. WE WILL CREATE A COMMISSION OF HUMAN RIGHTS TO HELP PEOPLE 
BRING PROCEEDINGS UNDER THE BILL AND TO RECOMMEND CHANGES IN 
EXISTING LAW AND PRACTICE. IN DUE COURSE WE WILL ADD RIGHTS AND 
FREEDOMS NOT CURRENTLY INCLUDED IN THE CONVENTION, EXTENDING 
INTO A FULL UK BILL OF RIGHTS. 
¥ TAKE TOUGHER ACTION AGAINST DISCRIMINATION. OUR BILL OF RIGHTS 
WILL GUARANTEE EFFECTIVE PROTECTION AGAINST DISCRIMINATION ON THE 
GROUNDS OF SEX, RACE, AGE, DISABILITY, RELIGION OR SEXUAL 
ORIENTATION. OUR COMMISSION OF HUMAN RIGHTS WILL HELP 
INDIVIDUALS TAKE LEGAL ACTION IN CASES OF DISCRIMINATION. 
¥ END THE BIAS AGAINST WOMEN'S PARTICIPATION IN THE PRESENT 
POLITICAL SYSTEM. THE INTRODUCTION OF FAIR VOTES AND OF SENSIBLE 
PARLIAMENTARY CONDITIONS WILL INCREASE BOTH THE NUMBER OF 
WOMEN CANDIDATES AND THE NUMBER OF WOMEN MPS. IN ADDITION, 
WE WILL USE GOVERNMENT'S POWERS OF APPOINTMENT TO ENSURE FAIR 
REPRESENTATION OF WOMEN ON PUBLIC BODIES. ¥ IMPROVE THE 
ADMINISTRATION OF THE LEGAL SYSTEM WITH THE ESTABLISHMENT OF A 
MINISTRY OF JUSTICE, SEPARATING RESPONSIBILITY FOR CIVIL LIBERTIES 
AND JUSTICE FROM THAT FOR ORDER AND SECURITY. WE WILL ESTABLISH A 
JUDICIAL SERVICES COMMISSION TO APPOINT JUDGES. 
¥ ADOPT A WRITTEN CONSTITUTION, OF WHICH THE BILL OF RIGHTS WILL 
FORM THE CENTREPIECE. WE WILL CREATE A SUPREME COURT TO ENTRENCH 
AND DEFEND THESE FUNDAMENTAL REFORMS TO THE RELATIONSHIP 
BETWEEN THE CITIZEN AND THE STATE. 
 
 WORKING FOR PEACE: NORTHERN IRELAND

LIBERAL DEMOCRATS REJECT SIMPLISTIC SOLUTIONS FOR NORTHERN 
IRELAND. WE AIM TO CONFRONT THE LEGITIMATE FEARS AND ASPIRATIONS 
OF BOTH COMMUNITIES. WE ACCEPT THAT BOTH THE UNIONIST AND 
NATIONALIST TRADITIONS ARE VALID AND LEGITIMATE; THAT NORTHERN 
IRELAND SHOULD REMAIN A PART OF THE UK UNTIL THE FREE CONSENT OF 
THE MAJORITY OF ITS PEOPLE IS GIVEN TO CHANGE; THAT THE REPUBLIC OF 
IRELAND HAS A LEGITIMATE INTEREST IN THE FUTURE OF NORTHERN IRELAND; 
AND THAT A PARTNERSHIP IN GOVERNMENT WHICH ALLOWS BOTH 
COMMUNITIES TO PARTICIPATE IS THE ONLY PRACTICAL WAY IN WHICH TO 
MAKE PROGRESS.  
   TOGETHER WITH THE ALLIANCE PARTY, OUR SISTER PARTY AND THE ONLY 
NON-SECTARIAN POLITICAL PARTY IN NORTHERN IRELAND, WE BELIEVE THAT 
MUTUAL RESPECT, SHARED RESPONSIBILITIES AND DECENTRALISED 
GOVERNMENT ARE THE ONLY BASIS FOR A LASTING SOLUTION TO THE 
TROUBLES OF NORTHERN IRELAND. WE WILL WORK TOGETHER TO: 
¥ MAINTAIN THE ANGLO-LRISH AGREEMENT, UNLESS AND UNTIL AN 
IMPROVED AGREEMENT EMERGES FROM CROSS-PARTY TALKS TO REPLACE IT. 
¥ STRENGTHEN THE CONSTITUTIONAL RIGHTS OF INDIVIDUALS WITHIN 
NORTHERN IRELAND. THE CASE FOR FAIR VOTING FOR ALL ELECTIONS, TO 
BRING TOGETHER COMMUNITIES AND ENCOURAGE COOPERATION, AND FOR 
A BILL OF RIGHTS TO PROTECT INDIVIDUALS, IS EVEN MORE PRESSING IN 
NORTHERN IRELAND THAN IT IS IN THE REST OF THE UK. WE WILL REFORM 
THE DIPLOCK SYSTEM, SO THAT THREE JUDGES PRESIDE OVER NON-JURY 
TRIALS, AND ENCOURAGE THE USE OF JURIES WHEREVER POSSIBLE. WE 
WILL INTRODUCE A 110-DAY LIMIT ON THE LENGTH OF TIME FOR WHICH A 
PRISONER MAY BE HELD BEFORE TRIAL, REPEAL THE BROADCASTING BAN, 
AND PROVIDE FOR THE VIDEOTAPING OF POLICE INTERVIEWS WITH 
TERRORIST SUSPECTS. 
¥ SUPPORT COMMUNITY-BASED ORGANISATIONS STRIVING FOR PEACE AND 
RECONCILIATION AND WORKING TO ELIMINATE SECTARIANISM AND 
DISCRIMINATION IN RELIGIOUS LIFE, EDUCATION, HOUSING AND POLITICS. 
¥ WELCOME THE OPPORTUNITIES OFFERED BY THE DEVELOPMENT OF THE 
EUROPEAN COMMUNITY, IN TERMS OF ECONOMIC ASSISTANCE TO 
NORTHERN IRELAND AND ALSO BECAUSE IT CREATES A FRAMEWORK FOR 
PROGRESS IN THE RELATIONSHIP BETWEEN THE UK AND THE REPUBLIC OF 
IRELAND. 

  OUR PLEDGE

WHAT HAS BEEN SET OUT IN THESE PAGES IS A PROGRAMME WHICH 
COULD CHANGE BRITAIN FOR GOOD. WE COULD BECOME A COUNTRY OF 
CITIZENS, NOT SUBJECTS, STRIVING FOR EXCELLENCE RATHER THAN SETTLING 
FOR SECOND BEST. WE COULD BE ECONOMICALLY PROSPEROUS, 
ENVIRONMENTALLY RESPONSIBLE AND EDUCATED TO OUR FULL POTENTIAL. 
BUT THE OBSTACLE TO NATIONAL SUCCESS IS THE BRITISH SYSTEM OF 
GOVERNMENT ITSELF. UNTIL THAT OUTDATED CHARADE IS SWEPT AWAY, 
BRITAIN'S DECLINE WILL CONTINUE, WHATEVER GOVERNMENT MAY BE IN 
POWER. THAT IS WHY LIBERAL DEMOCRATS ARE PUTTING CONSTITUTIONAL 
CHANGE AT THE HEART OF OUR ELECTION CAMPAIGN. THE REFORM OF OUR 
OUTDATED AND UNDEMOCRATIC VOTING SYSTEM IN PARTICULAR IS THE 
CHANGE WHICH WILL MAKE OTHER REFORMS POSSIBLE AND IS THE KEY TO 
A SUCCESSFUL FUTURE. 
    BECAUSE WE BELIEVE IN STABLE DEMOCRATIC GOVERNMENT 
SUPPORTED BY A MAJORITY OF THE BRITISH PEOPLE, WE SHALL NOT ONLY 
CAMPAIGN WHOLEHEARTEDLY FOR FAIR VOTES IN THE COMING WEEKS, WE 
ALSO MAKE A PLEDGE FOR THE PERIOD AFTER THE ELECTION. OUR AIM WILL 
BE THE CREATION OF STABLE GOVERNMENT FOR A WHOLE PARLIAMENT AND 
A MORE DEMOCRATIC BASIS FOR FUTURE ELECTIONS. LIBERAL DEMOCRATS 
WILL NEITHER SUPPORT NOR PARTICIPATE IN A GOVERNMENT WHICH TURNS 
ITS BACK ON REFORM. ANY MINORITY GOVERNMENT WHICH TRIES TO PLAY 
GAMES WITH THE CONSTITUTION IN ORDER TO CLING TO POWER, 
PROMOTING INSTABILITY AND DODGING THE MORAL CHALLENGE OF 
DEMOCRACY, WILL HAVE TO CONTEND WITH US.  
   THAT IS OUR PLEDGE. 

                                      LIBERAL DEMOCRAT APPOINTMENTS


"
Con_1997,"THE CONSERVATIVE MANIFESTO 1997

FOREWORD
THE CONSERVATIVE ADMINISTRATIONS ELECTED SINCE 1979 ARE AMONG THE MOST 
SUCCESSFUL IN BRITISH PEACETIME HISTORY. A COUNTRY ONCE THE SICK MAN OF EUROPE, 
HAS BECOME ITS MOST SUCCESSFUL ECONOMY. A COUNTRY ONCE BROUGHT TO ITS KNEES BY 
OVER MIGHTY POWERFUL TRADE UNIONS, NOW HAS INDUSTRIAL PEACE. ABROAD, THE COLD 
WAR HAS BEEN WON; AT HOME, THE RULE OF LAW HAS BEEN RESTORED.  THE ENTERPRISING 
VIRTUES OF THE BRITISH PEOPLE HAVE BEEN LIBERATED FROM THE DEAD HAND OF THE 
STATE.  THERE CAN BE NO DOUBT THAT WE HAVE CREATED A BETTER BRITAIN.  

WHY, THEN, DO WE STILL NEED A CONSERVATIVE GOVERNMENT?  BECAUSE RESTING ON WHAT 
WE HAVE ACHIEVED IS NOT ENOUGH.  TO STAND STILL IS TO FALL BACK.  OUR GOAL MUST 
BE FOR BRITAIN TO BE THE BEST PLACE IN THE WORLD TO LIVE.

WE LIVE IN A TOUGHER, MORE UNCERTAIN WORLD.  A FAST-MOVING GLOBAL FREE MARKET IS 
EMERGING.  NEW ECONOMIC POWERS ARE RISING IN THE EAST.  FAMILY LIFE AND SOCIAL 
ATTITUDES ARE CHANGING.  EUROPE IS ADJUSTING TO THE END OF COMMUNISM.  THE 
EUROPEAN SOCIAL MODEL IS FAILING. THE NATION STATE IS UNDER THREAT.  WE MUST 
RESPOND TO THESE CHALLENGES.

WE HAVE TURNED AROUND OUR ECONOMIC FORTUNES.  WE HAVE FEWER PEOPLE OUT OF WORK 
AND MORE IN WORK THAN ANY OTHER MAJOR EUROPEAN ECONOMY.  BRITISH PEOPLE NOW HAVE 
THE OPPORTUNITY OF A PROSPEROUS FUTURE.  BUT THAT PROSPERITY CANNOT BE TAKEN FOR 
GRANTED.  WE HAVE TO COMPETE TO WIN.  THAT MEANS A CONSTANT FIGHT TO KEEP TIGHT 
CONTROL OVER PUBLIC SPENDING AND ENABLE BRITAIN TO REMAIN THE LOWEST TAXED MAJOR 
ECONOMY IN EUROPE.  IT MEANS A CONTINUING FIGHT TO KEEP BURDENS OFF BUSINESS, 
MAINTAINING OUR OPT-OUT OF THE EUROPEAN SOCIAL CHAPTER.  IF WE RELAX FOR ONE 
MOMENT, OUR HARD WON SUCCESS WILL SLIP AWAY AGAIN. 


WE HAVE STRENGTHENED CHOICE AND PERSONAL OWNERSHIP FOR FAMILIES, AND ROLLED BACK 
THE STATE FROM AREAS WHERE IT WAS INTERFERING UNNECESSARILY IN OUR LIVES.  BUT 
WE NOW HAVE THE OPPORTUNITY TO ACHIEVE A MASSIVE EXPANSION IN WEALTH AND 
OWNERSHIP SO THAT MORE FAMILIES CAN ENJOY THE SELF-RESPECT AND INDEPENDENCE THAT 
COMES WITH BEING SELF-SUFFICIENT FROM THE STATE.  OUR FAR-REACHING PROPOSALS FOR 
PERSONAL PENSION FUNDS ARE CENTRAL TO ACHIEVING THIS - SO TOO ARE OUR PLANS TO 
INCREASE SUPPORT FOR THE FAMILY IN OUR TAX SYSTEM.  OUR AIM IS TO SPREAD 
OPPORTUNITY FOR ALL TO SUCCEED, WHOEVER THEY ARE AND WHEREVER THEY COME FROM, 
PROVIDED THEY ARE PREPARED TO WORK HARD.  TO TURN THE ""HAVE NOTS"" INTO THE 
""HAVES"".  TO SUPPORT THE FAMILY IN PROVIDING SECURITY AND STABILITY.

WE HAVE MODERNISED AND REFORMED MANY OF THE AREAS WHERE THE STATE STILL HAS A 
VITAL ROLE.  BUT WE NOW HAVE TO BUILD ON THESE REFORMS TO DELIVER EVEN BETTER 
SERVICES. WE MUST CONTINUE PROVIDING THE RESOURCES TO INVEST IN OUR MODERNISED 
HEALTH SERVICE.  WE CAN NOW PROVIDE PARENTS WITH A HARD-EDGED GUARANTEE OF 
STANDARDS IN SCHOOLS.  WE NEED ALSO TO WIDEN CHOICE IN AREAS WHERE STATE 
BUREAUCRACY HAS CONSTRAINED IT. 

WE HAVE PIONEERED NEW WAYS OF BUILDING PARTNERSHIPS THAT ENGAGE THE PRIVATE 
SECTOR IN AREAS PREVIOUSLY DEPENDENT ON THE PUBLIC PURSE.  WE NOW NEED TO 
CAPTURE PRIVATE SECTOR INVESTMENT ON A MASSIVE SCALE TO REGENERATE OUR CITIES, 
TRANSFORM OUR CRUMBLING LOCAL AUTHORITY HOUSING ESTATES AND MODERNISE OTHER 
PUBLIC ASSETS.

THE ONLY WAY TO SECURE THIS FUTURE OF OPPORTUNITY IS TO STICK WITH THE 
CONSERVATIVE PROGRAMME OF CONTINUING REFORM.  NOW WOULD BE THE WORST POSSIBLE 
MOMENT TO ABANDON THE PATHWAY TO PROSPERITY ON WHICH WE ARE SET.  WE MUST KEEP 
UP THE MOMENTUM.

AT THE SAME TIME WE MUST MAINTAIN THE SECURITY THAT A STABLE NATION PROVIDES IN 
AN UNCERTAIN, FAST CHANGING WORLD.  WE MUST PROTECT OUR CONSTITUTION AND UNITY 
AS A NATION FROM THOSE WHO THREATEN IT WITH UNNECESSARY AND DANGEROUS CHANGE.  
AND WE MUST STAND UP FOR OUR INTERESTS IN SHAPING A FREE-MARKET EUROPE OF 
SOVEREIGN NATION STATES.  

THERE IS, OF COURSE, AN ALTERNATIVE ON OFFER:  TO LOAD COSTS ON BUSINESS WHILE 
CALLING IT ""STAKEHOLDING"";  TO INCREASE THE ROLE OF THE STATE, WHILE CALLING IT 
""THE COMMUNITY"";  TO SUCCUMB TO A CENTRALISED EUROPE WHILE CALLING IT ""NOT BEING 
ISOLATED"";  TO BREAK UP OUR COUNTRY WHILE CALLING IT ""DEVOLUTION"".  

TO RISK THIS ALTERNATIVE WOULD BE A DISASTER FOR OUR COUNTRY.  WE HAVE COME A 
VERY LONG WAY.  WE MUST BE SURE THAT WE DO NOT THROW AWAY WHAT WE HAVE GAINED, 
OR LOSE THE OPPORTUNITIES WE HAVE EARNED.  

YOU CAN ONLY BE SURE WITH THE CONSERVATIVES.


OUR VISION FOR BRITAIN

THE ENTERPRISE CENTRE OF EUROPE

1.	DOUBLING LIVING STANDARDS
2.	JOBS AND BUSINESS

OPPORTUNITY AND OWNERSHIP FOR INDIVIDUALS AND FAMILIES
3.	CHOICE AND SECURITY FOR FAMILIES
4.	EDUCATION AND OPPORTUNITY

WORLD CLASS HEALTH AND PUBLIC SERVICES
5.	SECURITY IN HEALTH
6.	BETTER PUBLIC SERVICES

A SAFE AND CIVIL SOCIETY
7.	LAW, ORDER AND SECURITY

A CONFIDENT, UNITED AND SOVEREIGN NATION
8.	THE BEST PLACE IN THE WORLD TO LIVE
9.	EUROPE AND THE WORLD
10.	THE CONSTITUTION

A CHOICE OF TWO FUTURES














	THE ENTERPRISE CENTRE OF EUROPE


OUR RECORD - ENTERPRISE

*	THE UK IS ON COURSE TO GROW FASTER THAN BOTH FRANCE AND GERMANY FOR THE 
SIXTH SUCCESSIVE YEAR IN 1998 - A POST-WAR RECORD.

*	INFLATION HAS NOW BEEN BELOW 4% FOR WELL OVER 4 YEARS, THE LONGEST PERIOD 
OF LOW INFLATION FOR OVER HALF A CENTURY.

*	MORTGAGE RATES ARE AT THEIR LOWEST LEVELS FOR 30 YEARS.

*	UNEMPLOYMENT HAS FALLEN TO ITS LOWEST LEVEL FOR 6 YEARS.  WE NOW HAVE A 
LOWER UNEMPLOYMENT RATE THAN ANY OTHER MAJOR EUROPEAN ECONOMY.  YOUTH 
UNEMPLOYMENT IN BRITAIN HAS FALLEN TO LESS THAN 15% WHEREAS BY CONTRAST, IN 
FRANCE IT HAS RISEN TO 27% AND IN ITALY TO 33%.

* 	A HIGHER PROPORTION OF OUR PEOPLE ARE IN WORK THAN IN ANY OTHER MAJOR 
EUROPEAN ECONOMY - 68% AGAINST A CONTINENTAL AVERAGE OF 57%.
 
*	THE UK IS THE FAVOURITE LOCATION FOR INWARD INVESTMENT INTO EUROPE, 
ATTRACTING AROUND ONE THIRD OF INWARD INVESTMENT INTO THE EUROPEAN UNION.

*	WE HAVE THE LOWEST TAX BURDEN OF ANY MAJOR EUROPEAN ECONOMY, WITH THE 
GOVERNMENT TAKING ALMOST 8% LESS OF NATIONAL INCOME THAN THE EUROPEAN AVERAGE. 

* 	PUBLIC BORROWING HAS AVERAGED 3.4% OF GDP SINCE 1979 COMPARED WITH 6.8% 
(AND A PEAK OF 9.5%) UNDER THE LAST LABOUR GOVERNMENT.  OUR LEVEL OF PUBLIC DEBT 
IS NOW ONE OF THE LOWEST IN THE EUROPEAN UNION - WHEREAS IT WAS ONE OF THE 
HIGHEST IN 1979. 

*	IN 1994 THE UK LOST 300,000 WORKING DAYS THROUGH STRIKES, THE LOWEST 
FIGURE EVER RECORDED;  IN 1979 THE FIGURE WAS 29,500,000:  NEARLY 100 TIMES THAT  
FIGURE.

*	BRITAIN RANKS FIFTH IN THE WORLD IN INTERNATIONAL TRADE, AND EXPORTS MORE 
PER HEAD THAN AMERICA OR JAPAN.  EXPORTS ACCOUNT FOR 28% OF GDP AS AGAINST 9% 
FOR JAPAN, 11% FOR USA AND 24% FOR GERMANY AND FRANCE.  BRITAIN'S CURRENT 
ACCOUNT IS BROADLY IN BALANCE, REFLECTING OUR INCREASED COMPETITIVENESS AND 
IMPROVED TRADING.


1.	DOUBLING LIVING STANDARDS

THE FREE MARKET IS WINNING THE BATTLE OF IDEAS THE WORLD OVER.  FROM RUSSIA TO 
VIETNAM, FROM CHINA TO ROMANIA, PEOPLE ARE REALISING THAT THE SOCIALIST MODEL 
HAS FAILED.  THIS IS NOT JUST AN ECONOMIC TRIUMPH.  IT IS A TRIUMPH FOR HUMAN 
FREEDOM.
BRITAIN HELPED TO SECURE IT.  WE SHOULD TAKE PRIDE IN IT.

THE SPREAD OF THE FREE MARKET HERALDS A NEW AGE OF GLOBAL COMPETITION.  THAT 
MEANS NEW MARKETS FOR BRITISH GOODS AND SERVICES, BUT NEW COMPETITORS FOR 
BRITISH COMPANIES AS WELL.

IF WE TRY TO PROTECT OURSELVES FROM THESE CHALLENGES WITH MORE REGULATIONS, 
PUBLIC SUBSIDIES AND A COSY DEPENDENCE ON GOVERNMENT THEN BRITAIN WILL FAIL.  
BUT IF WE BOLDLY EMBRACE THESE NEW OPPORTUNITIES BY PUSHING FORWARD THE ECONOMIC 
REVOLUTION WE BEGAN IN 1979, THEN WE WILL ENTER THE NEXT MILLENNIUM WITH 
BOUNDLESS PROSPECTS FOR GROWTH AND PROSPERITY.

THAT CHOICE - BETWEEN STAGNATION AND DYNAMISM - IS THE CHOICE WHICH FACES 
BRITAIN AT THIS ELECTION.  IT IS A STARK CHOICE BETWEEN THE BRITISH WAY - OF 
TRUSTING THE PEOPLE AND UNLEASHING ENTERPRISE - AND THE FAILING SOCIAL MODEL, 
PRACTISED ON THE CONTINENT, WHICH THE LABOUR PARTY WANTS TO IMPOSE ON US HERE 
UNDER THE GUISE OF ""STAKEHOLDING"".

HARD ECONOMIC EVIDENCE SHOWS HOW GREAT IS THE DIVIDE BETWEEN THESE TWO 
STRATEGIES.  BRITAIN IS NOW IN ITS FIFTH YEAR OF GROWING FASTER THAN FRANCE OR 
GERMANY.  UNEMPLOYMENT IN BRITAIN HAS FALLEN TO LESS THAN TWO MILLION, WHILE IT 
RISES ACROSS EUROPE.  BRITAIN ATTRACTS NEARLY FORTY PER CENT OF ALL THE AMERICAN  
AND JAPANESE INVESTMENT IN EUROPE.  OUR AIM NOW IS TO SAFEGUARD THESE 
ACHIEVEMENTS AND BUILD ON THEM, SO BRITAIN BECOMES THE UNRIVALLED ENTERPRISE 
CENTRE OF EUROPE.

A LOW TAX ECONOMY
FOR ENTERPRISE TO FLOURISH, THE STATE MUST GET OUT OF THE WAY OF THE WEALTH 
CREATORS.  WE ARE THE ONLY PARTY THAT CAN CUT TAXES BECAUSE WE ARE THE ONLY 
PARTY WHICH IS SERIOUS ABOUT CONTROLLING PUBLIC SPENDING.  THE CHOICE BETWEEN 
THE TWO ECONOMIC PHILOSOPHIES IS CLEAR.  IN THE YEARS BEFORE 1979, PUBLIC 
SPENDING IN BRITAIN KEPT PACE WITH THE AVERAGE FOR EUROPE AS A WHOLE.  SINCE 
THEN, IT HAS CONTINUED RISING ON THE CONTINENT, WHILE WE HAVE RESTRAINED PUBLIC 
SPENDING HERE.  NOW, PUBLIC SPENDING  TAKES ABOUT 40% OF OUR NATIONAL INCOME AS 
AGAINST AN AVERAGE OF 50% ON THE CONTINENT.  WE HAVE BROKEN FREE FROM A TREND IN 
WHICH THE REST OF EUROPE IS STILL TRAPPED.  

CONSERVATIVE GOVERNMENT WILL KEEP PUBLIC SPENDING UNDER TIGHT CONTROL AND ENSURE 
THAT IT GROWS BY LESS THAN THE ECONOMY AS A WHOLE OVER THE ECONOMIC CYCLE.  AT 
THE SAME TIME WE WILL CONTINUE TO SPEND MORE ON THE SERVICES WHICH MATTER MOST 
TO PEOPLE - HOSPITALS, SCHOOLS AND THE POLICE.  

	OVER THE NEXT PARLIAMENT, WE WILL ACHIEVE OUR GOAL FOR THE GOVERNMENT TO 
SPEND LESS THAN 40% OF OUR NATIONAL INCOME.

THAT MEANS WE CAN REDUCE THE AMOUNT GOVERNMENT BORROWS TOO, AND MEET OUR AIM OF 
MOVING TOWARDS A BALANCED BUDGET IN THE MEDIUM TERM.  OUR PLANS SHOW HOW WE CAN 
VIRTUALLY ELIMINATE PUBLIC BORROWING BY THE YEAR 2000.

THANKS TO OUR SUCCESS IN CONTROLLING PUBLIC SPENDING, BRITAIN IS NOW EUROPE'S 
LOW TAX ECONOMY.  THIS IS ONE OF THE REASONS WHY WE ARE BECOMING THE ENTERPRISE 
CENTRE OF EUROPE.
	OUR AIM IS TO ENSURE BRITAIN KEEPS THE LOWEST TAX BURDEN OF ANY MAJOR 
EUROPEAN ECONOMY.

IN THE ELECTION MANIFESTO OF 1992, WE PROMISED THAT ""WE WILL MAKE FURTHER 
PROGRESS  TOWARDS A BASIC INCOME TAX RATE OF 20P"".  SINCE THEN, WE HAVE CUT THE 
BASIC RATE OF INCOME TAX FROM 25P TO 23P, AND EXTENDED THE 20P BAND SO THAT OVER 
A QUARTER OF ALL TAXPAYERS NOW ONLY PAY INCOME TAX AT THE 20P RATE.  ACHIEVING 
OUR PUBLIC EXPENDITURE GOALS WILL MEAN WE CAN  SUSTAIN PERMANENTLY LOW TAX 
LEVELS.

	OVER THE NEXT PARLIAMENT, OUR AIM WILL BE TO ACHIEVE OUR TARGET OF A 20P 
BASIC RATE OF INCOME TAX, WHILE MAINTAINING A MAXIMUM TAX RATE OF NO MORE THAN 
40P.

STABLE PRICES
INFLATION HAS TO BE KEPT FIRMLY UNDER CONTROL FOR AN ECONOMY TO THRIVE.  BRITAIN 
IS NOW ENJOYING THE LONGEST PERIOD OF STABLE PRICES FOR ALMOST FIFTY YEARS.  WE 
ARE ON TARGET TO REACH OUR GOAL OF 21/2% INFLATION THIS YEAR.  

LOW INFLATION HAS DELIVERED LOWER INTEREST RATES WHILST PRESERVING THE VALUE OF 
PEOPLE'S SAVINGS.  HOMEOWNERS ARE NOW ENJOYING MORTGAGE RATES AT THE LOWEST 
LEVELS FOR 30 YEARS.

IT HAS TAKEN TOUGH DECISIONS TO BREAK FREE FROM OUR REPUTATION AS A HIGH 
INFLATION ECONOMY. NO CONSERVATIVE GOVERNMENT WILL JEOPARDISE THIS ACHIEVEMENT.  

	DURING THE NEXT PARLIAMENT, WE WILL MAINTAIN AN INFLATION TARGET OF 21/2% 
OR LESS.
RISING LIVING STANDARDS
THE ONLY SECURE BASE FOR RISING LIVING STANDARDS IS A STRONGLY GROWING ECONOMY, 
LOW LEVELS OF PUBLIC SPENDING AND TAXATION, AND STABLE PRICES.  THAT IS EXACTLY 
WHAT BRITAIN IS ACHIEVING.  PEOPLE ARE REAPING THE REWARDS OF THEIR HARD WORK AS 
THEIR TAKE HOME PAY INCREASES.  BETWEEN 1974 AND 1979, THE TAKE HOME PAY FOR A 
FAMILY  ON AVERAGE EARNINGS ROSE, IN REAL TERMS, BY JUST (POUND)1 A WEEK IN 
TODAY'S PRICES.  SINCE 1979 IT HAS INCREASED BY (POUND)100 A WEEK AND; THIS YEAR 
ALONE IT WILL INCREASE BY (POUND)7 A WEEK.

	THE GOAL WHICH WE SET OURSELVES IN 1995 IS TO DOUBLE LIVING STANDARDS OVER 
25 YEARS.  

WE ARE ON COURSE TO ACHIEVE OUR GOAL.





2.	JOBS AND BUSINESS

OUR PRIORITY IS TO CREATE JOBS.  THIS IS NOT JUST AN ECONOMIC PRIORITY, BUT ALSO 
A SOCIAL AND MORAL ONE.  JOBS AND ENTERPRISE ARE THE BEST WAYS OF TACKLING 
POVERTY AND DEPRIVATION.

BRITAIN IS SUCCEEDING.  900,000 JOBS HAVE BEEN CREATED OVER THE PAST 4 YEARS.  
BY CONTRAST THE EUROPEAN SOCIAL MODEL IS STIFLING JOB CREATION ON THE CONTINENT 
BY IMPOSING REGULATIONS AND BURDENS ON BUSINESS.  IN THE UNITED KINGDOM 
UNEMPLOYMENT IS MUCH LOWER THAN IN THE REST OF EUROPE AND FALLING WHEREAS IN 
GERMANY, FRANCE, AND ITALY IT HAS RISEN TO ITS HIGHEST LEVEL FOR A GENERATION.  
THIS IS NO ACCIDENT.  IT IS BECAUSE WE HAVE PURSUED VERY DIFFERENT POLICIES FROM 
THOSE ON THE CONTINENT.

CURBING THE POWER OF TRADE UNIONS, OPENING UP MARKETS AND CUTTING RED TAPE, HAVE 
GIVEN US A LOW STRIKE, LOW COST ECONOMY:  AND AS A RESULT WE ARE THE NUMBER ONE 
LOCATION FOR FOREIGN INVESTMENT IN EUROPE.  

NEVER HAVE SUCH POLICIES BEEN SO IMPORTANT.  FOR THE FIRST TIME THIS CENTURY WE 
FACE A WORLD FULL OF CAPITALIST COMPETITION.  THE ONLY WAY BRITAIN WILL BE ABLE 
TO COMPETE AND WIN IN WORLD MARKETS IS BY STICKING TO THE CONSERVATIVE POLICIES 
THAT ARE DELIVERING SUCCESS.  WE CAN EARN PROSPERITY AS ONE OF THE WORLD'S MOST 
SUCCESSFUL GLOBAL TRADING NATIONS.  WE SHOULD NOT RISK THIS PROGRESS BY ADOPTING 
THE VERY POLICIES THAT HAVE MADE THE CONTINENT UNCOMPETITIVE AND HAVE INCREASED 
UNEMPLOYMENT IN EUROPE BY 4.5 MILLION OVER THE PAST 5 YEARS.

SMALL BUSINESSES - BRITAIN'S RISK-TAKERS
GOVERNMENTS DO NOT CREATE JOBS.  BUSINESSES DO.  THE SOURCE OF TOMORROW'S JOBS 
WILL BE SMALL BUSINESSES, THE SEEDCORN OF BRITAIN'S PROSPERITY.  OVER THE LAST 
15 YEARS, SMALL BUSINESSES HAVE CREATED OVER 2 MILLION JOBS.  BY THE YEAR 2000, 
OVER HALF THE WORKFORCE SHOULD BE WORKING IN COMPANIES WHICH EMPLOY FEWER THAN 
50 PEOPLE.  BACK IN 1979 ONLY A THIRD OF THE WORKFORCE DID.

ENTREPRENEURS OFTEN RISK EVERYTHING WHEN THEY SET UP THEIR OWN BUSINESS.  WE 
HAVE ALREADY HELPED THEM:  RAISING THE VAT THRESHOLD, CUTTING EMPLOYER'S 
NATIONAL INSURANCE CONTRIBUTIONS, SIMPLIFYING AUDIT REQUIREMENTS AND MUCH MORE 
BESIDES.  NOW WE INTEND TO GO FURTHER, TACKLING THE REMAINING PROBLEMS THEY 
FACE.  

HIGH TAXES AND RATES DETER ENTERPRISE.  OUR LOW TAX STRUCTURE HAS BEEN CRUCIAL 
TO OUR INDUSTRIAL REVIVAL.  WE ALREADY HAVE THE LOWEST CORPORATION TAX OF ANY 
MAJOR INDUSTRIALISED COUNTRY.  AS WE WANT SMALL BUSINESSES TO FLOURISH, WE WILL 
GO EVEN FURTHER.  

WE WILL CUT THE SMALL COMPANIES RATE OF CORPORATION TAX IN LINE WITH PERSONAL 
TAXATION AS WE MOVE TOWARDS A 20P BASIC RATE.  

INVESTMENT AND ENTERPRISE ARE DETERRED IF THE TAX MAN TAKES TOO MUCH OF THE 
CAPITAL THAT IS BUILT UP BY A SUCCESSFUL BUSINESS.  CAPITAL IS EVER MORE MOBILE, 
FLYING AROUND THE WORLD TO PLACES WHERE THE TAX ON IT IS LOW:  BRITAIN MUST BE 
ONE OF THOSE PLACES.

WE WILL CONTINUE TO REDUCE THE BURDEN OF CAPITAL GAINS TAX AND INHERITANCE TAX 
AS IT IS PRUDENT TO DO SO.

ONE OF THE HEAVIEST BURDENS SMALL BUSINESSES FACE IS BUSINESS RATES.  AT THE 
MOMENT, THIS BEARS MORE HEAVILY UPON SMALL BUSINESSES THAN LARGE ONES.  

IN THE NEXT PARLIAMENT, WE WILL REFORM BUSINESS RATES TO REDUCE THE COST THAT 
FALLS UPON SMALL BUSINESSES.

NO BUSINESSMAN HAS TIME TO FILL OUT REAMS OF FORMS.  WE WILL CONTINUE TO 
SIMPLIFY THE ADMINISTRATION OF NICS AND PAYE FOR SMALL FIRMS, ALLOWING THEM TO 
CONCENTRATE ON SATISFYING CUSTOMERS NOT BUREAUCRATS.  WE ARE ALSO TACKLING A 
PROBLEM THAT HITS SMALL BUSINESSES PARTICULARLY HARD - THE LATE PAYMENT OF 
BILLS.  ON TOP OF OUR PROGRAMME TO ENSURE GOVERNMENT DEPARTMENTS AND LOCAL 
AUTHORITIES PAY ON TIME WE HAVE LEGISLATED TO REQUIRE COMPANIES TO PUBLISH THEIR 
PAYMENT POLICY AND TO REPORT THEIR RECORD ON HOW QUICKLY THEY PAY THEIR BILLS TO 
SMALL BUSINESSES.

WE HAVE ALREADY ABOLISHED OVER A THOUSAND REGULATIONS.  NEW REGULATIONS MUST 
ONLY BE INTRODUCED IF IT IS CLEAR THAT THEIR BENEFITS EXCEED THEIR COSTS AND 
THEY DO NOT PLACE AN UNDUE BURDEN ON A SMALL FIRM.  

WE WILL INTRODUCE ""SUNSET"" REQUIREMENTS INTO NEW REGULATIONS WHENEVER IT IS 
SUITABLE SO THAT THEY ARE AUTOMATICALLY REVIEWED OR DROPPED AFTER A SPECIFIC 
PERIOD.  

MANY BUSINESSMEN SUFFER REGULATORY BURDENS IMPOSED BY LOCAL GOVERNMENT AND 
QUANGOS.

WE WILL THEREFORE INSIST THAT THE WHOLE OF THE PUBLIC SECTOR ADOPTS THE SAME 
STRINGENT RULES THAT WE REQUIRE OF CENTRAL GOVERNMENT IN JUSTIFYING THE BENEFITS 
OF NEW REGULATIONS AGAINST THEIR COSTS.

REDUCING THE BURDEN ON COMPANIES
JOBS DEPEND ON BRITISH FIRMS WINNING ORDERS:  THE DIFFERENCE BETWEEN SUCCESS OR 
FAILURE CAN BE WAFER THIN.  ANY EXTRA BURDEN ON BUSINESS WILL DESTROY JOBS.  

BRITAIN IS ENJOYING MORE JOBS AND RECORD INVESTMENT, THANKS TO THE COMPETITIVE 
EDGE WE HAVE OVER OTHER EUROPEAN COUNTRIES.  WE ARE A LOW COST ECONOMY.  BUT 
THAT DOES NOT MEAN WE ARE A LOW PAY ECONOMY.  OUR COMPETITIVE ADVANTAGE COMES 
FROM THE LOWER COSTS FACING OUR BUSINESSES.  IT CAN BE MEASURED BY THE SOCIAL 
COSTS AN EMPLOYER HAS TO PAY ON TOP OF EVERY (POUND)100 OF WAGES:  IN GERMANY IT 
IS (POUND)31, IN FRANCE (POUND)41, BUT IN BRITAIN, IT IS ONLY (POUND)15.

MANY COUNTRIES IN EUROPE HAVE TRIED TO COCOON THEMSELVES FROM GLOBAL COMPETITION 
BEHIND LAYERS OF RED TAPE AND REGULATION - SUCH AS THE SOCIAL CHAPTER AND A 
NATIONAL MINIMUM WAGE.  THIS PROVIDES A FALSE SENSE OF SECURITY, PLAYING A CRUEL 
TRICK ON WORKING PEOPLE.  IT ALSO EXCLUDES THE UNEMPLOYED FROM WORK.  AS 
COMPANIES IN THE REST OF EUROPE HAVE GROWN MORE UNCOMPETITIVE, EMPLOYERS HAVE 
FOUND IT TOO EXPENSIVE TO EMPLOY NEW WORKERS, INVESTMENT HAS GONE ELSEWHERE, AND 
THE DOLE QUEUES HAVE LENGTHENED.  THE EUROPEAN SOCIAL MODEL IS NOT SOCIAL AND 
NOT A MODEL FOR US TO FOLLOW.  BUT IF BRITAIN SIGNED UP TO THE SOCIAL CHAPTER IT 
WOULD BE USED TO IMPOSE THAT MODEL ON US - DESTROYING BRITISH JOBS.

NO CONSERVATIVE GOVERNMENT WILL SIGN UP TO THE SOCIAL CHAPTER OR INTRODUCE A 
NATIONAL MINIMUM WAGE.  WE WILL INSIST AT THE INTERGOVERNMENTAL CONFERENCE IN 
AMSTERDAM THAT OUR OPT OUT IS HONOURED AND THAT BRITAIN IS EXEMPTED FROM THE 
WORKING TIME DIRECTIVE:  IF OLD AGREEMENTS ARE BROKEN, WE DO NOT SEE HOW NEW 
ONES CAN BE MADE.

WE WILL RESIST THE IMPOSITION OF OTHER SOCIAL BURDENS ON THE WORK PLACE THROUGH 
A NEW EUROPEAN EMPLOYMENT CHAPTER.

WELFARE INTO WORK
ALTHOUGH GOVERNMENTS CANNOT CREATE JOBS, THEY CAN HELP PEOPLE TRAIN AND FIND 
WORK.  WE NOW HAVE IN PLACE A BATTERY OF SCHEMES WORKING WITH TRAINING AND 
ENTERPRISE COUNCILS TO PROVIDE TARGETED HELP AND TRAINING, INCLUDING REMEDIAL 
EDUCATION IN LITERACY AND NUMERACY.  WE ARE ALSO DEVELOPING NEW INCENTIVES, 
ALONGSIDE FAMILY CREDIT, TO HELP PEOPLE MOVE OFF BENEFIT INTO WORK.

WE WILL ALWAYS HELP THOSE IN GENUINE NEED: IN RETURN, THE UNEMPLOYED HAVE A 
RESPONSIBILITY TO LOOK FOR WORK AND ACCEPT A REASONABLE OFFER.  THAT BELIEF 
UNDERPINS OUR NEW JOBSEEKERS ALLOWANCE WHICH ENSURES THAT NO-ONE CAN REFUSE 
REASONABLE WORK OPPORTUNITIES AND REMAIN ON BENEFIT.

AS UNEMPLOYMENT FALLS, WE WANT TO FOCUS ON THOSE WHO HAVE BEEN UNEMPLOYED FOR 
SOME TIME.  AT PRESENT,  PROJECT WORK IS HELPING 100,000 PEOPLE WHO HAVE BEEN 
UNEMPLOYED FOR MORE THAN 2 YEARS IN CITIES AROUND BRITAIN.  THEY ARE FIRST GIVEN 
HELP IN FINDING A JOB - WHICH INCLUDES GIVING EMPLOYERS INCENTIVES TO TAKE THEM 
ON.  THOSE WHO DO NOT FIND JOBS ARE THEN REQUIRED TO WORK FOR A SPECIFIC PERIOD 
ON A COMMUNITY PROJECT.  THIS HELPS THEM REGAIN WORK HABITS AND ENSURES THEY ARE 
AVAILABLE FOR WORK.

AS  PROJECT WORK SUCCEEDS AND DEMONSTRATES THAT ITS COSTS CAN BE MET BY THE 
SAVINGS FROM GETTING PEOPLE INTO WORK, WE WILL EXTEND THE PROGRAMME TO COVER THE 
LONG TERM UNEMPLOYED NATIONWIDE.

WE WILL ALSO DEVELOP AN INNOVATIVE ""BRITAIN WORKS"" SCHEME WHICH USES THE 
EXPERIENCE AND INGENUITY OF PRIVATE AND VOLUNTARY SECTORS TO GET PEOPLE OFF 
WELFARE INTO WORK.

BRITAIN HAS ONE OF THE MOST MOBILE ECONOMIES IN EUROPE.  PEOPLE MOVE ON AND UP, 
INTO BETTER PAID JOBS MORE EASILY THAN ON THE CONTINENT.

THE INFORMATION SOCIETY
BRITAIN IS AT THE FOREFRONT OF CREATING TOMORROW'S INFORMATION SOCIETY.  ALREADY 
WE HAVE EXPOSED DOMESTIC TELECOMMUNICATIONS TO COMPETITION AND STIMULATED 
INVESTMENT IN CABLE AND SATELLITE ENTERTAINMENT SYSTEMS.  AND BY OPENING UP 
INTERNATIONAL TELECOMMUNICATIONS WE WILL CONTINUE TO ENCOURAGE COMPANIES 
WORLDWIDE TO BASE THEIR GLOBAL OPERATIONS HERE.  WE WILL MAKE SURE THAT THE 
DIGITAL REVOLUTION COMES TO BRITAIN FIRST.  

WE ARE LAUNCHING AN AMBITIOUS PROGRAMME WITH INDUSTRY TO SPREAD ""IT FOR ALL"", 
GIVING EVERY ADULT THE OPPORTUNITY TO TRY OUT AND LEARN ABOUT NEW IT SERVICES.  
WE WILL WORK WITH INDUSTRY TO ENSURE THAT ALL SCHOOLS ARE CONNECTED TO THE 
INFORMATION SUPERHIGHWAY.  

WE WILL USE THE MILLENNIUM LOTTERY FUND TO TRANSFORM THE COMPUTER FACILITIES AND 
INFORMATION LINKS AVAILABLE IN SCHOOLS, LIBRARIES, MUSEUMS, VOLUNTARY 
ORGANISATIONS AND OTHER PUBLIC PLACES AFTER THE TURN OF THE CENTURY.  

THIS WILL GIVE THE PUBLIC MUCH WIDER ACCESS TO INFORMATION SERVICES IN THE YEARS 
AHEAD.  WE WILL ALSO TAKE ADVANTAGE OF INFORMATION TECHNOLOGY TO TRANSFORM THE 
WAY GOVERNMENT PROVIDES SERVICES TO THE PUBLIC.  

WE WILL KEEP BRITAIN IN THE VANGUARD OF NEW MOBILE SERVICE DEVELOPMENT - 
INCLUDING MOBILE TELEPHONE AND INFORMATION SERVICES - BY INTRODUCING A PRICING 
SYSTEM FOR THE RADIO SPECTRUM TO ACHIEVE MORE EFFICIENT ALLOCATION OF RADIO 
FREQUENCIES.  

WE WILL MAINTAIN A STRONG, FREE AND COMPETITIVE BROADCASTING AND PRESS 
ENVIRONMENT AT BOTH NATIONAL AND LOCAL LEVEL, WHILE CONTINUING TO BE VIGILANT IN 
MONITORING WHETHER ACTION IS NEEDED TO CURB BREACHES OF STANDARDS, AND PREVENT 
UNACCEPTABLE PRESS INTRUSION.  

SCIENCE
BRITISH SCIENCE ENJOYS A WORLDWIDE REPUTATION FOR EXCELLENCE AND COST-
EFFECTIVENESS, WHICH MAKES BRITAIN AN ATTRACTIVE BASE FOR MANY DOMESTIC AND 
OVERSEAS COMPANIES.  WE WILL CONTINUE TO INVEST IN SCIENCE AND TARGET FUNDS AT 
BASIC RESEARCH, WHICH WOULD NOT OTHERWISE BE FUNDED BY INDUSTRY. AT THE SAME 
TIME WE WILL PROVIDE AN ENTERPRISING ENVIRONMENT WHICH ENCOURAGES FIRMS TO 
INVEST WITH CONFIDENCE IN APPLIED SCIENCE.

2020 VISION
THERE IS NO PART OF THE GLOBE WHICH HAS NOT BEEN REACHED BY BRITISH ENTERPRISE 
AND BRITISH CULTURE.  WE HAVE ALWAYS LOOKED OUT BEYOND THESE SHORES, BEYOND THIS 
CONTINENT.  OUR LANGUAGE, OUR HERITAGE OF INTERNATIONAL TRADING LINKS, OUR 
FOREIGN INVESTMENTS - SECOND ONLY TO AMERICA'S - ARE HISTORIC STRENGTHS WHICH 
MEAN WE ARE IDEALLY PLACED TO SEIZE THE OPPORTUNITIES OF THE GLOBAL ECONOMY.

THANKS TO CONSERVATIVE POLICIES OF LIBERALISATION AND PRIVATISATION WE ARE 
STRONG IN INDUSTRIES OF THE FUTURE SUCH AS TELECOMMUNICATIONS, FINANCIAL 
SERVICES, AND INFORMATION TECHNOLOGY.  THESE ARE THE INDUSTRIES THAT WILL 
BENEFIT FROM OPENING UP TRADE AROUND THE WORLD.  WE WILL PUSH FOR COMPLETION OF 
THE EUROPEAN SINGLE MARKET AND CONTINUE TO PURSUE THE OBJECTIVE OF TRANSATLANTIC 
FREE TRADE AGAINST THE BACKGROUND OF WORLD TRADE LIBERALISATION.

OUR AIM IS NOTHING LESS THAN TARIFF FREE TRADE ACROSS THE GLOBE BY THE YEAR 
2020.

FREE COMPETITION IS IMPORTANT FOR FREE MARKETS.  COMPANIES SHOULD NOT MAKE 
AGREEMENTS THAT RESTRICT COMPETITION AND HENCE RESULT IN POOR VALUE FOR 
CONSUMERS.  WE HAVE SET OUT PROPOSALS TO GIVE COMPANIES GREATER PROTECTION 
AGAINST PRICE FIXING, DUMPING, AND OTHER RESTRICTIVE PRACTICES BY LARGER 
COMPETITORS.   

WE WILL INTRODUCE A COMPETITION BILL TO TAKE FORWARD THESE PROPOSALS IN THE 
FIRST SESSION OF THE NEXT PARLIAMENT.

WE ARE COMMITTED TO PUSHING FORWARD OUR COMPETITIVENESS AGENDA WHICH IS MAKING 
BRITAIN THE ENTERPRISE CENTRE OF EUROPE.

OPPORTUNITY AND OWNERSHIP FOR INDIVIDUALS AND FAMILIES


OUR RECORD - OPPORTUNITY

*	THE RIGHT TO BUY HAS ALLOWED 1.5 MILLION COUNCIL TENANTS TO BECOME 
HOMEOWNERS. THERE ARE OVER 4 MILLION MORE HOMEOWNERS TODAY THAN IN 1979.

*	THE GOVERNMENT HAS SPENT (POUND)6 BILLION THROUGH HOUSING ASSOCIATIONS TO 
PROVIDE HOMES FOR RENT.  BETWEEN 1992 AND 1995 HOUSING ASSOCIATIONS PROVIDED 
178,000 NEW LETTINGS - 25,000 MORE THAN PROMISED IN THE 1992 MANIFESTO. 

* 	THERE ARE NOW AROUND 10 MILLION PRIVATE SHAREHOLDERS, UP FROM ABOUT 3 
MILLION AT THE TIME OF THE LAST LABOUR GOVERNMENT.  2.5  MILLION PEOPLE NOW HAVE 
TAX FREE SAVINGS IN PEP ACCOUNTS, AND 4.5 MILLION IN TESSAS.

* 	SINCE 1979, THE SUCCESS OF PRIVATE PENSION PROVISION HAS RAISED THE 
AVERAGE INCOME OF PENSIONERS BY 60% MORE THAN INFLATION. ALMOST 90% OF RECENTLY 
RETIRED PENSIONERS NOW HAVE INCOMES OVER AND ABOVE STATE BENEFITS.

* 	SAVINGS IN PRIVATE PENSION FUNDS HAVE INCREASED TO (POUND)650 BILLION - 
MORE THAN 4 TIMES THE LEVEL IN 1979. THEIR VALUE IS GREATER THAN THE PENSION 
FUNDS IN ALL OTHER EU COUNTRIES ADDED TOGETHER. 

*	OVER THE PERIOD 1979 TO 1995, EDUCATION SPENDING PER PUPIL ROSE FROM 
(POUND)515 TO (POUND)1,890 - AN INCREASE IN REAL TERMS OF 48%.  REAL SPENDING ON 
BOOKS AND EQUIPMENT PER PUPIL ROSE 56%.  TEACHERS' REAL PAY ROSE 57%:  FROM 
(POUND)270 PER WEEK IN 1979 TO (POUND)420 IN 1995.

*	IN 1979, 40% OF THREE AND FOUR YEAR OLDS ATTENDED NURSERY SCHOOL;  IN 1995 
THE FIGURE WAS 59%.  OUR NURSERY VOUCHERS NOW GIVE THIS OPPORTUNITY TO EVERY 
CHILD.

*	THE PROPORTION OF SIXTEEN YEAR OLDS STAYING ON IN FULL-TIME EDUCATION ROSE 
FROM 4 OUT OF 10 IN 1979 TO 7 OUT OF 10 IN 1995.  

*	ALMOST 1 IN 3 YOUNG PEOPLE NOW GO TO UNIVERSITY, COMPARED WITH 1 IN 8 IN 
1979.

*	THE PROPORTION OF ADULTS WITH NO ACADEMIC QUALIFICATIONS HAS HALVED SINCE 
1979 AND THE PROPORTION OF ADULTS WITH A DEGREE OR EQUIVALENT HAS MORE THAN 
DOUBLED RISING FROM 5% TO 12%.


3.	CHOICE AND SECURITY FOR FAMILIES

THE FAMILY IS THE MOST IMPORTANT INSTITUTION IN OUR LIVES.  IT OFFERS SECURITY 
AND STABILITY IN A FAST-CHANGING WORLD.  BUT THE FAMILY IS UNDERMINED IF 
GOVERNMENTS TAKE DECISIONS WHICH FAMILIES OUGHT TO TAKE FOR THEMSELVES.  SELF-
RELIANCE UNDERPINS FREEDOM AND CHOICE.  

FAMILIES ARE STRONGER IF THEY HAVE THE MONEY TO LOOK AFTER THEMSELVES:  THAT IS 
WHY WE ARE SHIFTING POWER AND WEALTH BACK TO WORKING FAMILIES AND AWAY FROM THE 
STATE.  WE HAVE ALREADY ACHIEVED MUCH - THE AVERAGE FAMILY'S DISPOSABLE INCOME 
HAS GONE UP BY 40% SINCE 1979.  BUT WE WANT TO GO FURTHER.  THE NEXT 
CONSERVATIVE GOVERNMENT INTENDS TO REFORM THE TAX SYSTEM SO THAT IT GIVES 
SUBSTANTIALLY MORE HELP TO FAMILIES.  

WE ALSO WANT TO ENCOURAGE PEOPLE TO SAVE SO THEY HAVE THE SECURITY AND SELF-
RESPECT THAT COMES FROM BEING ABLE TO RELY ON THEIR OWN RESOURCES RATHER THAN 
IMMEDIATELY TURNING TO THE STATE.  WE HAVE ALREADY MADE MUCH PROGRESS HERE TOO 
WITH WIDENING OWNERSHIP OF HOMES, PENSIONS, AND THE NEW PEPS AND TESSAS.  WE NOW 
PROPOSE FURTHER RADICAL MEASURES FOR MORE SAVING FOR RETIREMENT.

FAMILIES AND TAX
WE BELIEVE FAMILIES SHOULD BE LEFT WITH AS MUCH OF THEIR OWN MONEY AS POSSIBLE.  
THEY KNOW BETTER THAN POLITICIANS HOW TO SPEND IT.  WE HAVE ALREADY CUT THE 
BASIC RATE OF INCOME TAX FROM 33P TO 23P, AND OUR AIM IS TO GET IT DOWN TO 20P, 
BENEFITING 18 MILLION TAXPAYERS.  WE INTEND TO DO EVEN MORE TO HELP FAMILIES IN 
PARTICULAR.


AT THE MOMENT, IF ONE SPOUSE DOES NOT TAKE PAID WORK IN ORDER TO LOOK AFTER 
CHILDREN OR DEPENDENT RELATIVES, THEY NOT ONLY GIVE UP EARNINGS BUT MAY ALSO BE 
UNABLE TO BENEFIT FROM THEIR PERSONAL TAX ALLOWANCE.  YET THIS IS THE TIME AT 
WHICH THEIR INCOME IS OFTEN MOST STRETCHED.

WE BELIEVE OUR TAX SYSTEM SHOULD RECOGNISE AND SUPPORT THE CRUCIAL ROLE OF 
FAMILIES IN THEIR CARING RESPONSIBILITIES.  WE WILL GIVE THEM THAT SUPPORT.

	WE WILL GIVE PRIORITY TO FUTURE REDUCTIONS IN PERSONAL TAXATION THAT HELP  
FAMILIES LOOKING AFTER DEPENDENT CHILDREN OR RELATIVES BY ALLOWING ONE PARTNER'S 
UNUSED PERSONAL ALLOWANCE TO BE TRANSFERRED TO A WORKING SPOUSE WHERE  THEY HAVE 
THESE RESPONSIBILITIES.

THIS WILL PROVIDE A TARGETED REDUCTION IN THE TAX BILL TO THOSE FAMILIES WHO 
NEED IT MOST.  AROUND 2 MILLION ONE TAXPAYER COUPLES WITH DEPENDENT CHILDREN, OR 
LOOKING AFTER ELDERLY RELATIVES AND OTHERS NEEDING CARE, WOULD GAIN UP TO 
(POUND)17.50 A WEEK - AROUND (POUND)900 A YEAR.

FAMILY SAVINGS
IN THE OLD DAYS PEOPLE JUST DEPENDED ON THE WEEKLY PAY PACKET OR MONEY FROM THE 
STATE.  BUT NO JOB CAN BE SECURE AND THE STATE CANNOT PROVIDE FOR EVERY 
EVENTUALITY.  IT IS OWNERSHIP WHICH BRINGS TRUE SECURITY AND GENUINE 
INDEPENDENCE FROM THE STATE.  THAT IS WHY CONSERVATIVES HAVE LONG DREAMED OF A 
PROPERTY-OWNING DEMOCRACY.  NOW WE ARE DELIVERING IT IN PRACTICE.  HOME 
OWNERSHIP IS UP BY 4.7 MILLION.  10 MILLION PEOPLE OWN A DIRECT PERSONAL STAKE 
IN OUR ECONOMY.  16 MILLION ARE GAINING SHARES IN THEIR BUILDING SOCIETIES 
THANKS TO OUR DEREGULATION OF THEM.  WE INTEND TO CARRY FORWARD OUR VISION OF A 
PEOPLE'S SHARE.   THIS IS A SIGNIFICANT INCREASE IN PERSONAL SECURITY.  IT IS 
THE CONSERVATIVE VISION OF SECURITY THROUGH PERSONAL SAVINGS - NOT A SOCIALIST 
VISION OF SECURITY THROUGH THE STATE.


WE WANT PEOPLE TO ENJOY BRITAIN'S SUCCESS - ESPECIALLY BY OWNING SHARES IN THE 
COMPANIES FOR WHICH THEY WORK.  WE HAVE ALREADY INTRODUCED A NUMBER OF SCHEMES 
TO ENCOURAGE EMPLOYEE SHARE OWNERSHIP.  TO ENCOURAGE A FURTHER  EXPANSION OF 
WORKER SHARES, OUR NEW SHARE MATCH SCHEME WILL ALLOW EMPLOYEES TO BE REWARDED 
WITH ADDITIONAL FREE SHARES IF THEY ACQUIRE A STAKE IN THEIR COMPANY.

	OUR GOAL IS THAT BY 2000, MORE THAN HALF OF THE EMPLOYEES OF BRITAIN'S 
LARGER COMPANIES WILL OWN SHARES IN THOSE COMPANIES.

41/2 MILLION PEOPLE NOW BENEFIT FROM TAX FREE TESSAS AND 2.5 MILLION FROM PEP 
SCHEMES TO ENCOURAGE THE ACCUMULATION OF LONG TERM SAVING.  WE WILL CONTINUE TO 
BUILD ON THIS SUCCESS BY EXPLORING WAYS IN WHICH EXISTING TAX EXEMPTIONS FOR 
SAVINGS CAN BE DEVELOPED  -  ALLOWING INDIVIDUALS TO SECURE THEIR FUTURES AND 
PROTECT THEIR FAMILIES AGAINST UNEXPECTED CONTINGENCIES.

	WE WILL CONTINUE TO RAISE THE THRESHOLD FOR INHERITANCE TAX AS IT PRUDENT 
TO DO SO.

PEOPLE ARE NOT JUST SAVING FOR THEMSELVES BUT FOR THEIR CHILDREN AND GRAND-
CHILDREN.  THESE SAVINGS SHOULD NOT BE PENALISED BY THE TAX SYSTEM.

FOR MANY PEOPLE THEIR BIGGEST ASSET IS THEIR PENSION.  THANKS TO THE STEPS WE 
HAVE ALREADY TAKEN TO ENCOURAGE OCCUPATIONAL AND PERSONAL PENSIONS, WE NOW HAVE 
(POUND)650 BILLION INVESTED IN PRIVATE PENSIONS - MORE THAN THE REST OF THE 
EUROPEAN UNION PUT TOGETHER.  WE NOW PLAN TO BUILD FURTHER ON THIS ACHIEVEMENT.

	WE WILL MAKE IT EASIER FOR SMALL EMPLOYERS TO SET UP PERSONAL PENSION 
PLANS FOR GROUPS OF EMPLOYEES.
  
	WE WILL CREATE MORE FLEXIBILITY FOR PEOPLE WHO SAVE IN PERSONAL PENSION 
PLANS TO CONTINUE INVESTING IN THOSE SCHEMES IF THEY SUBSEQUENTLY MOVE TO JOBS 
WITH COMPANY PENSION SCHEMES.  

	WE WILL ALSO CREATE FLEXIBILITY FOR EMPLOYEES WITH SAVINGS IN ADDITIONAL 
VOLUNTARY CONTRIBUTIONS (AVC) SCHEMES TO TAKE PART OF THAT PENSION EARLIER OR 
LATER THAN THEIR MAIN COMPANY PENSION.

BUT WE BELIEVE THE TIME HAS NOW COME TO PLAN FOR ANOTHER IMPORTANT STEP IN 
IMPROVING BRITAIN'S PENSION PROVISION.  BRITAIN IS ALREADY MUCH BETTER PLACED 
THAN MANY OTHER COUNTRIES TO AFFORD STATE PENSIONS IN THE FUTURE, BUT WE WANT 
EVEN MORE PEOPLE TO BE ABLE TO LOOK FORWARD TO A PROPERLY FUNDED PENSION THAT 
GROWS WITH THE ECONOMY AND IS FREE FROM DEPENDENCE ON TAXES PAID BY FUTURE 
GENERATIONS.  WE NOW PROPOSE A PRACTICAL WAY OF ACHIEVING A GRADUAL 
TRANSFORMATION OF THE STATE PENSION SCHEME.

	AT THE START OF THE NEXT PARLIAMENT WE WILL SET OUT PROPOSALS TO PROVIDE 
ALL YOUNG PEOPLE ENTERING THE WORKFORCE WITH A PERSONAL PENSION FUND PAID FOR 
THROUGH A REBATE ON THEIR NATIONAL INSURANCE CONTRIBUTIONS.  AT RETIREMENT THEY 
WOULD BE ENTITLED TO THE FULL PENSION EARNED BY THIS ACCUMULATED INVESTMENT.  
THIS COULD GIVE THEM A PENSION SIGNIFICANTLY HIGHER THAN THEY WOULD CURRENTLY 
RECEIVE FROM THE STATE.  BUT THEY WITH BE GUARANTEED A PENSION AT LEAST EQUAL TO 
THE CURRENT BASIC STATE PENSION, INCREASED IN LINE WITH INFLATION.

THIS WILL BE ONE OF THE MOST SIGNIFICANT IMPROVEMENTS IN THE STATE PENSION 
SYSTEM SINCE IT WAS INTRODUCED.

OLDER PEOPLE CURRENTLY IN THE WORKFORCE WOULD BE UNAFFECTED - THEY WILL CONTINUE 
TO CONTRIBUTE AS NOW AND RECEIVE THE NORMAL STATE PENSION WHEN THEY RETIRE.  

THIS POLICY WOULD COME INTO EFFECT EARLY IN THE NEW MILLENNIUM.  GRADUAL PHASING 
IN OF THE NEW SYSTEM OVER 40 YEARS WILL MAKE THE IMPACT ON PUBLIC FINANCES 
AFFORDABLE.  EVEN AT ITS PEAK, THE NET REVENUE FORGONE WILL BE ONLY A FRACTION 
OF THE SAVINGS FROM THE RECENT PENSIONS ACT.  AND EVENTUALLY, THE NEW POLICY  
WILL PRODUCE MASSIVE PUBLIC EXPENDITURE SAVINGS.  

THIS FAR-SIGHTED IDEA IS IN THE BEST CONSERVATIVE TRADITION.  THE GROWING WEALTH 
OF THE NATION WILL PROVIDE FOR THE NEXT GENERATION THROUGH PRIVATE FUNDING, 
UNDERPINNED BY A STATE GUARANTEE.  BRITISH PEOPLE WILL BE ABLE TO LOOK FORWARD 
TO RETIREMENT WITH EVEN GREATER CONFIDENCE.  AND OUR YOUNG PEOPLE WILL HAVE A 
PENSIONS OPPORTUNITY UNRIVALLED IN THE WORLD.

SUPPORT FOR FAMILIES
CONSERVATIVES BELIEVE THAT A HEALTHY SOCIETY ENCOURAGES PEOPLE TO ACCEPT 
RESPONSIBILITY FOR THEIR OWN LIVES.  A HEAVY-HANDED AND INTRUSIVE STATE CAN DO 
ENORMOUS DAMAGE.

SOME FAMILIES NEED HELP TO COPE WITH THEIR RESPONSIBILITIES.  FOR THEM, SOCIAL 
SERVICES PLAY A VITAL ROLE.  THEY HELP WITH CHILDREN WHERE PARENTAL CARE HAS 
FAILED.  THEY DELIVER AN EVER WIDER RANGE OF SERVICES TO PEOPLE WITH LEARNING 
DIFFICULTIES OR WHO ARE MENTALLY ILL.  OUR COMMUNITY CARE REFORMS HAVE GIVEN 
THEM A CENTRAL ROLE ENSURING THAT ELDERLY PEOPLE GET CARE OF THE HIGHEST 
QUALITY:  AND IN THEIR OWN HOMES WHERE POSSIBLE.  WE NEED TO ENSURE THAT ROLE IS 
PROPERLY FULFILLED.

EARLY IN THE NEXT PARLIAMENT WE WILL INTRODUCE A SOCIAL SERVICES REFORM BILL 
WHICH WILL CREATE A NEW STATUTORY FRAMEWORK FOR SOCIAL SERVICES.  THE BILL WILL 
PROVIDE FOR GREATER OPENNESS AND ACCOUNTABILITY IN SOCIAL SERVICES.

	WE WILL PROVIDE NEW GUIDANCE TO ENSURE SOCIAL WORKERS PROPERLY REFLECT THE 
VALUES OF THE COMMUNITY - FOCUSING THEIR EFFORTS ON THOSE FAMILIES WHO MOST NEED 
SUPPORT, AND MINIMISING UNNECESSARY INTERFERENCE.  SOCIAL WORKERS WORKING WITH 
CHILDREN WILL RECEIVE SPECIAL TRAINING TO COPE WITH THE OFTEN HEART-RENDING 
CASES THEY FACE.

	WE WILL RAISE STANDARDS THROUGH A NEW REGULATORY FRAMEWORK WHICH WILL 
APPLY THE SAME STANDARDS IN BOTH THE PUBLIC AND PRIVATE SECTOR.

	WE WILL ALSO REMOVE THE POWER OF LOCAL AUTHORITIES TO OPERATE CARE HOMES 
WHERE THIS IS IN THE BEST INTERESTS OF THE PEOPLE FOR WHOM THEY ARE RESPONSIBLE.

WE BELIEVE THAT FAMILIES WHO USE SOCIAL SERVICES SHOULD BE ABLE TO EXERCISE 
CHOICE WHEREVER PRACTICABLE.  WE HAVE GIVEN CASH PAYMENTS TO DISABLED PEOPLE TO 
PURCHASE THE SERVICES THEY NEED DIRECTLY.

WE ALSO WANT NEW WAYS OF REINFORCING INDIVIDUAL CHOICE WHERE POSSIBLE.  WE WILL 
THEREFORE ENSURE NO BARRIERS STAND IN THE WAY OF LOCAL AUTHORITIES WANTING TO 
ISSUE THEIR USERS WITH VOUCHERS TO BUY CERTAIN SERVICES.

	WE WILL REVIEW THE DIRECT PAYMENT SCHEME, AND PROVIDED IT HAS BEEN COST 
EFFECTIVE, WE WILL EXTEND IT TO OTHER USERS OF SOCIAL SERVICES.

ABOVE ALL, WE WANT TO HELP FAMILIES TO HELP THEMSELVES.  CARING FOR OLDER - OR 
DISABLED - RELATIVES IS ONE OF THE MOST NATURAL HUMAN INSTINCTS.  WE RECOGNISE 
THE CRUCIAL - AND OFTEN DEMANDING - ROLE CARERS PLAY, AND WILL HELP THEM MORE. 

	WE WILL INTRODUCE A RESPITE CARE PROGRAMME.  THIS WILL ENABLE FAMILY 
MEMBERS WITH HEAVY RESPONSIBILITIES CARING FOR A RELATIVE TO TAKE A MUCH NEEDED 
BREAK.  WE WILL ALSO OFFER MORE PRACTICAL ADVICE FOR CARERS WHO WANT TO GO BACK 
TO PAID WORK.

BUT IN SOME CASES, ELDERLY PEOPLE NEED MORE CARE THAN THEIR FRIENDS OR RELATIVES 
CAN PROVIDE.  FINANCING LONG TERM CARE WORRIES MANY FAMILIES.  WE WILL CREATE AN 
IMAGINATIVE, FAIR PARTNERSHIP BETWEEN INDIVIDUALS AND THE PUBLIC SECTOR TO 
RESOLVE THIS PROBLEM.

	IN THE FIRST SESSION OF THE NEXT PARLIAMENT WE WILL IMPLEMENT OUR 
PARTNERSHIP SCHEME FOR LONG TERM CARE, MAKING IT EASIER FOR PEOPLE TO AFFORD THE 
COST OF CARE IN OLD AGE WITHOUT GIVING UP THEIR LIFETIME SAVINGS.

GOOD PREPARATION FOR MARRIAGE CAN BE AN IMPORTANT AID TO A SUCCESSFUL FAMILY, 
WHILE TIMELY HELP IN MEETING DIFFICULTIES CAN OFTEN AVOID FAMILY BREAKDOWN.  
THESE ARE MATTERS FOR VOLUNTARY EFFORT, NOT THE STATE, BUT WE WILL CONTINUE TO 
SUPPORT SUCH EFFORT.

WE NEED TO MAKE SURE EFFORTS TO HELP STRUGGLING FAMILIES DOES NOT TURN INTO 
UNNECESSARY MEDDLING.

WHEN THE STATE GOES TOO FAR, IT IS OFTEN THE CHILDREN WHO SUFFER.  THEY BECOME 
VICTIMS OF THE WORST SORT OF POLITICAL CORRECTNESS.

	WE WILL INTRODUCE LEGISLATION TO REMOVE UNNECESSARY BARRIERS TO ADOPTION 
AND INTRODUCE NEW RULES TO MAKE ADOPTION FROM ABROAD MORE STRAIGHTFORWARD.

	WE WILL ALSO MONITOR THE WORKINGS OF THE CHILDREN ACT, AND ACT IF 
NECESSARY TO ENSURE IT MAINTAINS A PROPER BALANCE BETWEEN THE RIGHTS OF CHILDREN 
AND THE RESPONSIBILITIES OF ADULTS.



SOCIAL SERVICES DEPARTMENTS ARE NOW THE FOURTH ARM OF THE WELFARE STATE.  MOST 
PEOPLE WILL NEED THEM AT SOME POINT IN THEIR LIVES.  WE WILL ENSURE THAT THE 
CONSERVATIVE REVOLUTION IN PUBLIC SERVICES NOW REACHES SOCIAL SERVICES.

DISABLED PEOPLE
WE HAVE QUADRUPLED REAL SPENDING ON LONG TERM SICK AND DISABLED PEOPLE SINCE 
1979, TO (POUND)22 BILLION.

WE HAVE INTRODUCED THE DISABILITY DISCRIMINATION ACT.  THIS IS THE FIRST 
LEGISLATION OF ITS KIND ANYWHERE IN EUROPE AND IT PROVIDES POSITIVE PROOF OF OUR 
COMMITMENT TO DISABLED PEOPLE.  WE WILL MONITOR IT TO ENSURE IT CONTINUES TO 
MEET ITS OBJECTIVES.

WE ARE ALSO PROVIDING A CONTINUING FUND TO SUPPORT THE MOST SEVERELY DISABLED 
PEOPLE TO STAY IN THEIR HOMES.

SECURITY IN RETIREMENT
PENSIONERS CONTINUE TO MAKE A POSITIVE CONTRIBUTION TO SOCIETY IN RETIREMENT.  
THEY GIVE MORE OF THEIR TIME IN CHARITABLE WORK THAN ANY OTHER AGE GROUP.  THEY 
LIFT SOME OF THE PRESSURES ON THEIR OWN FAMILIES.  THEY HELP KEEP OUR NATION'S 
HISTORY AND TRADITIONS ALIVE.  

THEY HAVE PAID THEIR NATIONAL INSURANCE CONTRIBUTIONS AND TAXES AND RIGHTLY 
EXPECT US TO CONTINUE TO PROTECT THE VALUE OF THE BASIC STATE PENSION AGAINST 
PRICE RISES.  WE WILL DO SO.  WE WILL ALSO ENSURE THAT LESS WELL OFF PENSIONERS 
CONTINUE TO GET EXTRA HELP ON TOP OF THE BASIC PENSION.  

AT THE SAME TIME AS PROTECTING THE STATE PENSION, OUR ENCOURAGEMENT OF PRIVATE 
PENSIONS IS ALREADY TRANSFORMING THE LIVING STANDARDS OF PENSIONERS.  THE 
AVERAGE NET INCOME OF PENSIONERS HAS RISEN BY 60% SINCE 1979. THIS HAS BEEN 
ACHIEVED BY  OUR ENCOURAGEMENT OF SAVING FOR RETIREMENT. 

THE TAX SYSTEM MUST HELP PENSIONERS WHO HAVE SAVED.  OUR NEW LOWER 20P RATE ON 
INCOME FROM SAVINGS DIRECTLY HELPS 1.7 MILLION PENSIONERS AND THE SPECIAL AGE 
ALLOWANCES RAISE THE POINT AT WHICH PENSIONERS START TO PAY INCOME TAX.  

A BETTER SOCIAL SECURITY SYSTEM
PEOPLE IN NEED CAN RELY ON OUR CONTINUING SUPPORT.  AND TO ENSURE THAT TAXPAYERS 
ARE WILLING TO GO ON PAYING FOR THAT SUPPORT, WE HAVE SHAPED A SOCIAL SECURITY 
SYSTEM WE CAN AFFORD, TAKING A STEADILY DECLINING SHARE OF OUR NATIONAL INCOME.  
WE ARE DOING THIS BY FOCUSING BENEFITS ON THOSE MOST IN NEED, HELPING PEOPLE OFF 
WELFARE AND INTO WORK, AND CURBING WELFARE FRAUD.  THESE POLICIES ARE 
UNDERPINNED BY OUR MEASURES TO HELP FAMILIES HELP THEMSELVES.

SOCIAL SECURITY MUST BE THERE TO HELP FAMILIES, PENSIONERS AND PEOPLE IN NEED.  
WE WILL PROTECT THE VALUE OF CHILD BENEFIT AND FAMILY CREDIT WHICH HELP WITH THE 
COST OF BRINGING UP CHILDREN.  THIS IS OUR FAMILY BENEFITS GUARANTEE.

WE WILL BRING THE STRUCTURE OF BENEFITS FOR LONE PARENTS INTO LINE WITH THAT FOR 
TWO-PARENT FAMILIES.  WE WILL CONTINUE TO HELP LONE PARENTS OBTAIN MAINTENANCE, 
AND ASSIST WITH CHILDCARE IN WORK:  BOTH THESE MEASURES HELP LONE PARENTS OBTAIN 
WORK.  WE WILL PILOT OUR ""PARENT PLUS"" SCHEME THAT GIVES SPECIAL HELP TO LONE 
PARENTS WHO WANT TO WORK, AND EXTEND IT AS IT PROVES SUCCESSFUL.

SOCIAL SECURITY FRAUD MUST BE STAMPED OUT.

	WE WILL INTENSIFY OUR CURRENT INITIATIVES OF INSPECTIONS AND CHECKS 
INCLUDING MORE HOME VISITS, TO CRACK DOWN FURTHER ON BENEFIT CHEATS.   WE WILL 
INTRODUCE BENEFIT CARDS ACROSS THE COUNTRY.  WE WILL ESTABLISH A BENEFIT FRAUD 
INSPECTORATE TO MONITOR LOCAL AUTHORITIES' PERFORMANCE.  WE WILL ALSO IMPROVE 
THE SHARING OF INFORMATION BETWEEN GOVERNMENT DEPARTMENTS TO CATCH MORE 
FRAUDULENT CLAIMS.

TO ENSURE AS MUCH OF THE SOCIAL SECURITY BUDGET AS POSSIBLE GOES INTO BENEFITS, 
WE WILL CONTINUE TO IMPROVE THE EFFICIENCY OF ADMINISTRATION, USING THE BEST MIX 
OF PUBLIC AND PRIVATE SECTOR OPERATIONS.

HOUSING
OWNING ONE'S OWN HOME IS AN AIM SHARED BY MILLIONS OF PEOPLE.  OVER THE LAST 18 
YEARS, THE NUMBER OF HOMEOWNERS HAS INCREASED BY 4.7 MILLION - INCLUDING 1.7 
MILLION WHO HAVE BROUGHT THEIR HOME UNDER THE RIGHT TO BUY SCHEME.  OVER THE 
NEXT 10 YEARS, WE EXPECT TO SEE ABOUT ONE AND A HALF MILLION PEOPLE BUYING THEIR 
OWN HOMES - SOME 3,000 EVERY WEEK.  TO MEET THAT DEMAND, WE WILL CONTINUE TO 
ALLOW LOCAL AUTHORITY AND HOUSING ASSOCIATION TENANTS TO BUY THEIR HOMES OR MOVE 
TO HOUSES WHICH THEY BUY. 

	WE WILL ALSO CARRY THROUGH OUR DRAFT BILL, CREATING THE OPTION FOR THOSE 
BUYING FLATS TO CHOOSE A NEW FORM OF COMMONHOLD OWNERSHIP.

FOR THOSE WHO WISH TO RENT THEIR HOME, WE ARE ENCOURAGING A THRIVING PRIVATE 
RENTAL MARKET, BUILDING ON THE SUCCESS OF HOUSING INVESTMENT TRUSTS AND 
PROTECTING ASSURED TENANCIES.  

EASIER RENTING WILL HELP US MEET OUR TARGET OF REDUCING THE PROPORTION OF EMPTY 
HOMES BELOW 3%.  THE NUMBER OF EMPTY HOUSES HAS FALLEN IN EACH OF THE LAST 3 
YEARS.  BUT NOTHING IS MORE FRUSTRATING FOR PEOPLE WHO NEED SOCIAL HOUSING THAN 
THE SIGHT OF A SUITABLE PROPERTY OWNED BY THE PUBLIC SECTOR LYING BOARDED UP AND 
EMPTY.  WE WILL STOP THAT.

	PUBLIC LANDLORDS WILL HAVE TO SELL HOUSES WHICH ARE AVAILABLE FOR 
OCCUPATION YET HAVE BEEN LEFT EMPTY WITHOUT A GOOD REASON FOR MORE THAN 12 
MONTHS.  

HOUSING ASSOCIATIONS AND HOUSING COMPANIES WILL CONTINUE TO RECEIVE HELP IN 
BUILDING NEW HOMES, AND WE WILL ENCOURAGE MORE PUBLIC - PRIVATE PARTNERSHIPS.  
TOGETHER, THESE POLICIES WILL HELP MEET THE DEMAND FOR NEW PUBLIC HOUSING AND 
MAKE SURE THAT THERE ARE DECENT HOMES FOR THOSE IN NEED.

OPPORTUNITIES FOR WOMEN
WOMEN ARE SUCCEEDING IN BRITAIN.  MORE WOMEN HAVE JOBS IN BRITAIN THAN IN ALMOST 
ANY OTHER EUROPEAN COUNTRY. WOMEN HAVE A BETTER EDUCATION, MORE FINANCIAL 
INDEPENDENCE AND MORE OPPORTUNITIES THAN AT ANY OTHER TIME IN BRITAIN'S HISTORY. 

THIS SUCCESS REFLECTS THE EFFORTS AND DETERMINATION OF MANY WOMEN. GOVERNMENT'S 
ROLE HAS BEEN SIMPLER - TO LEVEL UP THE PLAYING FIELD, WHETHER IN EDUCATION, 
WHERE GIRLS ARE NOW DOING BETTER THAN BOYS, OR IN THE WORKPLACE, WHERE 
OPPORTUNITIES FOR WOMEN ARE THE BEST IN EUROPE. 

BUT WE KNOW OUR JOB IS NOT YET DONE. SOME WOMEN STILL FACE BARRIERS TO DOING 
WELL. SOME STILL DO NOT HAVE THE FINANCIAL SECURITY THEY DESERVE. AND CRIME, AND 
THE FEAR OF CRIME, OFTEN AFFECT WOMEN MORE THAN MEN.

WE WILL ENSURE WOMEN HAVE EQUAL OPPORTUNITIES IN EDUCATION AND THE WORKPLACE. 
THIS CAN BEST BE ACHIEVED BY KEEPING OUR ECONOMY BUOYANT AND OUR LABOUR MARKETS 
FLEXIBLE. AND OUR PROPOSALS TO BRING CRIME RATES DOWN FURTHER WILL HELP WOMEN 
ESPECIALLY.

BUT MANY WOMEN - AND SOME MEN  - FACE A PARTICULAR PROBLEM: HOW TO JUGGLE JOB 
AND FAMILY.  FOR THOSE WHO NEED OR WANT TO WORK, WE WILL SEEK FURTHER WAYS TO 
MINIMISE THE BARRIERS TO AFFORDABLE, HIGH QUALITY CHILDCARE. FOR THOSE WHO WISH 
TO BE FULL-TIME PARENTS, OUR PROPOSALS TO ENABLE THEM TO TRANSFER THEIR UNUSED 
PERSONAL ALLOWANCE TO THEIR SPOUSE WILL BE WORTH UP TO AN EXTRA (POUND)17.50 A 
WEEK.
 
WE ALSO WANT TO GIVE WOMEN MORE FINANCIAL INDEPENDENCE, PARTICULARLY WHEN THEY 
RETIRE. WE PROPOSE, AS EXPLAINED ELSEWHERE, TO IMPROVE FLEXIBILITY IN SAVING FOR 
RETIREMENT AND TO ALLOW COURTS TO SPLIT PENSIONS ON DIVORCE.
   
LOOKING OUTWARDS
THE SPREAD OF SHARE OWNERSHIP, THE TRANSFORMATION OF PENSION PROVISION, AND THE 
SALE OF COUNCIL HOUSES ARE REVOLUTIONISING OUR NATION.  PERSONAL PROSPERITY AND 
PROPERTY OWNERSHIP ARE NOT SELFISH OR INWARD-LOOKING.  

PEOPLE WHO ARE SECURE AT HOME CAN LOOK OUT FOR OTHERS IN THEIR COMMUNITY. OVER 
TWO THIRDS OF ADULTS ENGAGE IN SOME FORM OF VOLUNTARY ACTIVITY.  BY THE END OF 
1997 ALL YOUNG PEOPLE AGED BETWEEN 15 AND 25 WHO WANT TO VOLUNTEER WILL BE 
HELPED TO FIND AN OPPORTUNITY TO DO SO.

WE WILL ENCOURAGE VOLUNTARY WORK BY OTHERS LIVING ON BENEFIT WHILE CONTINUING TO 
INSIST THAT THOSE WHO ARE CAPABLE OF WORK SHOULD ACTIVELY SEEK EMPLOYMENT. WE 
WILL ALSO DEVELOP ACCREDITATION FOR VOLUNTARY WORK TO ENCOURAGE EMPLOYERS TO SEE 
IT AS PREPARATION FOR A PAID JOB.

WE WILL MAKE IT EASIER FOR THOSE RECEIVING INCAPACITY BENEFIT TO VOLUNTEER BY 
REMOVING THE 16 HOUR WEEKLY LIMIT ON THEIR VOLUNTARY WORK.  

IT IS WRONG TO IMAGINE THAT COMPASSION MUST BE NATIONALISED AND THAT WE CAN ONLY 
HELP OUR FELLOW MAN THROUGH STATE ACTION. 

4.  EDUCATION AND OPPORTUNITY

ALL CHILDREN DREAM OF WHAT THEY MIGHT DO WHEN THEY GROW UP.  OUR TASK IS TO HELP 
THEM TURN THOSE DREAMS INTO REALITY WHATEVER THEIR BACKGROUND MAY BE.  IT IS AN 
EXCITING WORLD, FULL OF NEW OPPORTUNITIES FOR INQUIRING MINDS:  IT SHOULD BE 
OPEN TO EVERY CHILD.  THEIR FUTURE - AND BRITAIN'S PROSPERITY - DEPENDS ON THE 
QUALITY OF THEIR EDUCATION.

OUR EDUCATION GUARANTEE
A GOOD EDUCATION IS THE BIRTHRIGHT OF EVERY CHILD.  LITERACY IS THE BUILDING 
BLOCK OF ALL FUTURE LEARNING: ENGLISH IS THE GLOBAL LANGUAGE OF COMMERCE AND, 
MUCH MORE, A THING OF BEAUTY.  WITHOUT BASIC SCIENCE AND MATHEMATICS, THE MODERN 
WORLD IS INCOMPREHENSIBLE.  EVERY CHILD THEREFORE MUST BE TAUGHT TO READ, WRITE 
AND ADD UP FROM AN EARLY AGE.  

YEARS OF MISTAKEN, PROGRESSIVE EDUCATION IN THE 1960S AND 1970S DENIED THESE 
PRECIOUS SKILLS TO TOO MANY CHILDREN.  WE HAVE WORKED CEASELESSLY SINCE 1979 TO 
PUT THAT RIGHT.  OUR DECISION TO TEST CHILDREN AND PUBLISH THE RESULTS HAS 
ALLOWED STANDARDS TO BE MEASURED AND EXPOSED.  WE HAVE REFORMED THE CURRICULUM, 
TOUGHENED INSPECTIONS, AND GIVEN MORE INFORMATION AND POWER TO PARENTS.  OUR 
MANY EXCELLENT TEACHERS NOW KNOW WHAT IS EXPECTED OF THEM, AND ALREADY STANDARDS 
IN SCHOOLS ARE RISING.  BUT THEY ARE STILL NOT GOOD ENOUGH.  WE MUST DO MORE.  

BUILDING ON WHAT WE HAVE DONE, WE CAN NOW OFFER A NEW PLEDGE TO PARENTS - A 
GUARANTEE OF EDUCATION STANDARDS. 

*	FIRST, WE WILL SET NATIONAL TARGETS FOR SCHOOL PERFORMANCE THAT REFLECT 
OUR OBJECTIVE OF ENSURING THAT BRITAIN IS IN THE TOP LEAGUE OF INTERNATIONAL 
STANDARDS ACROSS THE WHOLE SPECTRUM OF EDUCATION.

*	SECOND, WE WILL REQUIRE EVERY SCHOOL TO PLAN HOW TO IMPROVE ITS 
PERFORMANCE, AND TO SET TARGETS WHICH RELATE TO SIMILAR SCHOOLS AND NATIONAL 
STANDARDS.  

*	THIRD, WE WILL GIVE ALL PARENTS FULL INFORMATION ON THE PERFORMANCE OF 
THEIR CHILD'S SCHOOL.

*	FOURTH, TO UNDERWRITE OUR PLEDGE, WE WILL ENSURE ACTION IS TAKEN TO BRING 
ANY UNDER-PERFORMING SCHOOL UP TO THE MARK.

WE WILL MEET THIS PLEDGE BY USING THE FULL SET OF LEVERS FOR IMPROVED STANDARDS 
THAT WE HAVE PUT IN PLACE.  

WE ARE REVISING AND SIMPLIFYING THE NATIONAL CURRICULUM IN PRIMARY SCHOOLS TO 
EMPHASISE HIGH STANDARDS IN THE BASIC SKILLS.

PARENTS AND TEACHERS MUST HAVE AN OVERVIEW OF NOT JUST HOW MUCH A CHILD HAS 
LEARNT WHILE AT SCHOOL, BUT HOW THE SCHOOL PERFORMS AGAINST OTHERS.  POOR 
SCHOOLING MUST NOT BE PROTECTED BY A VEIL OF SECRECY.  PARENT POWER IS A VITAL 
FORCE FOR HIGHER STANDARDS.

REGULAR TESTS AND EXAMS ARE ESSENTIAL IF TEACHERS ARE TO DISCOVER HOW MUCH THEIR 
PUPILS HAVE LEARNT, AND PARENTS ARE TO KNOW HOW MUCH PROGRESS THEIR CHILDREN ARE 
MAKING AGAINST NATIONAL STANDARDS.  THAT IS WHY CHILDREN ARE ALREADY BEING 
TESTED AT 7, 11 AND 14.
*	WE WILL PUBLISH ALL SCHOOL TEST RESULTS, INCLUDING THE RESULTS OF TESTS OF 
7 AND 14 YEAR OLDS.

*	WE PROPOSE ALSO TO ASSESS EVERY CHILD AT FIVE.

THIS WILL GIVE TEACHERS AND PARENTS A BENCHMARK AGAINST WHICH THEY CAN MEASURE 
FUTURE PROGRESS.  TO GIVE A BETTER MEASURE OF PUPILS PERFORMANCE, MARKS OUT OF 
100 WILL BE MADE AVAILABLE TO PARENTS AS WELL AS THE BROAD-BRUSH LEVELS.

*	WE WILL ALSO INTRODUCE A NEW TEST FOR 14 YEAR OLD CHILDREN THAT COVERS THE 
WHOLE NATIONAL CURRICULUM - ASSESSING PROGRESS BEFORE THEY CHOOSE SUBJECTS FOR 
GCSE.

TESTS AND EXAMS NEED TO BE RIGOROUS AND DEMANDING.  WE WILL INSIST THAT THEY 
ESTABLISH CHILDREN'S COMMAND OF SPELLING, PUNCTUATION, AND GRAMMAR IN ENGLISH 
TESTS.  CHILDREN WILL SIT ARITHMETIC TESTS WITHOUT CALCULATORS.  WE WILL NOT 
ALLOW SUCH EXTENSIVE USE OF OPEN BOOKS IN TESTS AND IN GCSE EXAMS.  WE WILL 
ESTABLISH AN ENGLISH LANGUAGE GCSE.  WE WILL CONTINUE TO UPHOLD THE GOLD 
STANDARD OF A-LEVELS, AND ENSURE THAT THE GREAT CLASSICS OF OUR LITERATURE ARE 
STUDIED AT A-LEVEL.  AT THE SAME TIME STUDENTS SHOULD HAVE THE CHANCE TO STUDY 
MORE SUBJECTS IN THE SIXTH FORM.

RIGOROUS TESTS SHOW HOW INDIVIDUAL CHILDREN AND SCHOOLS ARE PERFORMING AND 
EXPOSE SCHOOLS THAT ARE NOT GIVING CHILDREN THE EDUCATION THEY DESERVE.  TO 
UNDERWRITE OUR GUARANTEE, WE WILL THEN TAKE ACTION TO IMPROVE STANDARDS.  WE 
CANNOT TOLERATE SCHOOLS THAT FAIL THEIR PUPILS.

BY THIS SUMMER EVERY SECONDARY SCHOOL IN THE COUNTRY WILL HAVE BEEN INSPECTED BY 
INDEPENDENT INSPECTORS, AND BY SUMMER 1998, EVERY PRIMARY SCHOOL WILL HAVE BEEN 
INSPECTED AS WELL.  WE HAVE THE POWER TO TAKE OVER FAILING SCHOOLS DIRECTLY AND 
CLOSE THEM IF NECESSARY.  WE WILL NOW GO FURTHER AND REQUIRE EVERY SCHOOL TO SET 
AND PUBLISH REGULAR TARGETS AND PLANS FOR IMPROVING THEIR ACADEMIC RESULTS.  
INDEPENDENT INSPECTORS WILL MONITOR THE RESULTS OF WEAKER SCHOOLS AND THEIR 
PLANS FOR IMPROVEMENT AT REGULAR INTERVALS.  

SOMETIMES, THOUGH, SCHOOLS ARE FAILING BECAUSE THE LOCAL EDUCATION AUTHORITY 
WHICH RUNS THEM IS FAILING.  THE AUTHORITIES WITH THE WORST GCSE RESULTS AND THE 
WORST RESULTS AT KEY STAGE 2 (11 YEAR OLDS) ARE RUN BY LABOUR.  THOSE CHILDREN 
NEED OUR HELP.

*	WE WILL ALLOW FOR AN INDEPENDENT INSPECTION OF EDUCATION AUTHORITIES AND 
INTERVENE DIRECTLY TO RAISE STANDARDS WHERE EDUCATION AUTHORITIES ARE LETTING 
CHILDREN DOWN.

FAILING AUTHORITIES WILL BE REQUIRED TO SET OUT THEIR PLANS TO RAISE STANDARDS, 
AND WORK WITH EDUCATION TEAMS - DIRECTED BY INDEPENDENT INSPECTORS - TO 
IMPLEMENT THOSE PLANS.

THE VAST MAJORITY OF TEACHERS DO AN OUTSTANDING JOB.  THEY HAVE PLAYED A KEY 
PART IN IMPLEMENTING THE REFORMS THAT WE HAVE INTRODUCED.  A FEW THOUGH, FAIL 
THEIR PUPILS.  

*	WE WILL ESTABLISH A MORE RIGOROUS AND EFFECTIVE SYSTEM OF APPRAISING 
TEACHERS, WHICH REFLECTS HOW WELL THEIR PUPILS PERFORM IN TESTS AND EXAMS: THIS 
WILL IDENTIFY WHICH TEACHERS NEED MORE HELP AND, WHERE NECESSARY, WHICH TEACHERS 
NEED TO BE REPLACED.

MANY FEEL THAT THE PROFESSIONAL STANDING OF TEACHERS WOULD BE STRENGTHENED BY 
THE CREATION OF A SINGLE BODY WHICH COULD SPEAK WITH AUTHORITY ON PROFESSIONAL 
STANDARDS.  WE WILL CONSULT WITH TEACHERS AND OTHER INTERESTED PARTIES ABOUT THE 
POSSIBLE ROLE OF SUCH A BODY.

THE SCHOOL SHOULD BE A PLACE OF STABILITY AND STIMULATION FOR CHILDREN, 
ESPECIALLY IF THEY COME FROM A HOSTILE OR TURBULENT ENVIRONMENT.  TO IMPROVE 
STANDARDS IN FUTURE OUR NEW TEACHER TRAINING CURRICULUM WILL STRESS TRADITIONAL 
TEACHING METHODS - INCLUDING WHOLE CLASS TEACHING AND LEARNING TO READ BY THE 
SOUNDS OF LETTERS.  WE WILL ALSO ENCOURAGE MORE TEACHERS TO ENTER THE PROFESSION 
THROUGH PRACTICAL TRAINING SCHEMES FOCUSED ON CLASSROOM EXPERIENCE SUCH AS THE 
GRADUATE TEACHER SCHEME.  A CHILD IS LIKELY TO LEARN MORE IN A WELL-ORDERED 
SCHOOL.  TEACHERS MUST HAVE THE POWERS THEY NEED TO MAINTAIN DISCIPLINE.  WE 
WILL GIVE TEACHERS GREATER POWER TO SET DETENTIONS TO EXCLUDE DISRUPTIVE PUPILS 
AND TO USE REASONABLE PHYSICAL RESTRAINT WHERE NECESSARY.   

SCHOOLS ALSO HAVE AN IMPORTANT ROLE TO PLAY IN SPIRITUAL AND MORAL EDUCATION.  
WE WILL TAKE STEPS TO ENSURE THAT EVERY SCHOOL FULFILS ITS ROLE OF PROVIDING 
RELIGIOUS EDUCATION AND COLLECTIVE WORSHIP.

CHOICE AND DIVERSITY
WHEN WE CAME TO POWER IN 1979 THE SCHOOLS SYSTEM WAS TOTALLY DOMINATED BY ONE 
TYPE OF SCHOOL - THE MONOLITHIC COMPREHENSIVE.  THE SYSTEM FAILED OUR CHILDREN.  
IT TREATED EVERY CHILD THE SAME.  IT TOLD PARENTS WHERE TO SEND THEIR CHILDREN.  
IT DID NOT GIVE SCHOOLS THE FREEDOM TO RUN THEIR OWN AFFAIRS.

SINCE 1979 WE HAVE CREATED A RICH DIVERSITY OF SCHOOLS, TO SERVE THE VARIED 
TALENTS OF ALL CHILDREN AND GIVE PARENTS CHOICE WITHIN THAT DIVERSITY, BECAUSE 
WE BELIEVE THAT PARENTS KNOW WHAT IS BEST FOR THEIR CHILDREN.

THAT IS WHY WE - AND ONLY WE - ARE COMMITTED TO GIVING THE PARENT OF EVERY FOUR 
YEAR OLD CHILD A VOUCHER FOR NURSERY EDUCATION SO THEY CAN CHOOSE THE PRE-SCHOOL 
EDUCATION THEY WANT FOR THEIR CHILD, WHETHER IN A PLAY-GROUP, A RECEPTION CLASS, 
OR A NURSERY SCHOOL IN THE PRIVATE OR STATE SECTOR.  

WE WILL GIVE MORE TALENTED CHILDREN, FROM LESS WELL-OFF BACKGROUNDS, THE 
OPPORTUNITY TO GO TO FEE-PAYING SCHOOLS BY EXPANDING THE ASSISTED PLACES SCHEME 
TO COVER ALL AGES OF COMPULSORY EDUCATION, IN LINE WITH OUR CURRENT SPENDING 
PLANS.  WE PROPOSE TO DEVELOP IT FURTHER INTO A WIDER SCHOLARSHIP SCHEME 
COVERING ADDITIONAL EDUCATIONAL OPPORTUNITIES.  THE FREEDOMS AND STATUS OF FEE-
PAYING SCHOOLS WILL BE PROTECTED.

GRANT-MAINTAINED SCHOOLS HAVE BEEN POPULAR WITH PARENTS ACROSS THE COUNTRY - 
WHATEVER THEIR POLITICS.  WE WILL ENCOURAGE MORE SCHOOLS TO BECOME GRANT- 
MAINTAINED AND WILL ALLOW NEW GRANT-MAINTAINED SCHOOLS TO BE SET UP WHERE THERE 
IS SUFFICIENT LOCAL DEMAND.  WE WILL GIVE ALL GRANT-MAINTAINED SCHOOLS GREATER 
FREEDOMS TO EXPAND AND TO SELECT THEIR PUPILS.
  
GRANT-MAINTAINED SCHOOLS ARE LEADING THE WAY.  LOCAL AUTHORITY SCHOOLS ARE ALSO 
BENEFITTING FROM OUR POLICY OF LOCAL MANAGEMENT OF SCHOOLS.  OUR ULTIMATE 
OBJECTIVE IS THAT ALL SCHOOLS SHOULD TAKE FULL RESPONSIBILITY FOR THE MANAGEMENT 
OF THEIR OWN AFFAIRS.  IN THE NEXT PARLIAMENT WE WILL TAKE ANOTHER STEP TOWARDS 
GIVING THEM THAT FREEDOM.

*	WE WILL EXTEND THE BENEFITS OF GREATER SELF-GOVERNANCE TO ALL LEA SCHOOLS.  
WE WILL REQUIRE LOCAL AUTHORITIES TO DELEGATE MORE OF SCHOOLS' BUDGETS TO THE 
SCHOOLS THEMSELVES.  WE WILL GIVE THEM MORE FREEDOM OVER THE EMPLOYMENT OF THEIR 
STAFF AND OVER ADMISSIONS.  AND, WHERE THEY WANT IT, WE WILL ALLOW THEM TO TAKE 
OVER OWNERSHIP OF THEIR ASSETS, SO THEY CAN MAKE BEST USE OF THE RESOURCES.

LOCAL AUTHORITIES WILL CONTINUE TO BE RESPONSIBLE FOR THEIR SCHOOLS' STANDARDS. 
THEY WILL PROVIDE FUNDS, AND COMPETE WITH OTHER ORGANISATIONS TO PROVIDE 
SERVICES TO SCHOOLS. WE WOULD EXPECT THE INCREASED RESPONSIBILITY OF HEAD-
TEACHERS, AND THEIR ROLE IN ACHIEVING EFFICIENCY-SAVINGS, TO BE RECOGNISED BY 
THEIR PAY REVIEW BODY.

SCHOOLS ARE STRONGER AND MORE EFFECTIVE WHERE HEAD-TEACHERS AND GOVERNORS CAN 
SHAPE THEIR OWN DISTINCTIVE CHARACTER.  SOMETIMES THAT MEANS DEVELOPING A 
SPECIALITY IN SOME SUBJECTS.  SOMETIMES IT MEANS SELECTING CHILDREN BY THEIR 
APTITUDES: WHERE PARENTS WANT THIS WE SHOULD NOT STAND IN THEIR WAY.  SPECIAL 
ABILITIES SHOULD BE RECOGNISED AND ENCOURAGED.

*		WE WILL CONTINUE TO ENCOURAGE THE ESTABLISHMENT OF MORE SPECIALIST 
SCHOOLS IN TECHNOLOGY, ARTS, LANGUAGES AND SPORT.  WE AIM TO HELP ONE IN FIVE 
SCHOOLS BECOME SPECIALIST SCHOOLS BY 2001.

*	WE WILL ALLOW ALL SCHOOLS TO SELECT SOME OF THEIR PUPILS.

*	WE WILL HELP SCHOOLS TO BECOME GRAMMAR SCHOOLS IN EVERY MAJOR TOWN WHERE 
PARENTS WANT THAT CHOICE.

THE HIGH STANDARDS, REAL CHOICE AND GENUINE DIVERSITY WHICH WE HAVE INTRODUCED 
WILL PRODUCE THE BEST RESULTS FOR ALL OUR CHILDREN.

LIFETIME LEARNING
LIFETIME LEARNING IS A REALITY IN BRITAIN TODAY.  OVER A HALF OF ALL STUDENTS IN 
UNIVERSITIES, AND SEVENTY PER CENT OF THOSE IN FURTHER EDUCATION COLLEGES, ARE 
ADULTS WHO HAVE RETURNED TO EDUCATION LATER IN LIFE.  WE WILL CONTINUE TO CREATE 
NEW OPPORTUNITIES FOR MORE PEOPLE TO PARTICIPATE.

THERE HAS BEEN A REVOLUTION IN FURTHER AND HIGHER EDUCATION.  THREE AND A HALF 
MILLION PEOPLE ARE IN FURTHER EDUCATION - UP FROM JUST HALF A MILLION IN 1979.  
THE NUMBER OF YOUNG PEOPLE GOING TO UNIVERSITY HAS RISEN FROM ONE IN EIGHT TO 
ONE IN THREE OVER THE SAME PERIOD.

WE WILL ENSURE CONSISTENTLY HIGH STANDARDS AND WILL CONSULT ON THE DEVELOPMENT 
OF HIGHER EDUCATION WHEN WE RECEIVE THE RESULTS OF THE DEARING REVIEW.  WE HAVE 
WORLD CLASS RESEARCH IN BRITISH UNIVERSITIES WHICH WE WILL CONTINUE TO SUPPORT.

EVERY YOUNG PERSON SHOULD HAVE THE OPPORTUNITY TO CONTINUE IN EDUCATION OR 
TRAINING.

*	WE WILL GIVE STUDENTS BETWEEN 14 AND 21 A LEARNING CREDIT WHICH WILL 
ENABLE THEM TO CHOOSE SUITABLE EDUCATION OR TRAINING LEADING TO RECOGNISED 
QUALIFICATIONS UP TO A LEVELS OR THEIR EQUIVALENTS.

WE WILL ALSO INTRODUCE NATIONAL TRAINEESHIPS AND ENCOURAGE EMPLOYERS TO OFFER 
MORE WORK-BASED MODERN APPRENTICESHIPS TO YOUNG PEOPLE.  OBJECTIVE EXTERNAL 
ASSESSMENTS OF A PROPER SYLLABUS WILL BE MADE A PART OF ALL NATIONAL VOCATIONAL 
QUALIFICATIONS.

WE WILL CONTINUE TO SUPPORT THE NETWORK OF TRAINING AND ENTERPRISE COUNCILS, 
WHICH HAVE CREATED A VALUABLE PARTNERSHIP BETWEEN BUSINESS AND GOVERNMENT.  WE 
WILL ENCOURAGE MORE EMPLOYERS TO BECOME INVOLVED IN ""INVESTORS IN PEOPLE"", WITH 
THE PUBLIC SECTOR MATCHING THE PERFORMANCE OF THE PRIVATE SECTOR.

COMPETITIVE MARKETS DEMAND HIGH SKILLS.  IF BRITAIN IS TO WIN, WE NEED TO 
ENCOURAGE LEARNING AND GIVE PEOPLE THE OPPORTUNITY TO GO WHERE THEIR INTERESTS 
AND INQUIRING MINDS TAKE THEM.


	WORLD CLASS HEALTH AND PUBLIC SERVICES


OUR RECORD - HEALTH AND PUBLIC SERVICES

*	GOVERNMENT SPENDING HAS CONCENTRATED ON PRIORITIES, NOT WASTEFUL 
BUREAUCRACY AND OVERMANNING.  DESPITE TOUGH OVERALL SPENDING PLANS, REAL 
SPENDING ON THE NHS HAS RISEN NEARLY 75% SINCE 1979, ON SCHOOLS BY 50% AND ON 
THE POLICE BY MORE THAN 100%.

* 	THE HEALTH SERVICE IS TREATING OVER L MILLION MORE PATIENTS EACH YEAR THAN 
BEFORE OUR REFORMS.

* 	THE NUMBER OF PEOPLE WAITING OVER 12 MONTHS FOR HOSPITAL TREATMENT HAS 
FALLEN FROM OVER 200,000 IN 1990 TO 22,000 LAST YEAR. THE AVERAGE WAIT HAS 
FALLEN FROM NEARLY 9 MONTHS  TO 4 MONTHS. 

*	THE GOVERNMENT HAS SET UP THE CITIZEN'S CHARTER TO PROVIDE FIRST CLASS 
PUBLIC SERVICES FOR ALL CITIZENS. NEARLY 650 ORGANISATIONS HAVE RECEIVED A 
CHARTER MARK FOR MEETING DEMANDING STANDARDS OF PERFORMANCE, CUSTOMER 
SATISFACTION AND VALUE FOR MONEY.

* 	THERE ARE NOW 55,000 MORE NURSES AND MIDWIVES AND 22,500 MORE DOCTORS AND 
DENTISTS THAN IN 1979.  FOR EVERY SENIOR NHS MANAGER, 77 PEOPLE ARE PROVIDING 
DIRECT PATIENT CARE.

*	NURSES AVERAGE EARNINGS HAVE GROWN 70% IN REAL TERMS:  FROM (POUND)68 A 
WEEK IN 1979 TO (POUND)325 IN 1995.  DOCTOR'S PAY HAS RISEN BY A THIRD.  UNDER 
LABOUR BOTH WERE CUT.

* 	INFANT MORTALITY HAS FALLEN FROM 13.2 TO 6.2 PER THOUSAND OVER THE LAST 18 
YEARS.

* 	DEATHS THROUGH ROAD ACCIDENTS ARE NOW THE LOWEST SINCE RECORDS BEGAN IN 
1926.  SINCE 1979 ROAD DEATHS HAVE FALLEN BY 43% AND SERIOUS CASUALTIES HAVE 
FALLEN BY 43% DESPITE AN 85% INCREASE IN MOTOR TRAFFIC.

* 	THE GOVERNMENT HAS INVESTED RECORD AMOUNTS ON TRANSPORT - MORE THAN 
(POUND)26 BILLION SINCE 1979 IN INVESTMENT ON MOTORWAYS AND TRUNK ROADS;  
(POUND)16 BILLION ON RAILWAYS;  AND OVER (POUND)8 BILLION ON LONDON TRANSPORT.

*	PRIVATISATION IS DELIVERING BETTER SERVICES AT LOWER COSTS.  BT'S MAIN 
PRICES ARE DOWN BY MORE THAN 40% IN REAL TERMS.  AVERAGE HOUSEHOLD BILLS FOR   
GAS AND ELECTRICITY HAVE ALSO FALLEN IN REAL TERMS SINCE 1990.


5.	SECURITY IN HEALTH

WE HAVE BEEN THE GUARDIANS OF THE NHS FOR MOST OF ITS LIFE, IMPROVING ITS 
SERVICES AND SECURING ITS FUNDING.  THE BENEFITS CAN BE SEEN IN OUR RISING 
STANDARDS OF HEALTH.  1993 WAS FOR EXAMPLE THE FIRST YEAR IN WHICH NO CHILD IN 
THIS COUNTRY DIED OF MEASLES.  BETWEEN 1979 AND 1995 LIFE EXPECTANCY AT BIRTH IN 
ENGLAND HAS INCREASED FROM 70.4 YEARS TO 74.3 YEARS FOR MEN AND FROM 76.4 YEARS 
TO 79.6 YEARS FOR WOMEN.  WE ARE GETTING HEALTHIER AND WE ARE BETTER LOOKED 
AFTER WHEN WE ARE SICK.  

GROWING RESOURCES FOR A MODERN HEALTH SERVICE
THIS PROGRESS HAS BEEN POSSIBLE BECAUSE WE HAVE INCREASED SPENDING SINCE 1979 BY 
70% MORE THAN INFLATION, TO NEARLY (POUND)43 BILLION.  AND WE ARE NOT STOPPING 
THERE.  THE NEXT CONSERVATIVE GOVERNMENT WILL HONOUR A UNIQUE GUARANTEE TO THE 
NHS.

*	WE WILL CONTINUE, YEAR BY YEAR, TO INCREASE THE REAL RESOURCES COMMITTED 
TO THE NHS, SO NHS SPENDING WILL CONTINUE TO SHARE IN A GROWING ECONOMY.

UNDER LABOUR THERE HAVE BEEN YEARS WHEN RESOURCES FOR THE NHS ACTUALLY SHRANK - 
SOMETHING THAT WOULD BE INCONCEIVABLE WITH THE CONSERVATIVES.  

MONEY IS ONLY REALLY A MEANS TO AN END:  BETTER PATIENT CARE.  NOW WE ARE 
TREATING 9.2 MILLION HOSPITAL IN-PATIENTS AND DAY CASES AS AGAINST 6.9 MILLION 
IN 1992 AND 5.1 MILLION IN 1979.  

INVESTING IN SKILLED STAFF
WE ARE COMMITTED TO EXPANDING THE MEDICAL STAFF OF THE NHS.  WE SHALL THEREFORE 
INCREASE MEDICAL SCHOOL INTAKES TO 5,000 A YEAR BY THE YEAR 2000 AND ARE AHEAD 
OF SCHEDULE IN REACHING THE TARGET.  

GOOD NURSING IS THE BEDROCK OF THE NHS.  IN PARTICULAR WE WILL INCREASE THE 
NUMBER OF NURSES WITH SPECIALIST QUALIFICATIONS IN PAEDIATRIC INTENSIVE CARE, 
EMERGENCY CARE, AND CANCER CARE.  THE NUMBER OF NURSES QUALIFYING EACH YEAR WILL 
INCREASE IN EACH OF THE NEXT 5 YEARS AS WE CONTINUE TO EXPAND PROJECT 2000 
TRAINING.

HIGHER STANDARDS OF SERVICE
WE ARE TACKLING THE PROBLEM OF LONG WAITING TIMES WHICH CAN CAUSE SO MUCH WORRY, 
DISTRESS, AND PAIN.  WE HAVE SET TOUGH TARGETS UNDER THE PATIENTS CHARTER AND AS 
A RESULT AVERAGE WAITING TIMES FOR INPATIENT HOSPITAL TREATMENTS HAVE FALLEN 
FROM MORE THAN 6 MONTHS 5 YEARS AGO TO 4 MONTHS LAST YEAR.

PATIENTS NO LONGER PUT UP WITH BEING KEPT IN IGNORANCE.  THEY WANT TO KNOW MORE.  

*	WE WILL PUBLISH MORE INFORMATION ON HOW SUCCESSFULLY HOSPITALS ARE 
TREATING PATIENTS SO THAT THEY AND THEIR GPS CAN MAKE MORE INFORMED CHOICES 
BETWEEN SERVICES IN DIFFERENT HOSPITALS AND HELP STIMULATE BETTER PERFORMANCE.

BETTER PRIMARY CARE
OUR VISION OF THE NHS IS ONE IN WHICH HOSPITALS AND FAMILY DOCTORS GAIN GREATER 
POWER TO RUN THEIR OWN AFFAIRS.  THAT IS WHY WE WILL CONTINUE TO ENCOURAGE THE 
SPREAD OF FUNDHOLDING AMONG GPS.  LABOUR BY CONTRAST WOULD DESTROY THE NEW 
FREEDOMS THAT FUNDHOLDING DOCTORS ENJOY BY IMPOSING A NEW LAYER OF BUREAUCRACY 
ON TOP OF THEM.  

HOWEVER, WE DO NOT WANT THE BENEFITS OF BETTER HEALTHCARE TO BE CONFINED TO 
PATIENTS OF GP FUNDHOLDERS.  OUR PROPOSALS TO SHIFT MORE HEALTHCARE TOWARDS 
FAMILY DOCTORS ARE OPEN TO ALL.

*	WE SHALL IMPLEMENT THE NEW PRIMARY CARE ACT WHICH WILL ENABLE ALL FAMILY 
DOCTORS TO PROVIDE A BROADER RANGE OF PATIENT SERVICES WITHIN THEIR SURGERIES.  
THIS WILL INCLUDE ""SUPER SURGERIES"" AND PRACTICE-BASED COTTAGE HOSPITALS THAT 
CAN OFFER FASTER AND MORE LOCAL TREATMENT.

WE EXPECT TO SEE THE NUMBER OF NURSES WORKING IN GP PRACTICES CONTINUE TO GROW, 
AS WILL THE NUMBER OF GPS. 

*	WE WILL EXTEND NATIONWIDE OUR PLANS TO ENABLE MORE NURSES TO PRESCRIBE A 
WIDER RANGE OF DRUGS FOR PATIENTS, RECOGNISING THEIR CONTRIBUTION TO PRIMARY 
CARE.

MENTAL HEALTH
THE LAST DECADE HAS ALSO SEEN MAJOR CHANGES TO THE CARE OF MENTALLY ILL PEOPLE.  
WE WILL CONTINUE TO DEVELOP A FULL RANGE OF SERVICES - INCLUDING 24-HOUR NURSED 
HOSTELS AND SECURE UNITS - THAT CAN CARE FOR THEM IN A WAY WHICH IS MOST 
APPROPRIATE TO THEM AND THE INTERESTS OF THE WIDER COMMUNITY.  

*	WE WILL NOT CLOSE ANY LONG-STAY MENTAL HOSPITALS UNLESS IT CAN BE SHOWN 
THAT ADEQUATE CARE SERVICES EXIST IN THE COMMUNITY.  

WE WILL STRENGTHEN CO-OPERATION BETWEEN HEALTH AND SOCIAL SERVICES IN THE 
DELIVERY OF MENTAL HEALTH SERVICES.  OUR RECENT GREEN PAPER SHOWED HOW THIS CAN 
BE DONE.  AND WE WILL MONITOR THE PROGRESS OF HEALTH AUTHORITIES IN DEVELOPING 
PROPER MENTAL HEALTH CARE PLANS.

HEALTH OF THE NATION
A MODERN HEALTH SERVICE IS NOT JUST ABOUT TREATING ILLNESS, IT IS ALSO ABOUT 
KEEPING PEOPLE HEALTHY.  THIS IS WHY WE LAUNCHED THE HEALTH OF THE NATION 
STRATEGY IN 1992 - THE FIRST TIME ENGLAND HAS HAD A STRATEGY FOR HEALTH.  ITS 
AIM IS TO REDUCE ILLNESS AND PREMATURE DEATH BY IDENTIFYING COMMON CAUSES OF ILL 
HEALTH, LIKE EXCESSIVE SMOKING AND OBESITY.  DIFFERENT GROUPS IN AND OUTSIDE THE 
HEALTH SERVICE THEN WORK TOGETHER TO TACKLE THE PROBLEMS.

WE ARE ALREADY SEEING PROGRESS.  BETWEEN 1990 AND 1994, DEATHS FROM CORONARY 
HEART DISEASE AMONG THE OVER- 65S, THE SUICIDE RATE, AND THE NUMBER OF TEENAGE 
PREGNANCIES FELL SUBSTANTIALLY.  AND LAST YEAR WE ANNOUNCED THAT ENVIRONMENTAL 
TARGETS WOULD BE ADDED TO HEALTH OF THE NATION.

IMPROVED GENERAL HEALTH MEANS FEWER PEOPLE REQUIRING ATTENTION IN HOSPITALS AND 
GP SURGERIES - AND MORE RESOURCES TO BE SPENT ON HELPING PATIENTS.  OUR HEALTH 
OF THE NATION STRATEGY IS A VITAL PART OF OUR VISION OF CREATING A HEALTH 
SERVICE FIT FOR THE 21ST CENTURY.

A MODERN HEALTH SERVICE
HEALTHCARE IS CHANGING FAST.  MODERN TECHNOLOGY IS CONSTANTLY INCREASING THE 
RANGE OF TREATMENTS WHICH ARE AVAILABLE.  CONSERVATIVES BELIEVE THAT THE 
BENEFITS OF THESE ADVANCES SHOULD BE MADE AVAILABLE TO PATIENTS ON THE BASIS OF 
THEIR CLINICAL NEED, WITHOUT REGARD TO THEIR ABILITY TO PAY.

FURTHERMORE WE ALSO BELIEVE THAT THE NHS MUST HAVE ACCESS TO SUFFICIENT 
RESOURCES TO ALLOW IT TO INVEST IN THE FACILITIES REQUIRED TO DELIVER UP- TO- 
DATE HEALTHCARE.  SINCE 1979 CAPITAL INVESTMENT IN THE NHS HAS PROCEEDED AT AN 
UNPRECEDENTED RATE.  IN THE FUTURE WE BELIEVE THESE REQUIREMENTS WILL BE BEST 
MET IN A PARTNERSHIP WITH THE PRIVATE SECTOR WHICH ALLOWS THE PRIVATE SECTOR TO 
IMPROVE THE FACILITIES IN WHICH NHS HEALTHCARE IS DELIVERED.

*	WE WILL PROMOTE THE PRIVATE FINANCE INITIATIVE WHICH WILL UNLEASH A NEW 
FLOW OF INVESTMENT FUNDS INTO THE MODERNISATION OF THE NHS.

THE NHS IS A BRITISH SUCCESS STORY.  IT COMMANDS UNIVERSAL SUPPORT IN BRITAIN.  
IT IS WIDELY ADMIRED ALL OVER THE WORLD.  CONSERVATIVES ARE PROUD OF THE PART WE  
PLAYING IN IMPROVING IT STILL FURTHER.


6.	BETTER PUBLIC SERVICES

THE PUBLIC SECTOR IS BEING TRANSFORMED THE WORLD OVER.  BRITAIN IS IN THE 
VANGUARD.  EVERYONE ELSE WANTS TO LEARN FROM OUR VISION OF A SMALLER STATE DOING 
FEWER THINGS AND DOING THEM BETTER.

OLD STYLE PUBLIC SERVICES WERE CENTRALLY PLANNED WITH LITTLE INFORMATION OR 
CHOICE FOR THE PUBLIC WHO USED THE SERVICE.  OUR REFORMS HAVE MADE THESE 
SERVICES MORE RESPONSIVE TO THE PUBLIC BY BREAKING UP CUMBERSOME BUREAUCRATIC 
STRUCTURES AND SHIFTING POWER TO SMALL RESPONSIVE LOCAL INSTITUTIONS AND THE 
PEOPLE WHO WORK IN THEM.  THE SCHOOLS, HOSPITALS AND POLICE HAVE ALL BEEN 
TRANSFORMED IN THIS WAY.  WE SUPPORT THE PEOPLE WHO DO, NOT THE PEOPLE WHO PLAN.

IN ORDER TO GET BETTER STANDARDS WE ARE LIBERATING SERVICES FROM CENTRALISED 
CONTROL OVER CAPITAL.  WE WILL PUSH FORWARD OUR PRIVATE FINANCE INITIATIVE TO 
BREAK DOWN THESE OLD BARRIERS.

WE HAVE MADE PUBLIC SERVICES GENUINELY ACCOUNTABLE, WITH USEFUL INFORMATION AND 
REAL CHOICES FOR THE PEOPLE WHO USE THEM.  WE SET TOUGH STANDARDS AND THEY WILL 
GET TOUGHER.  THE CITIZEN'S CHARTER HAS RAISED STANDARDS OF CUSTOMER SERVICE.  
WHEN THESE HIGH STANDARDS ARE REACHED WE RECOGNISE AND REWARD EXCELLENCE THROUGH 
OUR CHARTER MARK INITIATIVE.  THERE ARE NOW 647 CHARTERMARKS AND WE WILL AIM FOR 
MORE THAN 2000 CHARTERMARKS BY THE YEAR 2000.

*	WE WILL REQUIRE ALL GOVERNMENT AGENCIES TO APPLY FOR CHARTERMARKS. 

THE DAYS OF THE BUREAUCRATIC PAPERCHASE ARE BEHIND US.  THE FUTURE IS 
""GOVERNMENT DIRECT"".  WE WILL HARNESS THE LATEST INFORMATION TECHNOLOGY TO PLACE 
THE PUBLIC SECTOR DIRECTLY AT THE SERVICE OF THE CITIZEN.  PEOPLE WILL BE ABLE 
TO USE SIMPLE COMPUTER TERMINALS TO ENTER INFORMATION DIRECTLY.  THIS WILL 
TRANSFORM TIME-CONSUMING TRANSACTIONS LIKE COMPLETING A TAX RETURN OR 
REGISTERING A NEW BUSINESS.

PRIVATISATION AND COMPETITION
IN 20 YEARS, PRIVATISATION HAS GONE FROM THE DREAM OF A FEW CONSERVATIVE 
VISIONARIES TO THE BIG IDEA WHICH IS TRANSFORMING DECAYING PUBLIC SECTOR 
INDUSTRIES IN ALMOST EVERY COUNTRY IN THE WORLD.  BRITAIN HAS LED THE WAY WITH 
THIS NEW INDUSTRIAL REVOLUTION:  WE CAN BE PROUD OF WHAT WE HAVE ACHIEVED.  

IN 1979 THE GOVERNMENT INHERITED A RANGE OF BUSINESSES WHICH HAD COME INTO THE 
PUBLIC SECTOR FOR DIFFERENT REASONS.  MANY WERE KNOWN FOR THEIR POOR STANDARDS 
OF SERVICE, AND MOST WERE MAKING LARGE LOSSES.

OVER THE PAST EIGHTEEN YEARS THAT SITUATION HAS CHANGED SUBSTANTIALLY.  
PRIVATISATION HAS ENHANCED PRODUCTIVITY, IMPROVED CUSTOMER SERVICES, RAISED 
SAFETY AND ENVIRONMENTAL STANDARDS AND SUBSTANTIALLY REDUCED PRICES.

TELEPHONE, GAS AND ELECTRICITY BILLS TO THE CUSTOMER HAVE FALLEN AS NEVER 
BEFORE. TELEPHONE WAITING LISTS ARE UNKNOWN, AND WATER, GAS AND ELECTRICITY 
DISCONNECTIONS HAVE FALLEN DRAMATICALLY.  NEARLY (POUND)40 BILLION IN PRIVATE 
SECTOR FUNDING HAS BEEN COMMITTED TO A MAJOR INVESTMENT PROGRAMME TO MEET HIGHER 
QUALITY WATER STANDARDS.  WE CAN NOW LOOK FORWARD TO WATER PRICES FALLING OVER 
THE YEARS AHEAD.

SERVICE STANDARDS HAVE IMPROVED SUBSTANTIALLY.  BEFORE PRIVATISATION PUBLISHED 
SERVICE STANDARDS DID NOT EXIST.  NOW INDUSTRY REGULATORS MONITOR LEGAL 
REQUIREMENTS TO PROVIDE QUALITY SERVICES IN A COMPETITIVE ENVIRONMENT.  REFUNDS 
MAY BE MADE WHEN PERFORMANCE STANDARDS ARE NOT MET.

PRIVATISATION HAS BENEFITTED - AND WILL CONTINUE TO BENEFIT - CONSUMERS, 
SHAREHOLDERS, EMPLOYEES, AND TAXPAYERS.  IN 1979 THE THEN-NATIONALISED 
INDUSTRIES REQUIRED A (POUND)50 MILLION PER WEEK SUBSIDY FROM THE TAXPAYER.  IN 
1996 THOSE NOW PRIVATISED COMPANIES PAID TAXES OF (POUND)60 MILLION PER WEEK.

*	WE WILL ENSURE PRIVATE OWNERSHIP, COMPETITION AND REGULATION CONTINUE TO 
DELIVER LOWER PRICES AND BETTER SERVICES FOR CONSUMERS.  

*	WE WILL EXTEND COMPETITION FOR DOMESTIC GAS USERS, AND INTRODUCE 
COMPETITION IN THE WATER INDUSTRY, STARTING WITH LARGE USERS.

THE POST OFFICE OCCUPIES AN IMPORTANT PART IN NATIONAL LIFE.  IT COMPRISES 
COUNTER SERVICES, THE ROYAL MAIL AND PARCELFORCE.  THE NETWORK OF SUB-POST 
OFFICES IS VITAL AND MOST ARE ALREADY RUN AS PRIVATE BUSINESSES.  THE ROYAL MAIL 
PROVIDES A UNIVERSAL SERVICE AT A STANDARD PRICE IN EVERY PART OF THE UNITED 
KINGDOM.  NO ONE CAN IMAGINE A STAMP THAT DOES NOT BEAR THE QUEEN'S HEAD.  THESE 
CHARACTERISTICS MUST CONTINUE, BUT REFORMS ARE NEEDED TO ALLOW THE SERVICES TO 
DEVELOP.  THE ROYAL MAIL MUST FACE UP TO THE CHALLENGES AND OPPORTUNITIES THAT 
ARE ARISING FROM INCREASING COMPETITION AND THE INTERNATIONAL LIBERALISATION OF 
SERVICES.

*	WE WILL GUARANTEE TO PRESERVE THE NATIONAL IDENTITY, UNIVERSAL SERVICE AND 
DISTINCTIVE CHARACTERISTICS OF THE ROYAL MAIL, WHILE CONSIDERING OPTIONS - 
INCLUDING DIFFERENT FORMS OF PRIVATISATION - TO INTRODUCE PRIVATE CAPITAL AND 
MANAGEMENT SKILLS INTO ITS OPERATIONS.

*	WE WILL TRANSFER PARCELFORCE TO THE PRIVATE SECTOR WHILST ENSURING THAT 
EVERY POST OFFICE IN THE LAND CONTINUES TO PROVIDE A FULL PARCEL SERVICE AT AN 
ECONOMICAL PRICE.  

PRIVATISATION WORKS.  WE WILL THEREFORE CONTINUE TO PASS GOVERNMENT ACTIVITIES 
INTO PRIVATE OWNERSHIP WHERE THIS CAN BRING BENEFITS TO CONSUMERS AND TAXPAYERS.

LOCAL GOVERNMENT
WE ARE DEVELOPING A NEW VISION FOR LOCAL GOVERNMENT.

WE BELIEVE LOCAL GOVERNMENT SHOULD TAKE A LEAD IN THE PLANNING AND DEVELOPMENT 
OF THEIR COMMUNITIES.  TO ACHIEVE THAT, WE HAVE ENCOURAGED THEM TO WORK IN 
PARTNERSHIP WITH CENTRAL GOVERNMENT, WITH PRIVATE ENTERPRISE, AND OTHER 
ORGANISATIONS IN THEIR COMMUNITY.  THE IMPACT OF LOCAL GOVERNMENT IS MULTIPLIED 
WHEN THEY WORK IN THIS WAY.

TO ENCOURAGE THIS PARTNERSHIP, WE HAVE DEVELOPED THE NEW APPROACH OF CHALLENGE 
FUNDING.  WE SET UP A FUND TO MEET A PARTICULAR OBJECTIVE AND THEN INVITE 
COMPETING BIDS FOR THE MONEY.  THOSE WHO FORM EFFECTIVE PARTNERSHIPS ARE FAR 
MORE LIKELY TO WIN THOSE BIDS.  THE SINGLE REGENERATION BUDGET FUND, FOR 
EXAMPLE, HAS STIMULATED MANY WORKING PARTNERSHIPS THAT ARE BRINGING NEW LIFE TO 
THEIR COMMUNITIES.

THIS INNOVATION HAS THE POTENTIAL TO TRANSFORM THE FINANCING OF THE PUBLIC 
SECTOR.

*	WE WILL PUSH CHALLENGE FUNDING FURTHER TO REWARD EFFECTIVE LOCAL 
GOVERNMENT.  

IN ADDITION, WE ARE ENCOURAGING HIGHER STANDARDS AND MORE COST-EFFECTIVE 
PROVISION OF LOCAL SERVICES.  LOCAL AUTHORITIES CAN ENABLE THINGS TO HAPPEN 
RATHER THAN NECESSARILY RUNNING THEMSELVES.  THEY MUST LOOK AFTER THE INTERESTS 
OF USERS OF THEIR SERVICES - AND THAT IS OFTEN BEST DONE BY BEING A PURCHASER, 
NOT AN EMPLOYER.

STANDARDS OF SERVICE ARE RISING IN MANY LOCAL AUTHORITIES.  THERE ARE, HOWEVER, 
STILL GREAT DISPARITIES BETWEEN THE BEST AND WORST PERFORMERS, AS THE AUDIT 
COMMISSION SHOWS IN THEIR THOUGHT-PROVOKING REPORTS.

*	WE WILL KEEP UP THE PRESSURE FOR HIGHER STANDARDS AND IMPROVED VALUE FOR 
MONEY BY INSISTING ON COMPULSORY COMPETITIVE TENDERING.

THE DEVELOPMENT OF CHALLENGE FUNDING AND THE SHIFT IN THE ROLE OF LOCAL 
AUTHORITIES FROM DIRECT EMPLOYERS TO PURCHASERS OF SERVICES WILL TRANSFORM LOCAL 
AUTHORITIES OVER THE COMING YEARS.  IN THE MEANTIME WE WILL, FOR SO LONG AS IS 
NECESSARY, RETAIN THE POWER TO CAP LOCAL AUTHORITIES TO PROTECT TAXPAYERS.

STRIKES IN ESSENTIAL SERVICES
INDUSTRIAL RELATIONS IN THIS COUNTRY HAVE BEEN TRANSFORMED.  INSOFAR AS THERE IS 
A STILL A PROBLEM IT IS CONCENTRATED IN A FEW ESSENTIAL SERVICES WHERE THE 
PUBLIC HAS NO EASY ALTERNATIVE AND STRIKERS ARE ABLE TO IMPOSE MASSIVE COSTS AND 
INCONVENIENCE OUT OF ALL PROPORTION TO THE ISSUES AT STAKE.  WE WILL PROTECT 
ORDINARY MEMBERS OF THE PUBLIC FROM THIS ABUSE OF POWER.  

*	WE WILL LEGISLATE TO REMOVE LEGAL IMMUNITY FROM INDUSTRIAL ACTION WHICH 
HAS DISPROPORTIONATE OR EXCESSIVE EFFECT.  MEMBERS OF THE PUBLIC AND EMPLOYERS 
WILL BE ABLE TO SEEK INJUNCTIONS TO PREVENT INDUSTRIAL ACTION IN THESE 
CIRCUMSTANCES.  ANY STRIKE ACTION WILL ALSO HAVE TO APPROVED BY A MAJORITY OF 
ALL MEMBERS ELIGIBLE TO VOTE AND BALLOTS WILL HAVE TO BE REPEATED AT REGULAR 
INTERVALS IF NEGOTIATIONS ARE EXTENDED.  

TRANSPORT
OUR RAILWAYS ARE ALREADY IMPROVING NOW THEY HAVE BEEN LIBERATED INTO THE PRIVATE 
SECTOR.  PASSENGER NUMBERS ARE UP:  MORE PEOPLE ARE USING THE RAILWAYS EVERY 
DAY.  INVESTMENT IS UP:  RAILTRACK PLANS TO SPEND (POUND)4 MILLION EACH DAY ON 
IMPROVING STATIONS AND MAINTAINING AND RENEWING THE NETWORK.  THE NEW TRAIN 
OPERATORS ARE COMMITTED TO INVESTING (POUND)1.5 BILLION IN NEW AND REFURBISHED 
ROLLING STOCK.  AND KEY FARES ARE FALLING IN REAL TERMS FOR THE FIRST TIME IN A 
GENERATION, WITH GUARANTEED PRICE CONTROLS KEEPING FARE INCREASES BELOW THE 
LEVEL OF INFLATION UNTIL AT LEAST 2003.  WE INTEND TO BUILD ON THIS GROWING 
SUCCESS STORY TO CREATE A THRIVING RAILWAY NETWORK FOR THE NEW CENTURY.

*	WE WILL COMPLETE THE SUCCESSFUL TRANSFER OF BRITISH RAIL INTO THE 
COMMERCIAL SECTOR.

WE NOW WANT TO DRAW IN PRIVATE INVESTMENT TO MODERNISE LONDON UNDERGROUND AND 
IMPROVE SERVICES TO PASSENGERS.

*	WE WILL BRING FORWARD PLANS TO PRIVATISE LONDON UNDERGROUND.  PROCEEDS 
FROM PRIVATISATION WILL BE RECYCLED IN ORDER TO MODERNISE THE NETWORK WITHIN 5 
YEARS - CREATING AN UNDERGROUND SYSTEM TO SERVE THE CAPITAL IN THE 21ST CENTURY.  
WE WILL REGULATE FARES SO THEY RISE BY NO MORE THAN INFLATION FOR AT LEAST 4 
YEARS AFTER PRIVATISATION.  WE WILL ALSO PROTECT SERVICES - INCLUDING THE TRAVEL 
CARD AND CONCESSIONARY FARES.

AFTER COMPLETING THE MODERNISATION OF THE NETWORK, THE MAJORITY OF THE REMAINING 
SURPLUS FROM PRIVATISATION WILL BE CHANNELLED INTO ADDITIONAL SUPPORT FOR 
TRANSPORT INVESTMENT IN LONDON AND ELSEWHERE IN THE COUNTRY.

WE WILL CONTINUE TO ENCOURAGE PUBLIC TRANSPORT.  IN PARTICULAR, WE WILL USE THE 
EXISTING FUNDING FOR LOCAL AUTHORITIES TO PROMOTE DEVELOPMENTS WHICH MAKE IT 
EASIER TO TRANSFER FROM RAIL TO BUS.  

WE RECOGNISE THE NEEDS OF ROAD USERS, AND WILL CONTINUE TO WORK WITH THE PRIVATE 
SECTOR TO SUSTAIN OUR ROAD BUILDING AND MAINTENANCE PROGRAMME.  ALREADY UNDER 
THE PRIVATE FINANCE INITIATIVE THE PRIVATE SECTOR IS CONTRIBUTING SOME (POUND)1 
BILLION TO INVESTMENT IN ROADS AND ACHIEVING SIGNIFICANT SAVINGS IN CONSTRUCTION 
COSTS.  WE WILL ALSO TACKLE ROAD CONGESTION BY INTRODUCING NEW REGIONAL TRAFFIC 
CONTROL CENTRES, BY EXTENDING THE USE OF VARIABLE SPEED LIMITS, AND BY ENSURING 
THAT LOCAL AUTHORITIES HAVE THE NECESSARY POWERS TO ACT.  WE WILL PROMOTE A 
CLEANER ENVIRONMENT BY SUPPORTING A EUROPE-WIDE REDUCTION IN VEHICLE EMISSIONS, 
AND ENCOURAGING THE MANUFACTURE OF MORE FUEL EFFICIENT VEHICLES.

WE WILL CONTINUE TO BUILD ON OUR RECORD OF IMPROVING SAFETY ON ROLL-ON ROLL-OFF 
FERRIES AND CARGO SHIPS THROUGH HIGHER STANDARDS OF SURVIVABILITY AND THE 
MEASURES IN THE MERCHANT SHIPPING ACT.

WE WILL CONTINUE TO MAKE IT EASIER FOR PEOPLE TO TRAVEL BY AIR.  ALREADY OVER 
THE LAST 5 YEARS OPENING UP THE MARKET IN EUROPE HAS LED TO MORE SERVICES AND 
LOWER FARES.  WE WILL BUILD ON THAT SUCCESS IN NEGOTIATIONS WITH THE UNITED 
STATES AND OTHER COUNTRIES.  WE WILL ALSO CONTINUE TO ENCOURAGE THE DEVELOPMENT 
OF REGIONAL AIRPORTS OFFERING NEW DIRECT SERVICES TO THE REST OF THE WORLD IN 
THE SAME WAY THAT WE HAVE ALREADY OPENED UP NEW REGIONAL LINKS WITH EUROPE AND 
THE UNITED STATES.  WE WILL PRIVATISE THE NATIONAL AIR TRAFFIC SYSTEM BECAUSE IT 
WILL BE RUN BETTER IN THE PRIVATE SECTOR.

COMPETITION AND ENTERPRISE ARE THE BEST WAY TO IMPROVE OUR TRANSPORT SYSTEM.











	

	A SAFE AND CIVIL SOCIETY

OUR RECORD - A SAFE AND CIVIL SOCIETY
* 	SPENDING ON THE POLICE HAS DOUBLED SINCE 1979 AFTER ALLOWING FOR 
INFLATION.  THERE ARE NOW ABOUT 16,000 MORE POLICE OFFICERS THAN WHEN WE TOOK 
OFFICE. 2,360 MORE CONSTABLES HAVE BEEN RECRUITED SINCE THE LAST ELECTION AND 
THE GOVERNMENT IS GIVING CHIEF OFFICERS THE RESOURCES TO RECRUIT 5,000 EXTRA 
POLICE CONSTABLES OVER THE NEXT 3 YEARS.

* 	RECORDED CRIME HAS DROPPED IN EACH OF THE LAST 4 YEARS. IT IS NOW OVER 10% 
DOWN ON 1992 LEVELS - MORE THAN HALF A MILLION FEWER OFFENCES - THE BIGGEST DROP 
SINCE RECORDS WERE FIRST KEPT.

* 	THERE ARE NOW 153,000 NEIGHBOURHOOD WATCH SCHEMES IN ENGLAND AND WALES - 
38,000 MORE THAN IN 1992 -  COVERING 5.5 MILLION HOMES. WE HAVE HELPED FUND OVER 
4,000 CLOSED CIRCUIT TV SCHEMES OVER THE LAST 2 YEARS FOR ADDITIONAL SECURITY. 

*	OUR NATIONAL DNA DATABASE - THE FIRST IN THE WORLD - NOW HAS OVER 112,000 
SAMPLES ON IT. 3,300 MATCHES HAVE SO FAR BEEN MADE BETWEEN SUSPECTS AND CRIME 
STAINS. 

*	THE GOVERNMENT HAS INCREASED THE MAXIMUM PENALTY FOR TAKING A GUN TO A 
CRIME AND FOR ATTEMPTED RAPE TO LIFE IMPRISONMENT. SINCE 1985 THE AVERAGE 
SENTENCE FOR VIOLENCE AGAINST THE PERSON  HAS RISEN BY A THIRD AND FOR SEXUAL 
OFFENCES BY NEARLY 40%.

*	THE NUMBER OF CARS STOLEN HAS FALLEN BY NEARLY 20% IN THE LAST FOUR YEARS 
- THAT IS ABOUT 100,000 FEWER CARS STOLEN.

* 	WE HAVE BUILT 22 NEW PRISONS SINCE 1980. SLOPPING OUT HAS ENDED. NO 
PRISONERS NOW SLEEP THREE TO A CELL DESIGNED FOR ONE. PRISON ESCAPES HAVE FALLEN 
BY 80% SINCE THE LAST ELECTION.

*  	MANDATORY DRUG TESTING HAS BEEN INTRODUCED THROUGHOUT THE PRISON SERVICE.  
HOME LEAVE HAS BEEN CUT BACK - DOWN BY HALF IN TWO YEARS.

* 	WE HAVE MADE WITNESS INTIMIDATION A CRIME. 500 PEOPLE WERE CHARGED WITH 
THAT OFFENCE IN 1995 ALONE.

*	WE HAVE STEPPED UP THE FIGHT AGAINST DRUGS AND ORGANISED CRIME, GIVING THE 
SECURITY SERVICE POWERS TO SUPPORT THE POLICE AND CUSTOMS AND EXCISE IN TRACKING 
DOWN THE SERIOUS CRIMINALS.


7.	LAW, ORDER AND SECURITY

PEOPLE HAVE A RIGHT TO SLEEP SAFELY IN THEIR HOMES AND WALK SAFELY ON THE 
STREETS.  GOVERNMENTS HAVE A DUTY TO MAINTAIN THAT SECURITY.

OUR REFORMS ARE AIMED AT ENSURING THAT CRIME DOES NOT PAY.  AND THEY ARE WORKING 
- THE PESSIMISTS AND THE SCOFFERS ARE WRONG.  RECORDED CRIME HAS FALLEN EVERY 
YEAR FOR THE LAST 4 YEARS.  IT IS NOW 10% LOWER THAN IT WAS IN 1992.  THAT IS 
OVER HALF A MILLION FEWER CRIMES - THE BIGGEST DROP SINCE RECORDS WERE FIRST 
KEPT IN THE MIDDLE OF THE 19TH CENTURY.

BUT CRIME IS STILL TOO HIGH.  WE MUST DO MORE.  OUR AIM IS TO KEEP CRIME FALLING 
OVER THE LIFETIME OF THE NEXT PARLIAMENT. THIS IS WHAT WE WILL DO.

SAFER COMMUNITIES
ANTI-SOCIAL BEHAVIOUR AND PETTY CRIME DISRUPT COMMUNITIES AND SPREAD HUMAN 
MISERY.  THE POLICE ARE RIGHTLY NOW VIGOROUSLY TACKLING PROBLEMS SUCH AS 
GRAFFITI, VANDALISM AND DRUNKENNESS.  WHERE SUCH BEHAVIOUR GOES UNCHECKED MORE 
SERIOUS CRIMES WILL FOLLOW.

*	WE WILL SUPPORT CHIEF CONSTABLES WHO DEVELOP LOCAL SCHEMES TO CRACK DOWN 
ON PETTY CRIME AND IMPROVE PUBLIC ORDER.

CLOSED CIRCUIT TELEVISION HAS PROVED ENORMOUSLY SUCCESSFUL IN INCREASING PUBLIC 
SAFETY.

*	WE WILL FULFILL THE PRIME MINISTER'S PLEDGE TO SUPPORT THE INSTALLATION OF 
10,000 CCTV CAMERAS IN TOWN CENTRES AND PUBLIC PLACES IN THE 3 YEARS TO 1999.   
WE WILL PROVIDE (POUND)75 MILLION OVER THE LIFETIME OF THE NEXT PARLIAMENT TO 
CONTINUE EXTENDING CCTV  TO TOWN CENTRES, VILLAGES AND HOUSING ESTATES UP AND 
DOWN THE COUNTRY THAT WANT TO BID FOR SUPPORT.  

WE WILL ALSO CONTINUE TO TAKE OTHER STEPS TO IMPROVE THE SAFETY OF OUR STREETS 
AND COMMUNITIES.  IN THIS PARLIAMENT WE HAVE GIVEN THE POLICE POWER TO SEIZE 
ALCOHOL FROM UNDER 18S CAUGHT DRINKING IN PUBLIC.  THE POLICE HAVE BEEN GIVEN 
THE POWER TO STOP AND SEARCH IN A SPECIFIED AREA FOR UP TO 48 HOURS IF THEY 
REASONABLY BELIEVE PEOPLE TO BE CARRYING KNIVES.  

IDENTITY CARDS CAN ALSO MAKE A CONTRIBUTION TO SAFER COMMUNITIES.

*	WE WILL INTRODUCE A VOLUNTARY IDENTITY CARD SCHEME BASED ON THE NEW 
PHOTOGRAPHIC DRIVING LICENCE.  IT WILL, FOR EXAMPLE, ENABLE RETAILERS TO 
IDENTIFY YOUNGSTERS TRYING TO BUY ALCOHOL AND CIGARETTES OR RENT CLASSIFIED 
VIDEOS WHEN THEY ARE UNDER AGE.  

TACKLING JUVENILE CRIME
A FIFTH OF ALL CRIME IS COMMITTED BY UNDER-18S.  WE ARE ENCOURAGING SCHOOLS TO 
REDUCE TRUANCY THROUGH THE PUBLICATION OF LEAGUE TABLES AND BY SUPPORTING LOCAL 
PROJECTS TO TACKLE THE PROBLEM.  WE ARE DEVELOPING A NETWORK OF LOCAL TEAMS TO 
IDENTIFY CHILDREN WHO ARE AT RISK OF TURNING TO CRIME AND TO TAKE EARLY STEPS TO 
ADDRESS THE FACTORS WHICH PUT THEM AT RISK.

WE WILL ENCOURAGE THESE LOCAL CHILD CRIME TEAMS TO REFER CHILDREN FROM PRIMARY 
SCHOOL AGE UPWARDS WHO ARE AT RISK OF, OR ACTUALLY, OFFENDING TO PROGRAMMES TO 
TACKLE THEIR BEHAVIOUR AND FULLY INVOLVE THEIR PARENTS.

*	THE COURTS WOULD BE ABLE TO IMPOSE AN ORDER - A PARENTAL CONTROL ORDER - 
ON THE PARENTS OF CHILDREN WHOM THEY BELIEVED COULD KEEP CONTROL OF THEIR 
CHILDREN BUT WERE REFUSING TO DO SO.

COURTS WILL BE GIVEN THE POWER TO ATTACH CONDITIONS TO PARENTAL CONTROL ORDERS.  
CONDITIONS MIGHT INCLUDE A REQUIREMENT TO KEEP THEIR CHILDREN IN AT NIGHT,  
TAKING THEIR CHILDREN TO AND FROM SCHOOL, ATTENDING A DRUG REHABILITATION CLINIC 
OR GOING TO SESSIONS TO IMPROVE THEIR SKILLS AS PARENTS.  PARENTS WHO BREACHED 
THESE CONDITIONS - IN DEFIANCE OF THE COURT - WOULD FACE A RANGE OF POSSIBLE 
SANCTIONS.

APPEARING BEFORE A YOUTH COURT SHOULD BE A DAUNTING EXPERIENCE FOR THE JUVENILE 
CONCERNED.  ALL TOO OFTEN IT IS NOT.  AT THE MOMENT ABOUT A THIRD OF ALL 
JUVENILES APPEARING BEFORE THE YOUTH COURTS ARE DISCHARGED WITHOUT ANY 
PUNISHMENT AT ALL.  THIS SENDS ALL THE WRONG SIGNALS TO YOUNGSTERS - 
PARTICULARLY FIRST TIME OFFENDERS - WHO THEN FEEL THEY CAN GET AWAY WITH CRIME.

*	WE WILL GIVE THE COURTS THE POWER TO IMPOSE SPEEDY SANCTIONS ON 
YOUNGSTERS, INVOLVING WHEREVER POSSIBLE AN ELEMENT OF REPARATION TO THE VICTIM.  
THE PROBATION SERVICE - RATHER THAN SOCIAL SERVICES - WILL BE RESPONSIBLE FOR 
ENFORCING COMMUNITY PUNISHMENTS FOR UNDER-16S.

PERSISTENT JUVENILE OFFENDERS NEED TO BE PROPERLY PUNISHED.  WE ARE PILOTING A 
TOUGH NEW REGIME, WITH A HEAVY EMPHASIS ON DISCIPLINE, AT A YOUNG OFFENDER 
INSTITUTION AND AT THE MILITARY PRISON IN COLCHESTER.  IN 1994 WE DOUBLED THE 
MAXIMUM SENTENCE FOR 15-17 YEAR OLDS TO 2 YEARS DETENTION IN A YOUNG OFFENDERS 
INSTITUTION.  WE HAVE GIVEN THE COURTS THE FREEDOM TO ALLOW THE PUBLICATION OF 
THE NAMES OF CONVICTED JUVENILES.  WE WILL GIVE THE COURTS THE POWER TO DETAIN 
PERSISTENT 12-14 YEAR OLD OFFENDERS IN SECURE TRAINING CENTRES ONCE THE PLACES 
BECOME AVAILABLE.

WE HAVE GIVEN THE COURTS THE POWER TO IMPOSE ELECTRONICALLY MONITORED CURFEWS ON 
10 TO 15 YEAR OLD OFFENDERS.  WE WILL INTRODUCE PILOTS TO TEST THEIR 
EFFECTIVENESS.  IF SUCCESSFUL WE WILL CONSIDER EXTENDING THEM NATIONWIDE.

CATCHING, CONVICTING AND PUNISHING
WE BACK THE POLICE EVERY INCH OF THE WAY.  THERE ARE NOW ABOUT 16,000 MORE 
POLICE OFFICERS - AND OVER 18,000 MORE CIVILIANS HELPING THEM - THAN WHEN WE 
TOOK OFFICE.  WE ARE PROVIDING CHIEF CONSTABLES WITH THE RESOURCES TO RECRUIT 
5,000 EXTRA POLICE CONSTABLES IN THE THREE YEARS TO 1999.

WE SUPPORT POLICE INITIATIVES TO TARGET THE HARD CORE OF PERSISTENT CRIMINALS.  
INTELLIGENCE IS CRUCIAL FOR THIS.

*	WE WILL ESTABLISH A NATIONAL CRIME SQUAD TO PROVIDE AN IMPROVED NATIONALLY 
COORDINATED APPROACH TO ORGANISED CRIME.

ONCE CAUGHT, CRIMINALS MUST BE CONVICTED AND THEN PROPERLY PUNISHED.  THE PUBLIC 
NEED TO BE PROTECTED.  WE HAVE REFORMED THE RIGHT TO SILENCE, DESPITE OPPOSITION 
FROM LABOUR.  THE NUMBER OF SUSPECTS REFUSING TO ANSWER POLICE QUESTIONS HAS 
NEARLY HALVED AS A RESULT.  

WE HAVE PILOTED CURFEW ORDERS FOR ADULT OFFENDERS.  THEY HAVE BEEN SHOWN TO KEEP 
CRIMINALS INDOORS - CURBING THEIR FREEDOM AS A PUNISHMENT - AND KEEPING THEM OUT 
OF TROUBLE IN THE MEANTIME.

*	WE WILL EXTEND ELECTRONICALLY MONITORED CURFEW ORDERS NATIONWIDE FOR THOSE 
AGED 16 AND OVER.

PERSISTENT OFFENDERS ACCOUNT FOR A HIGH PROPORTION OF ALL CRIME.  PRISON WORKS - 
NOT ONLY AS A DETERRENT, BUT IN KEEPING CRIMINALS OFF THE STREET.  THOSE SENT TO 
PRISON ARE LESS LIKELY TO RE-OFFEND ON RELEASE THAN THOSE GIVEN A COMMUNITY 
PUNISHMENT.  WE WILL PROVIDE ANOTHER 8,500 PRISON PLACES BY THE YEAR 2000.

WE WILL INTRODUCE MINIMUM SENTENCES FOR VIOLENT AND PERSISTENT CRIMINALS TO HELP 
PROTECT THE PUBLIC MORE EFFECTIVELY, REVERSING LABOUR'S WRECKING AMENDMENTS TO 
OUR TOUGH CRIME BILL.  

*	ANYONE CONVICTED OF A SECOND SERIOUS SEXUAL OR VIOLENT CRIME, LIKE RAPE OR 
ARMED ROBBERY, WILL GET AN AUTOMATIC LIFE SENTENCE.  

*	PERSISTENT HOUSE BURGLARS AND DEALERS IN HARD DRUGS WILL RECEIVE MANDATORY 
MINIMUM PRISON SENTENCES OF 3 AND 7 YEARS RESPECTIVELY.  

*	WE WILL RESTORE HONESTY IN SENTENCING BY ENSURING THAT CRIMINALS SERVE THE 
SENTENCE INTENDED WITHOUT AUTOMATIC EARLY RELEASE.

SUPPORT FOR VICTIMS
CONCERN FOR THE VICTIM MUST BE AT THE HEART OF OUR ENTIRE APPROACH TO THE 
CRIMINAL JUSTICE SYSTEM.  WE WILL CONTINUE TO GIVE STRONG BACKING TO VICTIM 
SUPPORT.  

WE WILL GIVE COURTS IN ALL CASES THE DISCRETION TO ALLOW WITNESSES TO GIVE 
EVIDENCE ANONYMOUSLY IF THEY BELIEVE THEM TO BE AT RISK FROM REPRISAL.  

*	WE WILL ALSO TAKE ACTION TO ALLOW A JUDGE TO STOP A DEFENDANT FROM 
PERSONALLY QUESTIONING THE VICTIM IN RAPE CASES AND OTHER CASES WHERE THE VICTIM 
IS PARTICULARLY VULNERABLE.

CONSERVATIVES ARE ON THE SIDE OF THE VICTIMS NOT THE CRIMINAL.

STRENGTHENING THE FIGHT AGAINST CITY CRIME
CRIME THAT TAKES PLACE THROUGH MANIPULATION OF FINANCIAL ACCOUNTS AND MARKETS IS  
AS SERIOUS AS CRIME ON THE STREET.  

THE CITY'S UNCHALLENGED POSITION AS EUROPE'S MOST DYNAMIC AND SUCCESSFUL 
FINANCIAL CENTRE OWES A GREAT DEAL TO ITS REPUTATION FOR HONESTY AND FAIR 
DEALING.  WE WILL HELP ENSURE THAT THIS REPUTATION IS MAINTAINED.

*	WE WILL BRING FORWARD IN THE NEXT PARLIAMENT A PACKAGE OF MEASURES 
DESIGNED TO MODERNISE THE CURRENT SYSTEMS FOR DEALING WITH CITY FRAUD.

THIS WILL INCLUDE LEGISLATION TO ALLOW THE INLAND REVENUE TO PASS CONFIDENTIAL 
INFORMATION TO THE POLICE, THE SERIOUS FRAUD OFFICE AND THE FINANCIAL REGULATORS 
TO ASSIST IN THE INVESTIGATION OF CASES INVOLVING SERIOUS FINANCIAL FRAUD.  WE 
WILL ALSO REMOVE THE REMAINING LEGAL OBSTACLES TO THE CONTROLLED EXCHANGE OF 
CONFIDENTIAL INFORMATION BETWEEN THE POLICE AND THE REGULATORS IN THIS KIND OF 
CASE.

FASTER JUSTICE
JUSTICE DELAYED IS JUSTICE DENIED.  IT IS WRONG THAT PEOPLE WHO ARE INNOCENT 
SHOULD FACE AN EXCESSIVE WAIT BEFORE THE START OF THEIR TRIAL.  THE GUILTY NEED 
TO BE HELD TO ACCOUNT FOR THEIR ACTIONS PROMPTLY.  AND VICTIMS SHOULD BE GIVEN 
THE CHANCE TO DRAW A LINE UNDER THEIR EXPERIENCE AS QUICKLY AS POSSIBLE.  WE ARE 
DETERMINED TO SPEED UP JUSTICE WITHOUT DIMINISHING THE GENUINE RIGHTS OF EVERY 
CITIZEN TO A FAIR TRIAL.

LAST OCTOBER THE GOVERNMENT SET UP A REVIEW OF DELAYS IN THE CRIMINAL JUSTICE 
SYSTEM.  IT MADE A SERIES OF DETAILED RECOMMENDATIONS.  WE SEE MERIT IN THOSE 
RECOMMENDATIONS AND WILL SEEK THE VIEWS OF INTERESTED PARTIES.  WE BELIEVE THAT 
TAKEN TOGETHER THEY COULD DRAMATICALLY SPEED UP THE PROSECUTION PROCESS, 
BRINGING THE GUILTY TO JUSTICE AND ACQUITTING THE INNOCENT MORE QUICKLY.  

ALL DEFENDANTS WOULD APPEAR IN COURT THE NEXT WORKING DAY AFTER THEY WERE 
CHARGED.  AT LEAST HALF OF THEM WOULD BE CONVICTED THE NEXT DAY COMPARED WITH 
JUST 3 PER CENT AT THE MOMENT.  AND THE TIME TAKEN TO BRING JUVENILES TO COURT 
WOULD BE CUT FROM 10 WEEKS TO A MATTER OF DAYS.

CIVIL JUSTICE
THE CIVIL JUSTICE SYSTEM OF THIS COUNTRY IS A VITAL PART OF ITS COMPETITIVE 
ECONOMY AND HAS A HIGH INTERNATIONAL REPUTATION.  THE COMMERCIAL COURTS ATTRACT 
SUBSTANTIAL LITIGATION FROM ALL OVER THE WORLD, GENERATING SIGNIFICANT FOREIGN 
EARNINGS.  WE WILL SEEK TO MAINTAIN THE HIGH STANDING OF THESE COURTS.

WE HAVE GREATLY IMPROVED THE SERVICE THE CIVIL COURTS PROVIDE FOR THE AGGRIEVED 
CITIZEN.  THE SIMPLE PROCEDURE FOR SMALL CLAIMS HAS BEEN EXTENDED TO CLAIMS UP 
TO (POUND)3,000.  FOR LARGE CLAIMS THE COUNTY COURT NOW PROVIDES AN EFFICIENT 
LOCAL SERVICE WITH SPECIALISED COURTS IN MANY LOCATIONS AROUND THE COUNTRY, 
LEAVING THE HIGH COURT TO DEAL WITH THE MORE COMPLEX AND DIFFICULT ISSUES.

WE WILL PUSH AHEAD WITH THE MAJOR REFORMS NOW UNDER WAY WHICH WILL GREATLY SPEED 
UP THE PROCESS AND IMPROVE THE DELIVERY OF JUSTICE WITHOUT IMPOSING ADDITIONAL 
BURDENS ON THE TAXPAYER.

THE LEGAL PROFESSION
WE WILL ENSURE THAT THE FRAMEWORK IN WHICH THE LEGAL PROFESSION OPERATES IS 
RESPONSIVE TO THE CHANGING NEEDS OF OUR PEOPLE AND IS ONE IN WHICH UNJUSTIFIED 
RESTRICTIONS HAVE NO PLACE.  WE HAVE, FOR EXAMPLE, GIVEN MOST SOLICITORS RIGHTS 
OF AUDIENCE IN THE HIGHER COURTS UNDER APPROPRIATE CONDITIONS.

LEGAL AID
PEOPLE ARE RIGHTLY CONCERNED ABOUT THE RISING COSTS OF LEGAL AID.  WE HAVE TAKEN 
MANY STEPS TO CONTROL THE BURDEN AND TO DENY ACCESS TO LEGAL AID TO THE 
""APPARENTLY WEALTHY"" - THOSE WHO QUALIFIED TECHNICALLY, BUT WHOSE LIFESTYLES 
SUGGESTED THEY SHOULD NOT.

BUT MORE IS REQUIRED:

*	WE WILL CHANGE THE STRUCTURE OF LEGAL AID TO ENSURE THAT IT, LIKE OTHER 
VITAL PUBLIC SERVICES, FUNCTIONS WITHIN DEFINED CASH LIMITS.  

THIS WILL ENABLE US TO IDENTIFY PRIORITIES AND SERVE THEM MUCH MORE EFFICIENTLY 
THAN THE PRESENT SYSTEM.

DRUGS
DRUGS ARE A MENACE TO THE VERY FABRIC OF OUR SOCIETY.  THEY RUIN THE LIFE OF 
ADDICTS AND THEIR FAMILIES.  THEY CAN DESTROY WHOLE NEIGHBOURHOODS.  THE 
PROMISING YOUTH OF TODAY CAN TOO EASILY BECOME THE SAD DROPOUTS OF TOMORROW, 
TURNING TO CRIME AND VIOLENCE.

THE CONSERVATIVE GOVERNMENT HAS A COMPREHENSIVE STRATEGY, LAUNCHED IN 1995, 
COMMITTED TO FIGHTING DRUGS IN COMMUNITIES AND IN SCHOOLS.  IT IS TOUGH ON 
CRIMINALS AND VIGILANT AT OUR PORTS.  IT IS RESPECTED THROUGHOUT THE WORLD.  WE 
SPEND OVER (POUND)500M EVERY YEAR IN TACKLING ALL ASPECTS OF DRUG PROBLEMS.  

*	WE WILL CONTINUE THE FIGHT AGAINST DRUGS THROUGH A COORDINATED APPROACH:  
BEING TOUGH ON PUSHERS;  REDUCING DEMAND BY EDUCATING YOUNG PEOPLE;  TACKLING 
DRUG ABUSE AT LOCAL LEVEL THROUGH DRUG ACTION TEAMS;  SAYING ""NO"" TO LEGALISING 
DRUGS;  AND WORKING WITH INTERNATIONAL AGENCIES AND FOREIGN GOVERNMENTS TO 
RESIST THE MENACE SPREADING.

THIS PERNICIOUS EVIL HAS TO BE FOUGHT BY ALL OF US.

















	A CONFIDENT, UNITED AND SOVEREIGN NATION


OUR RECORD - THE NATION

*	MANY OF OUR OLD CITIES HAVE BEEN REJUVENATED THROUGH A PARTNERSHIP OF 
PUBLIC AND PRIVATE INVESTMENT.

*	THE AREA OF GREEN BELT HAS DOUBLED SINCE 1979.

* 	WATER AND AIR QUALITY IN THE UK HAVE IMPROVED SIGNIFICANTLY. 

* 	WE ARE ONE OF ONLY A FEW NATIONS ON COURSE TO MEET OUR COMMITMENT TO 
RETURN EMISSIONS OF ALL GREENHOUSE GASSES TO 1990 LEVELS BY 2000. 

* 	THE LOTTERY HAS BEEN ESTABLISHED AS THE MOST SUCCESSFUL IN THE WORLD - 
RAISING (POUND)3 BILLION FOR GOOD CAUSES IN A LITTLE OVER 2 YEARS.

*	MORE SUPPORT IS NOW GIVEN TO ARTS AND HERITAGE THAN AT ANY TIME IN OUR 
NATION'S HISTORY. WE NOW PROVIDE NEARLY 20% MORE FOR THE ARTS THAN THE LAST 
LABOUR GOVERNMENT, OVER AND ABOVE INFLATION.

*	BRITISH TALENT WAS THIS YEAR NOMINATED FOR 30 OSCARS.  BRITISH MUSIC IS 
AGAIN RECEIVING INTERNATIONAL ACCLAIM.  THE INDUSTRY IS WORTH (POUND)2.5 
BILLION, MORE THAN SHIPBUILDING OR ELECTRIC COMPONENTS:  ONE IN 5 CDS AND 
RECORDS SOLD ANYWHERE HAS A BRITISH CONNECTION.

*	THERE IS RECORD INVESTMENT IN OUR SPORTS FACILITIES. ALREADY THE LOTTERY 
HAS PROVIDED (POUND)480 MILLION FOR SPORT, INCLUDING THE PLANNED BRITISH ACADEMY 
OF SPORT, ENGLISH NATIONAL STADIUM AND FOR THE FIRST TIME DIRECT FUNDING FOR 
BRITISH ATHLETES. 

* 	WE HAVE CONTINUED TO STAND UP FOR BRITISH INTERESTS IN EUROPE, PROTECTING 
OUR OPT-OUT OF THE SOCIAL CHAPTER, MAINTAINING OUR BORDER CONTROLS, AND 
PRESERVING OUR BUDGET REBATE - WORTH (POUND)18 BILLION SINCE IT WAS INTRODUCED. 

* 	WE HAVE THE MOST PROFESSIONAL ARMED FORCES IN THE WORLD. WE HAVE 
MODERNISED OUR NUCLEAR DETERRENT BY REPLACING POLARIS WITH TRIDENT.




8.	THE BEST PLACE IN THE WORLD TO LIVE

BRITAIN IS ADMIRED THE WORLD OVER.  EVERY YEAR, MILLIONS OF TOURISTS TRAVEL HERE 
TO ENJOY OUR HERITAGE AND CULTURE, OUR CITIES AND COUNTRYSIDE, OUR WAY OF LIFE.  
OUR NATION'S HISTORY IS AN ANCHOR IN A SEA OF CHANGE.  WE NEED TO PROTECT, 
CHERISH AND BUILD UPON WHAT IS GREAT ABOUT OUR COUNTRY, SO OUR CHILDREN GROW UP 
IN A BETTER BRITAIN.  WE ALSO MUST MAKE SURE THAT EVERYONE, WHEREVER THEY LIVE, 
HAS THE SUPPORT OF A STRONG, TOLERANT AND CIVILISED COMMUNITY.  

OUR AIM IS FOR THIS GENERATION AND FUTURE GENERATIONS TO TAKE PRIDE IN BRITAIN 
AS THE BEST PLACE IN THE WORLD TO LIVE.

BRITAIN'S CITIES
LONDON IS ONE OF THE WORLD'S GREATEST CITIES.  IT IS LIVELIER THAN EVER.  OUR 
VISION OF ITS FUTURE IS SET OUT IN A SEPARATE MANIFESTO.

MANY OF OUR CITIES HAVE UNDERGONE A COMPLETE TRANSFORMATION OVER THE LAST 
DECADE.  WE HAVE PROMOTED PARTNERSHIPS - THROUGH SCHEMES SUCH AS URBAN 
DEVELOPMENT CORPORATION, THE SINGLE REGENERATION BUDGET AND CITY PRIDE TO 
ATTRACT PRIVATE ENTERPRISE AND INVESTMENT BACK TO INNER-CITIES.  THESE 
INITIATIVES ARE BRINGING HOPE, OPPORTUNITY, AND PROSPERITY TO WHAT WERE ONCE 
WASTELANDS OF URBAN DECLINE.

AS THE COUNTRY THRIVES AND BECOMES MORE PROSPEROUS, ONE OF OUR CENTRAL TASKS IS 
TO APPLY THE SAME APPROACH TO TRANSFORM THE LEGACY OF SOULLESS, DECAYING PUBLIC 
HOUSING ESTATES.  THEY ARE PLACES THAT SUFFER FROM THE VERY WORST KIND OF 
POVERTY - POVERTY OF ASPIRATION.

WE HAVE ALREADY MADE A START - SPENDING OVER (POUND)2BN OVER THE LAST 10 YEARS 
ON IMPROVING 500 OF THE WORST ESTATES.  AND WE HAVE SHOWN HOW IT IS POSSIBLE TO 
TACKLE THE ECONOMIC AND SOCIAL PROBLEMS ALONGSIDE NEW INVESTMENT IN BUILDINGS - 
WHERE POSSIBLE, BRINGING IN A GREATER MIX OF PUBLIC TENANTS AND PRIVATE HOUSING 
TO RECREATE A MORE BALANCED COMMUNITY.  NOW WE WILL EXTEND THIS APPROACH, 
FOCUSING THE SINGLE REGENERATION BUDGET TO LAUNCH A COMBINED ATTACK ON CRIME, 
UNEMPLOYMENT AND UNDER-ACHIEVEMENT, AND DEVELOPING THE GOVERNMENT'S PARTNERSHIP 
WITH THE PRIVATE SECTOR TO HELP FUND THE MASSIVE INVESTMENT THAT WILL BE 
REQUIRED.  

*	OVER THE NEXT DECADE, WE AIM TO RAISE SOME (POUND)25BN OF NEW PRIVATE 
INVESTMENT IN HOUSING ESTATES BY ENCOURAGING TENANTS IN MORE THAN HALF OF THE 
REMAINING PUBLIC SECTOR HOUSING STOCK TO OPT FOR TRANSFERRING THEIR HOMES TO NEW 
LANDLORDS.  THESE TRANSFERS WILL ONLY OCCUR WHERE TENANTS CHOOSE THIS ROUTE TO 
IMPROVE THEIR ESTATES.

*	WE WILL USE THIS APPROACH TO REGENERATE THE WORST HOUSING ESTATES AND 
TRANSFORM THE LIVES OF THOSE WHO LIVE ON THEM - TARGETING SUPPORT FOR PROGRAMMES 
TO IMPROVE EDUCATION STANDARDS, EMPLOYMENT AND CRIME PREVENTION ALONGSIDE NEW 
PRIVATE SECTOR INVESTMENT.

AS WELL AS THIS ATTACK ON POOR HOUSING, WE WILL CONTINUE TO HELP THE HOMELESS.   
WE WILL CARRY THROUGH OUR PLANNED EXTENSION OF THE ROUGH SLEEPER INITIATIVE FROM 
LONDON TO OTHER BIG CITIES.  

*	WE WILL PROVIDE SUFFICIENT HOSTEL PLACES TO ENSURE THAT NO-ONE NEEDS SLEEP 
OUT ON THE STREETS.

RURAL COMMUNITIES
BRITAIN IS BLESSED WITH SOME OF THE MOST BEAUTIFUL COUNTRYSIDE IN EUROPE. 

*	WE NEED TO PROTECT THE BEST OF COUNTRYSIDE WHILST ENSURING GOOD JOBS, AND 
LIVING CONDITIONS FOR PEOPLE WHO LIVE THERE.

WE HAVE TO STRIKE A BALANCE: OUR RURAL COMMUNITIES MUST NOT BECOME RURAL 
MUSEUMS, BUT REMAIN VIBRANT PLACES TO LIVE AND WORK.  WE WILL MAKE SURE 
GOVERNMENT DEPARTMENTS WORK TOGETHER TO ENSURE THAT BALANCE IS KEPT.

WE WILL CONTINUE TO PROTECT THE GREEN BELT FROM DEVELOPMENT MAKING SURE THAT 
DERELICT AND UNDER-USED URBAN LAND IS DEVELOPED IN PREFERENCE TO GREENFIELD 
SITES. 

*	WE WILL USE THE PLANNING SYSTEM TO ENSURE THAT MORE NEW HOMES ARE BUILT ON 
RECLAIMED SITES IN OUR TOWNS AND CITIES.  WE WILL AIM FOR MORE THAN 60 PER CENT 
OF ALL NEW HOMES TO BE BUILT ON DERELICT SITES.

THIS WILL REDUCE THE PRESSURE TO BUILD IN OUR COUNTRYSIDE AND EXPAND CHOICE 
WHERE IT IS NEEDED MOST.  

WE WILL SUPPORT OUR RURAL COMMUNITIES, BY GIVING SPECIAL RATE SUPPORT TO SMALL 
VILLAGE SHOPS AND POST OFFICES.  THE PLANNING SYSTEM CAN DO MORE TO HELP TOO. 

*	WE WILL INTRODUCE A NEW RURAL BUSINESS USE CLASS TO ENCOURAGE JOB CREATION 
IN THE COUNTRYSIDE.

*	WE WILL INCREASE SUPPORT FOR SCHEMES WHICH PROMOTE CARE FOR THE 
COUNTRYSIDE - LIKE COUNTRYSIDE STEWARDSHIP.
WE BELIEVE PARTICIPATION IN TRADITIONAL COUNTRY PURSUITS, INCLUDING FISHING, IS 
A MATTER FOR INDIVIDUALS.  A CONSERVATIVE GOVERNMENT WILL NOT INTRODUCE 
LEGISLATION THAT INTERFERES WITH THE RIGHTS OF PEOPLE TO TAKE PART IN THESE 
ACTIVITIES.

WE WILL ALSO ENCOURAGE MANAGED PUBLIC ACCESS TO PRIVATE LAND - IN AGREEMENT WITH 
FARMERS AND LANDOWNERS - BUT STRONGLY RESIST A GENERAL RIGHT TO ROAM, WHICH 
WOULD DAMAGE THE COUNTRYSIDE AND VIOLATE THE RIGHT TO PRIVATE PROPERTY.

WE AIM TO DOUBLE BRITAIN'S FOREST COVER OVER THE NEXT FIFTY YEARS.  WE WILL 
CONTINUE TO ENCOURAGE TREE PLANTING BY TARGETING GRANTS, ENCOURAGING INVESTMENT 
IN WOOD PROCESSING, AND USING NEW FREEDOMS WITH THE REFORM OF THE COMMON 
AGRICULTURAL POLICY.

AGRICULTURE AND FISHERIES
WE WILL CONTINUE TO PROVIDE ROBUST SUPPORT TO THE BRITISH BEEF INDUSTRY THROUGH 
THE BSE CRISIS UNTIL ITS LONG TERM STRENGTH IS RESTORED.  WE WILL VIGOROUSLY 
PURSUE THE ERADICATION OF BSE IN THE UNITED KINGDOM, AS WE HAVE BEEN DOING 
SUCCESSFULLY FOR THE LAST EIGHT YEARS.  WE WILL SPARE NO EFFORTS IN OUR FIGHT 
AGAINST THE UNWARRANTED BAN ON BRITISH BEEF EXPORTS.

PUBLIC HEALTH AND FOOD SAFETY HAVE BEEN THE GOVERNMENT'S TOP PRIORITIES 
THROUGHOUT THE BSE CRISES.

*	WE WILL TIGHTEN UP CONTROL OVER FOOD SAFETY BY APPOINTING A POWERFUL AND 
INDEPENDENT CHIEF FOOD SAFETY ADVISER AND FOOD SAFETY COUNCIL TO ADVISE 
GOVERNMENT.

WE WILL CONTINUE TO PUSH FOR FUNDAMENTAL REFORM OF THE COMMON AGRICULTURAL 
POLICY, MOVING AWAY FROM PRODUCTION SUPPORT TO MEASURES THAT WILL GIVE OUR 
FARMERS THE OPPORTUNITY TO COMPETE WHILE SAFEGUARDING THE RURAL ENVIRONMENT.  WE 
WILL ENSURE THAT NO CHANGE TO THE COMMON AGRICULTURE POLICY UNFAIRLY 
DISADVANTAGES BRITISH FARMERS.

FISHING IS A VITAL INDUSTRY IN MANY PARTS OF COASTAL BRITAIN.  WE WILL CONTINUE 
OUR FIGHT TO SECURE A PROSPEROUS LONG TERM FUTURE FOR THE INDUSTRY AND 
SUSTAINABLE MANAGEMENT OF OUR FISH STOCKS.

*	WE WILL INSIST AT THE IGC AND ELSEWHERE ON MEASURES TO STOP QUOTA HOPPING 
AND PREVENT THE VESSELS OF OTHER COUNTRIES FROM USING UK FISHING QUOTAS.

THE INTEGRITY OF OUR 6 AND 12 MILE FISHING LIMITS IS NOT NEGOTIABLE.  WE REJECT 
ANY IDEA OF A SINGLE EUROPEAN FISHING FLEET.

WE BELIEVE THAT FISHERMEN SHOULD HAVE MORE SAY IN DECISIONS AFFECTING THEIR 
INDUSTRY.  WE WILL PRESS THE EUROPEAN COMMISSION TO ESTABLISH REGIONAL 
COMMITTEES TO GIVE FISHERMEN A DIRECT INFLUENCE IN FISHING POLICY.  WE WILL USE 
THESE COMMITTEES TO DEVELOP NEW WAYS OF MANAGING QUOTA AND REGULATING FISHERIES 
WHICH ARE MORE SENSITIVE TO THE INDUSTRY'S NEEDS.

ANIMAL WELFARE
A CIVILISED SOCIETY RESPECTS ITS ANIMALS.  BRITAIN WILL CONTINUE TO TAKE THE 
LEAD IN IMPROVING STANDARDS OF ANIMAL WELFARE IN EUROPE.  IN 1995 WE SECURED A 
MAJOR BREAKTHROUGH IN THE TREATMENT OF ANIMALS IN TRANSPORT;  IN 1996 WE WON 
VICTORY IN OUR CAMPAIGN TO BAN VEAL CRATES THROUGHOUT THE EU.  WE ARE DETERMINED 
THAT STANDARDS SHOULD CONTINUE TO RISE AND THAT ALL EU COUNTRIES SHOULD HAVE TO 
MEET THEM.

*	WE WILL SEEK TO ENSURE THAT ALL EUROPEAN COUNTRIES HAVE TO RAISE ANIMAL 
WELFARE STANDARDS.

WE ARE NOT GOING TO TAKE ANY RISKS WITH RABIES.  THERE MAY HOWEVER BE WAYS OTHER 
THAN QUARANTINE WHICH MAINTAIN OR INCREASE PROTECTION FOR PUBLIC HEALTH, WHILE 
IMPROVING THE WELFARE OF PETS AND REDUCING THE COSTS TO TRAVELLERS.

*	WE WILL PUBLISH A GREEN PAPER ON RABIES PROTECTION, SETTING OUT ALL THE 
OPTIONS INCLUDING THE EXISTING CONTROLS, EARLY IN THE NEW PARLIAMENT.

BRITAIN'S ENVIRONMENT
BRITAIN HAS AN ENVIABLE TRACK RECORD IN PROTECTING OUR ENVIRONMENT.  OUR RIVERS, 
BEACHES AND  WATER ARE CLEANER AND WE ARE USING OUR ENERGY MORE EFFICIENTLY.   
WE ARE LEADING THE WORLD IN REDUCING THE LEVEL OF THE ""GREENHOUSE GASES"" THAT 
CAUSE GLOBAL WARMING AND PRESSING FOR POLICIES THAT WILL ENABLE THE WORLD TO 
SUSTAIN DEVELOPMENT WITHOUT LONG-TERM DAMAGE TO THE ENVIRONMENT.  OUR GREEN 
MANIFESTO IS PUBLISHED SEPARATELY.

WE HAVE CLEAR OBJECTIVES TO BUILD ON THIS RECORD.  WE WILL SET TOUGH, BUT 
AFFORDABLE TARGETS, WITH PUBLISHED ENVIRONMENTAL STRATEGIES TO IMPROVE AIR 
QUALITY AND BANISH CITY SMOG - WITH TIGHTER STANDARDS ON VEHICLE EMISSIONS AND 
POLLUTION CRACKDOWNS AROUND THE COUNTRY.  WE AIM FOR SUSTAINED IMPROVEMENTS IN 
WATER QUALITY, AT A PACE WHICH INDUSTRY AND CONSUMERS CAN AFFORD.  WE WILL 
DEVELOP LABELLING OF PRODUCTS THAT GIVES CONSUMERS INFORMATION TO SHOW THE 
ENVIRONMENTAL IMPACT OF HOW THEY WERE MADE. 

IN ADDITION, WE WILL CONTINUE TO USE THE TAX SYSTEM AND OTHER INCENTIVES TO 
ENCOURAGE THE USE OF VEHICLES AND FUEL WHICH DO NOT POLLUTE THE ENVIRONMENT.  
AND, WE WILL CONTINUE TO EXPLORE POLICIES BASED ON THE PRINCIPLE OF POLLUTER 
PAYS: THOSE WHO CONTAMINATE LAND, POLLUTE THE ENVIRONMENT OR PRODUCE HARMFUL 
WASTE SHOULD BE MADE RESPONSIBLE FOR THEIR ACTIONS AND PAY FOR THE CONSEQUENCES.  

BRITAIN - A TOLERANT COUNTRY
TOLERANCE, CIVILITY AND RESPECT HAVE ALWAYS BEEN HALLMARKS OF OUR NATION.  IT IS 
THANKS TO THEM THAT WE HAVE AN EXCELLENT RECORD ON RACE RELATIONS.

EVERYBODY, REGARDLESS OF COLOUR OR CREED, HAS THE RIGHT TO GO ABOUT HIS OR HER 
LIFE FREE FROM THE THREAT OF INTIMIDATION.  WE ARE TAKING TOUGH ACTION TO TACKLE 
HARASSMENT.  UNDER PROPOSALS IN THE PROTECTION FROM HARASSMENT ACT 1997, IT WILL 
BE A CRIME TO BEHAVE IN A WAY WHICH CAUSES SOMEONE ELSE TO BE HARASSED.  THE 
MAXIMUM PENALTY WILL BE 6 MONTHS IN PRISON.

FIRM, BUT FAIR, IMMIGRATION CONTROLS UNDERPIN GOOD RACE RELATIONS.  WE WILL 
ENSURE THAT, WHILE GENUINE ASYLUM SEEKERS ARE TREATED SYMPATHETICALLY, PEOPLE DO 
NOT ABUSE THESE PROVISIONS TO AVOID NORMAL IMMIGRATION CONTROLS.

A WORLD LEADER OF SPORTS, ARTS AND CULTURE
BRITAIN IS ENJOYING A CULTURAL RENAISSANCE.  BRITISH MUSIC, FILMS, TELEVISION, 
FASHION, ART AND  FOOD  ARE WINNING PLAUDITS THE WORLD OVER.  THEY ADD 
EXCITEMENT, FUN AND ENJOYMENT TO OUR LIVES.  OUR SUCCESS BRINGS PRIDE TO 
EVERYONE. 

THE NATIONAL LOTTERY, WHICH JOHN MAJOR SET UP, WILL PUMP BILLIONS OF POUNDS INTO 
BRITAIN'S GOOD CAUSES.  ITS PROCEEDS WILL WEAVE A NEW, RICH THREAD OF 
OPPORTUNITY AND CHARITY INTO THE TAPESTRY OF BRITISH LIFE.  IN ADDITION TO 
BENEFITTING MAJOR NATIONAL INSTITUTIONS, ABOUT HALF OF THE AWARDS ARE FOR 
AMOUNTS UNDER (POUND)25,000 - BENEFITTING  LOCAL COMMUNITIES UP AND DOWN THE 
COUNTRY.  WE WILL ENCOURAGE NEW WAYS OF DISTRIBUTING AWARDS TO SUPPORT THE 
PERFORMING ARTS - THROUGH SUPPORT FOR AMATEUR PRODUCTIONS AND COMMUNITY EVENTS, 
PROVIDING MORE MUSICAL INSTRUMENTS, AND HELPING PRODUCTIONS TOUR ROUND THE 
COUNTRY.

THE NATIONAL LOTTERY WILL ALSO HELP US TRAIN AND PROMOTE BRITISH SPORTING 
TALENT.  THE ENGLISH NATIONAL STADIUM AND BRITISH ACADEMY OF SPORT, FUNDED BY 
THE LOTTERY, WILL BE NEW FOCAL POINTS FOR SPORTING EVENTS AND EXCELLENCE.  WE 
WILL ENCOURAGE MORE YOUNG PEOPLE PLAY SPORT, BY ENSURING EVERY SCHOOL PLAYS A 
MINIMUM LEVEL OF SPORT,  INCLUDING COMPETITIVE SPORTS, AND DEVELOPING A NETWORK 
OF SPORTING AMBASSADORS - SPORTING CELEBRITIES WHO WILL VISIT SCHOOLS TO INSPIRE 
YOUNG PEOPLE.  WE ALSO ENCOURAGE THE SPORTS COUNCIL TO USE LOTTERY MONEY TO 
EMPLOY OVER 1000 ADDITIONAL COMMUNITY SPORTS COACHES TO ASSIST IN PRIMARY 
SCHOOLS.

THE DEVELOPMENT OF YOUNG TALENT IS IMPORTANT IN ALL FIELDS.

*	WE WILL ENCOURAGE THE USE OF LOTTERY MONEY TO TRAIN YOUNG ATHLETES AND 
ARTISTS, WITH REVENUE FUNDING FOR BURSARIES, CONCESSIONARY TICKETS TO 
PROFESSIONAL PERFORMANCES AND SUPPORT FOR YOUNG PEOPLE'S ORGANISATIONS AND 
PRODUCTIONS.

THE LOTTERY WILL ALSO FUND OUR MILLENNIUM CELEBRATIONS.  THEY WILL BE 
INSPIRATIONAL AS WELL AS ENJOYABLE.  WE WANT THESE BE A SHOWCASE OF BRITISH 
EXCELLENCE. BRITAIN WILL BE ABLE TO LOOK BACK ON PAST ACHIEVEMENTS WITH PRIDE, 
AND LOOK FORWARD WITH CONFIDENCE.

9.	EUROPE AND THE WORLD

BRITAIN IS A WORLD LEADER AS WELL AS A EUROPEAN NATION.  OUR ECONOMIC STRENGTH, 
OUR HISTORY AND OUR LANGUAGE MAKE US A GLOBAL TRADING NATION WITH LINKS RIGHT 
AROUND THE WORLD.  ONLY THE UNITED KINGDOM IS A MEMBER OF THE EUROPEAN UNION, 
THE UNITED NATIONS SECURITY COUNCIL, THE COMMONWEALTH, NATO AND THE GROUP OF 
SEVEN LEADING INDUSTRIAL NATIONS.  IN THE GULF, BOSNIA, CYPRUS AND NORTHERN 
IRAQ, JOHN MAJOR HAS SHOWN HOW OUR NATION CAN CONTRIBUTE TO WORLD PEACE.

WE WILL CONTINUE TO WORK WITH INTERNATIONAL PARTNERS TO SECURE PEACE AND 
STABILITY IN AREAS OF TENSION SUCH AS FORMER YUGOSLAVIA;  IN KASHMIR;  IN 
CYPRUS;  AND IN THE MIDDLE EAST.  WE WILL PROMOTE REFORM OF THE UNITED NATIONS 
TO MAKE IT A MORE EFFECTIVE ORGANISATION FOR SECURING INTERNATIONAL STABILITY.  
BRITAIN WILL CONTINUE TO DEPLOY OUR OUTSTANDING ARMED FORCES AS PEACEKEEPERS 
UNDER THE UNITED NATIONS.  AND WE WILL SUPPORT THE ASPIRATIONS OF THE POLES, 
CZECHS, HUNGARIANS AND OTHERS TO JOIN THE EUROPEAN UNION AND NATO.  

AFTER THE TRANSFER OF HONG KONG, WE WILL WORK UNDER THE TERMS OF THE JOINT 
DECLARATION TO HELP SUSTAIN THE PROSPERITY AND WAY OF LIFE OF THE PEOPLE OF HONG 
KONG AND BUILD ON THE SUBSTANTIAL BRITISH INTERESTS THAT WILL REMAIN.

WE WILL CONTINUE TO SUPPORT THE COMMONWEALTH, OUR UNIQUE GLOBAL NETWORK, TO 
ENCOURAGE THE SPREAD OF DEMOCRACY, AS SET OUT IN THE HARARE DECLARATION.  WE 
WILL FOCUS OUR AID PROGRAMME TO ENCOURAGE SUSTAINABLE DEVELOPMENT IN COUNTRIES 
THAT ARE GROWING TOWARDS SELF SUFFICIENCY UNDER DEMOCRATIC GOVERNMENT.  WE HAVE 
TAKEN THE LEAD IN ALLEVIATING THE BURDEN OF DEBT FOR THE WORLD'S POOREST 
COUNTRIES.  WE ALSO HAVE SIGNIFICANT FLOWS OF PRIVATE INVESTMENT TO DEVELOPING 
ECONOMIES.  WE ARE MORE THAN ACHIEVING THE LONG TERM UN TARGET OF 1% OF GDP FOR 
THE TRANSFER OF WEALTH TO LESS DEVELOPED COUNTRIES.  WE WILL CONTINUE TO 
MAINTAIN A SIGNIFICANT BILATERAL AND MULTILATERAL AID PROGRAMME REFLECTING THE 
ASPIRATION OF MEETING THE UN'S TARGET OF 0.7% OF GDP FOR AID AS A LONG-TERM 
OBJECTIVE.

WE WILL ALSO CONTINUE TO PROVIDE LEADERSHIP IN EUROPE AND INTERNATIONALLY ON 
ENVIRONMENTAL ISSUES, BUILDING ON THE RIO CONFERENCE TO ENCOURAGE SUSTAINABLE 
DEVELOPMENT - MEETING OUR COMMITMENT TO REDUCE CARBON DIOXIDE (CO2) EMISSIONS BY 
10% ON 1990 LEVELS BY 2010 TO PREVENT CLIMATE CHANGE.  THE PRIME MINISTER HAS 
COMMITTED HIMSELF TO ATTENDING THE NEXT UN ENVIRONMENTAL CONFERENCE IN JUNE.

BRITAIN AND THE EUROPEAN UNION
WE BELIEVE THAT IN AN UNCERTAIN, COMPETITIVE WORLD, THE NATION STATE IS A ROCK 
OF SECURITY.  A NATION'S COMMON HERITAGE, CULTURE, VALUES AND OUTLOOK ARE A 
PRECIOUS SOURCE OF STABILITY. NATIONHOOD GIVES PEOPLE A SENSE OF BELONGING.  

THE GOVERNMENT HAS A POSITIVE VISION FOR THE EUROPEAN UNION AS A PARTNERSHIP OF 
NATIONS. WE WANT TO BE IN EUROPE BUT NOT RUN BY EUROPE.  WE HAVE MUCH TO GAIN 
FROM OUR MEMBERSHIP OF THE EUROPEAN UNION - IN TRADE, IN CO-OPERATION BETWEEN 
GOVERNMENTS, AND IN PRESERVING EUROPEAN PEACE.  WE BENEFIT FROM THE HUGE TRADE 
OPPORTUNITIES THAT HAVE OPENED UP SINCE BRITAIN LED THE WAY IN DEVELOPING 
EUROPE'S SINGLE MARKET.  WE WANT TO SEE THE REST OF EUROPE FOLLOW THE SAME 
DEREGULATED, ENTERPRISE POLICIES THAT HAVE TRANSFORMED OUR ECONOMIC PROSPECTS IN 
BRITAIN.

HOWEVER, IN JUNE, THE NATIONS OF THE EUROPEAN UNION WILL GATHER IN AMSTERDAM TO 
NEGOTIATE POSSIBLE AMENDMENTS TO THE TREATY OF ROME.  IT IS A MOMENT OF TRUTH, 
SETTING THE DIRECTION IN WHICH THE EUROPEAN UNION WILL GO.  IT WILL ALSO BE 
CRUCIAL IN ENSURING THAT WE HAVE A RELATIONSHIP WITH THE REST OF EUROPE WITH 
WHICH WE CAN BE COMFORTABLE. 

*	A CONSERVATIVE GOVERNMENT WILL SEEK A PARTNERSHIP OF NATION STATES.  SOME 
OTHERS WOULD LIKE TO BUILD A FEDERAL EUROPE.  A BRITISH CONSERVATIVE GOVERNMENT 
WILL NOT ALLOW BRITAIN TO BE PART OF A FEDERAL EUROPEAN STATE.

THE DIVERSITY OF EUROPE'S NATIONS IS ITS STRENGTH.  AS MORE NATIONS JOIN THE 
EUROPEAN UNION, IT NEEDS TO BECOME FLEXIBLE NOT MORE RIGID.  WE MUST ALSO ENSURE 
THAT ANY DEVELOPMENTS WHICH ONLY INCLUDE SOME MEMBERS DO NOT WORK TO THE 
DISADVANTAGE OF OTHERS.  

OUR PRIORITIES FOR EUROPE'S DEVELOPMENT WILL BE ENLARGEMENT OF THE COMMUNITY, 
COMPLETION OF THE SINGLE MARKET, REFORM OF THE EUROPEAN COURT OF JUSTICE, AND 
FURTHER STRENGTHENING OF THE ROLE OF NATIONAL PARLIAMENTS.  WE WILL SEEK MORE 
CO-OPERATION BETWEEN NATIONAL GOVERNMENTS ON AREAS OF COMMON INTEREST - DEFENCE, 
FOREIGN POLICY AND THE FIGHT AGAINST INTERNATIONAL CRIME AND DRUGS.  WE ALSO 
BELIEVE THE EUROPEAN UNION ITSELF SHOULD DO LESS, BUT DO IT BETTER.  SO WE HAVE 
PROPOSED INCORPORATING THE PRINCIPLE OF SUBSIDIARITY - THAT THE EUROPEAN UNION 
SHOULD ONLY DO THAT WHICH CANNOT BE DONE BY MEMBER STATES ACTING ALONE - INTO 
THE TREATY.  THIS IS HOW WE ARE APPROACHING THE INTER-GOVERNMENTAL CONFERENCE.

*	WE WILL ARGUE FOR A FLEXIBLE EUROPE WHICH FULLY ACCOMMODATES THE INTERESTS 
AND ASPIRATIONS OF ALL ITS MEMBER STATES AND WHERE ANY NEW PROPOSALS HAVE TO BE 
OPEN TO ALL AND AGREED BY ALL.  WE WILL NOT ACCEPT OTHER CHANGES TO THE TREATY 
THAT WOULD FURTHER CENTRALISE DECISION-MAKING, REDUCE NATIONAL SOVEREIGNTY, OR 
REMOVE OUR RIGHT TO PERMANENT OPT-OUTS.

*	WE WILL RETAIN BRITAIN'S VETO AND OPPOSE FURTHER EXTENSION OF QUALIFIED 
MAJORITY VOTING IN ORDER TO ENSURE WE CAN PREVENT POLICIES THAT WOULD BE HARMFUL 
TO THE NATIONAL INTEREST.  WE WILL DEFEND THE RIGHTS OF NATIONAL PARLIAMENTS AND 
OPPOSE MORE POWERS BEING GIVEN TO THE EUROPEAN PARLIAMENT AT THE EXPENSE OF 
NATIONAL PARLIAMENTS.

*	WE WILL TAKE WHATEVER STEPS ARE NECESSARY TO KEEP OUR FRONTIER CONTROLS.  
WE WILL RESIST ATTEMPTS TO CHANGE THE INTER-GOVERNMENTAL NATURE OF COOPERATION 
IN JUSTICE AND HOME AFFAIRS.  WE WILL NOT ACCEPT THE DEVELOPMENT OF NEW LEGAL 
RIGHTS THAT EXTEND THE CONCEPT OF EUROPEAN CITIZENSHIP.

BRITAIN'S REBATE HAS SO FAR SAVED BRITISH TAXPAYERS (POUND)18BN AND WE WILL 
PROTECT IT.

ONE OF THE GREATEST CHALLENGES EUROPE FACES IS TO CUT UNEMPLOYMENT AND MAKE ITS 
BUSINESSES COMPETITIVE.  HERE BRITAIN IS LEADING THE WAY.  WE WILL CONTINUE TO 
ARGUE FOR DEREGULATION AND LOWER COSTS ON EUROPE'S BUSINESSES,  THE POLICIES 
THAT HAVE HELPED GIVE BRITAIN ONE OF THE STRONGEST ECONOMIES IN EUROPE.  WE WILL 
NOT PUT THAT ACHIEVEMENT AT RISK BY SIGNING UP TO THE SOCIAL CHAPTER, WHICH 
WOULD OPEN THE DOOR TO IMPOSING THE HIGH COSTS OF THE EUROPEAN SOCIAL MODEL ON 
BRITISH BUSINESS.  ONCE BRITAIN ACCEPTED THE SOCIAL CHAPTER WE COULD NOT STOP 
MANY OF THESE DAMAGING POLICIES BEING IMPOSED ON US BY QUALIFIED MAJORITY 
VOTING.

WE WILL INSIST THAT ANY NEW TREATY RECOGNISES THAT OUR OPT OUT FROM THE SOCIAL 
CHAPTER ENABLES BRITAIN TO BE EXEMPT FROM THE WORKING TIME DIRECTIVE, AND 
PREVENTS ANY ABUSE OF OUR OPT OUT.  AND, WE WILL NOT ACCEPT A NEW EMPLOYMENT 
CHAPTER IN ANY REVISED TREATY, WHICH WOULD EXPOSE BRITISH BUSINESSES TO NEW 
COSTS.  

WE MADE IT CLEAR IN THE PREVIOUS CHAPTER THAT WE WILL CONTINUE TO WORK FOR 
FURTHER REFORM OF THE COMMON AGRICULTURAL POLICY, AND THE LIFTING OF THE 
WORLDWIDE BAN ON BRITISH BEEF, AND INSIST ON MEASURES TO STOP QUOTA HOPPING BY 
FOREIGN FISHING VESSELS.  

PROTECTING BRITAIN'S INTERESTS DEMANDS TOUGH, EXPERIENCED NEGOTIATION. JOHN 
MAJOR HAS PROVED HE HAS THESE QUALITIES - INCLUDING THE RESOLVE TO SAY NO WHEN 
NECESSARY EVEN IF THAT MEANS BEING ISOLATED.  LABOUR HAVE SAID THEY WOULD NEVER 
WANT BRITAIN TO BE ISOLATED IN EUROPE: THEY WOULD DAMAGE BRITAIN'S SUCCESS BY 
UNDERMINING OUR VETO, SIGNING UP TO THE SOCIAL CHAPTER AND FOLLOWING IN OTHERS' 
FOOTSTEPS - EVEN WHERE THEY LEAD IN THE WRONG DIRECTION.  THEY SUPPORT POLICIES 
THAT WOULD FRAGMENT THE UNITED KINGDOM'S INFLUENCE WITHIN A EUROPE OF REGIONS.  
THE LIBERAL DEMOCRATS WELCOME THE END OF THE NATION STATE.  ONLY THE 
CONSERVATIVES CAN BE TRUSTED TO STAND UP FOR BRITAIN IN EUROPE: OUR NATIONAL 
INTEREST MUST BE PROTECTED.

A SINGLE CURRENCY:  OUR REFERENDUM GUARANTEE
THE CREATION OF A EUROPEAN SINGLE CURRENCY WOULD BE OF ENORMOUS SIGNIFICANCE FOR 
ALL EUROPEAN STATES WHETHER THEY ARE MEMBERS OR NOT.  WE MUST TAKE ACCOUNT OF 
ALL THE CONSEQUENCES FOR BRITAIN OF SUCH A MAJOR DEVELOPMENT OF POLICY.


JOHN MAJOR SECURED FOR US AT MAASTRICHT AN OPT-OUT FROM THE COMMITMENT TO ENTER 
A SINGLE CURRENCY.  IT IS ONLY BECAUSE OF THIS OPT-OUT THAT WE HAVE THE RIGHT TO 
NEGOTIATE AND THEN DECIDE WHETHER IT IS IN BRITAIN'S INTEREST TO JOIN.  

IT IS IN OUR NATIONAL INTEREST TO TAKE PART IN THE NEGOTIATIONS. NOT TO DO SO 
WOULD BE AN ABDICATION OF RESPONSIBILITY.  A SINGLE CURRENCY WOULD AFFECT US 
WHETHER WE WERE IN OR OUT.  WE NEED TO PARTICIPATE IN DISCUSSIONS IN ORDER TO 
ENSURE THE RULES ARE NOT FIXED AGAINST OUR INTERESTS.  THE NATIONAL INTEREST IS 
NOT SERVED BY EXERCISING OUR OPTION - ONE WAY OR THE OTHER - BEFORE WE HAVE TO.

FOR A SINGLE CURRENCY TO COME INTO EFFECT, EUROPEAN ECONOMIES WILL HAVE TO MEET 
CRUCIAL CRITERIA. ON THE INFORMATION CURRENTLY AVAILABLE, WE BELIEVE THAT IT IS 
VERY UNLIKELY THAT THERE WILL BE SUFFICIENT CONVERGENCE OF ECONOMIC CONDITIONS 
ACROSS EUROPE FOR A SINGLE CURRENCY TO PROCEED SAFELY ON THE TARGET DATE OF 
JANUARY 1ST 1999.  WE WILL NOT INCLUDE LEGISLATION ON THE SINGLE CURRENCY IN THE 
FIRST QUEEN'S SPEECH. IF IT CANNOT PROCEED SAFELY, WE BELIEVE IT WOULD BE BETTER 
FOR EUROPE TO DELAY ANY INTRODUCTION OF A SINGLE CURRENCY RATHER THAN RUSH AHEAD 
TO MEET AN ARTIFICIAL TIMETABLE.  WE WILL ARGUE THIS CASE IN THE NEGOTIATIONS 
THAT LIE AHEAD.

*	WE BELIEVE IT IS IN OUR NATIONAL INTEREST TO KEEP OUR OPTIONS OPEN TO TAKE 
A DECISION ON A SINGLE CURRENCY WHEN ALL THE FACTS ARE BEFORE US.  IF A SINGLE 
CURRENCY IS CREATED, WITHOUT SUSTAINABLE CONVERGENCE, A BRITISH CONSERVATIVE 
GOVERNMENT WILL NOT BE PART OF IT.  

*	IF, DURING THE COURSE OF THE NEXT PARLIAMENT, A CONSERVATIVE GOVERNMENT 
WERE TO CONCLUDE THAT IT WAS IN OUR NATIONAL INTEREST TO JOIN A SINGLE CURRENCY, 
WE HAVE GIVEN A GUARANTEE THAT NO SUCH DECISION WOULD BE IMPLEMENTED UNLESS THE 
BRITISH PEOPLE GAVE THEIR EXPRESS APPROVAL IN A REFERENDUM.

DEFENCE IN AN UNSTABLE WORLD
THE OLD RIVALRIES OF THE COLD WAR HAVE BEEN REPLACED BY NEW TENSIONS.  BRITAIN 
MUST BE ABLE TO REACT RAPIDLY TO PROTECT OUR SECURITY AND INTERESTS AROUND THE 
GLOBE.

OUR ARMED FORCES ARE THE MOST PROFESSIONAL IN THE WORLD.  WE HAVE CUT 
UNNECESSARY BUREAUCRACY AND INCREASED EFFICIENCY, AND DIRECTED MONEY TO SUPPORT 
OUR SERVICES IN THE FRONTLINE.  WE HAVE MADE THE CHANGES NECESSARY TO ADAPT OUR 
SERVICES TO THE THREATS WHICH WE MIGHT NOW FACE.  WE HAVE SET OUT DEFENCE PLANS 
BASED ON STABLE LEVELS OF FUNDING.  THERE IS NO NEED FOR A DEFENCE REVIEW, WHICH 
WOULD RAISE FEAR AND UNCERTAINTY ABOUT THE FUTURE.

WE WILL CONTINUE TO ENSURE THE SERVICES HAVE THE MODERN WEAPONS THEY NEED TO 
GUARANTEE THEIR SUPERIORITY AGAINST POTENTIAL AGGRESSORS.  WE WILL MAKE SURE WE 
CAN CONDUCT MILITARY OPERATIONS THROUGHOUT THE WORLD, AND DEVELOP OUR CAPABILITY 
TO DEPLOY THE THREE SERVICES TOGETHER AND RAPIDLY, INCLUDING THE ABILITY TO 
TRANSPORT HEAVY EQUIPMENT INTO AN OPERATIONAL ZONE.  WE WILL TAKE PART IN 
BALLISTIC MISSILE RESEARCH SO WE CAN DECIDE WHETHER WE SHOULD PROCURE ANY SUCH 
SYSTEM FOR THE UNITED KINGDOM.

WE WILL CONTINUE TO TARGET OUR EFFORTS ON RECRUITING FOR THE ARMED FORCES.  WE 
WILL SET UP AN ARMY FOUNDATION COLLEGE, WHICH WILL PROVIDE 1,300 PLACES FOR 16 
AND 17 YEAR OLDS WHO WANT TO JOIN THE ARMY.  WE WILL ALSO ENABLE THE RESERVE 
FORCES TO PLAY A MORE ACTIVE ROLE IN OPERATIONS.  WE APPRECIATE THE ENORMOUS 
VALUE OF CADET FORCES, AND OUR CURRENT PLANS INCLUDING RESOURCES TO ENCOURAGE 
THEIR FURTHER DEVELOPMENT.

WE WILL CONTINUE TO SUPPORT BRITAIN'S DEFENCE INDUSTRY, AND WE WILL WORK WITH 
COMPANIES TO IDENTIFY THE TECHNOLOGIES OF THE FUTURE.

NATO WILL REMAIN THE CORNERSTONE OF OUR SECURITY. WE WILL RESIST ATTEMPTS TO 
BRING THE WESTERN EUROPEAN UNION UNDER THE CONTROL OF THE EUROPEAN UNION, AND 
ENSURE THAT DEFENCE POLICY REMAINS A MATTER FOR SOVEREIGN NATIONS.   





10. THE CONSTITUTION

ALONE IN EUROPE, THE HISTORY OF THE UNITED KINGDOM HAS BEEN ONE OF STABILITY AND 
SECURITY.  WE OWE MUCH OF THAT TO THE STRENGTH AND STABILITY OF OUR CONSTITUTION 
- THE INSTITUTIONS, LAWS AND TRADITIONS THAT BIND US TOGETHER AS A NATION.

OUR CONSTITUTION HAS BEEN STABLE, BUT NOT STATIC.  IT HAS BEEN WOVEN OVER THE 
CENTURIES - THE PRODUCT OF HUNDREDS OF YEARS OF KNOWLEDGE, EXPERIENCE AND 
HISTORY.  

RADICAL CHANGES THAT ALTER THE WHOLE CHARACTER OF OUR CONSTITUTIONAL BALANCE 
COULD UNRAVEL WHAT GENERATIONS OF OUR PREDECESSORS HAVE CREATED.  TO PRESERVE 
THAT STABILITY IN FUTURE - AND THE FREEDOMS AND RIGHTS OF OUR CITIZENS - WE NEED 
TO CONTINUE A PROCESS OF EVOLUTION, NOT REVOLUTION.  

CONSERVATIVES EMBRACE EVOLUTIONARY CHANGE THAT SOLVES REAL PROBLEMS AND IMPROVES 
THE WAY OUR CONSTITUTION WORKS.  IN RECENT YEARS WE HAVE OPENED UP GOVERNMENT, 
DEVOLVED POWER AND ACCOUNTABILITY, AND INTRODUCED REFORMS TO MAKE PARLIAMENT 
WORK MORE EFFECTIVELY.  IT IS THAT EVOLUTIONARY PROCESS THAT WE ARE COMMITTED TO 
CONTINUE.

OPEN, ACCOUNTABLE GOVERNMENT
IN RECENT YEARS WE HAVE TAKEN SIGNIFICANT STEPS TO OPEN UP GOVERNMENT TO PUBLIC 
SCRUTINY, AND GIVE INDIVIDUALS MORE INFORMATION TO HOLD GOVERNMENT AND PUBLIC 
SERVICES TO ACCOUNT.

WE HAVE INTRODUCED A CODE ON ACCESS TO GOVERNMENT INFORMATION, POLICED BY THE 
OMBUDSMAN.  WE HAVE PUBLISHED INFORMATION ON THE WORKINGS OF GOVERNMENT 
PREVIOUSLY HELD SECRET - INCLUDING THE COMPOSITION OF CABINET COMMITTEES, AND 
THE STRUCTURE OF THE SECURITY AND INTELLIGENCE SERVICES.  WE HAVE INTRODUCED A 
NEW CIVIL SERVICE CODE, AND REFORMED THE PROCESS FOR PUBLIC APPOINTMENTS.  WE 
ARE PLEDGED TO LEGISLATE ON THE COMMITMENTS IN OUR 1993 WHITE PAPER ON OPEN 
GOVERNMENT, INCLUDING A STATUTORY RIGHT OF ACCESS BY CITIZENS TO PERSONAL 
RECORDS HELD ABOUT THEM BY THE GOVERNMENT AND OTHER PUBLIC AUTHORITIES.  AND WE 
HAVE SET UP THE NOLAN COMMITTEE AND HAVE IMPLEMENTED ITS PROPOSALS TO ENSURE 
THAT THE HIGHEST STANDARDS ARE MAINTAINED IN PUBLIC LIFE.

BUT OUR REFORMS GO EVEN WIDER THAN THAT.  WE HAVE TRANSFERRED POWER FROM CENTRAL 
BUREAUCRACIES TO LOCAL ORGANISATIONS SUCH AS SCHOOL GOVERNORS AND HOSPITAL 
TRUSTS.  WE HAVE INTRODUCED THE CITIZEN'S CHARTER.  WE HAVE ALSO REQUIRED THEM 
TO PUBLISH INFORMATION ON THEIR PERFORMANCE - INFORMATION WHICH ENABLES THE 
LOCAL COMMUNITY TO KEEP A CHECK ON STANDARDS AND APPLY PRESSURE WHERE NEEDED. 
WHEREVER POSSIBLE, WE ARE WIDENING COMPETITION AND CHOICE IN PUBLIC SERVICES.  
WE SHOWED IN CHAPTER 6 HOW WE WISHED TO PUSH THIS AGENDA FORWARD.  

REGIONAL GOVERNMENT WOULD BE A DANGEROUSLY CENTRALISING MEASURE - TAKING POWER 
AWAY FROM ELECTED LOCAL AUTHORITIES.  WE WISH TO GO IN THE OPPOSITE DIRECTION, 
SHIFTING POWER TO THE LOCAL NEIGHBOURHOOD - FOR EXAMPLE BY GIVING MORE POWER TO 
PARISH COUNCILS.

PARLIAMENT
PARLIAMENT - ALONGSIDE THE CROWN AND OUR LEGAL SYSTEM - IS ONE OF THE THREE KEY 
INSTITUTIONS THAT UPHOLD OUR CONSTITUTION.  THE SUPREMACY OF PARLIAMENT IS 
FUNDAMENTAL TO OUR DEMOCRACY, AND THE GUARANTEE OF OUR FREEDOMS.  THE LAST 17 
YEARS HAVE SEEN MANY CHANGES TO STRENGTHEN PARLIAMENT AND MAKE IT MORE EFFECTIVE 
- THE FLOURISHING OF SELECT COMMITTEES, NEW PROCEDURES TO SCRUTINISE EUROPEAN 
LEGISLATION, REFORM OF PARLIAMENT'S WORKING DAY, AND A BUDGET THAT BRINGS 
TOGETHER TAX AND SPENDING.  

WE HAVE THEREFORE ALREADY DONE MUCH TO IMPROVE THE WAY PARLIAMENT WORKS AND WILL 
DO MORE.  WE HAVE ACCEPTED THE PROPOSAL FROM THE PUBLIC SERVICE SELECT COMMITTEE 
AND PUT BEFORE THE HOUSE OF COMMONS A CLEAR NEW STATEMENT OF THE PRINCIPLES 
UNDERLYING MINISTERIAL ACCOUNTABILITY TO PARLIAMENT.

ALL THESE DEVELOPMENTS HAVE MADE PARLIAMENT OPEN TO THE CITIZEN, AND THE 
GOVERNMENT MORE ACCOUNTABLE.  IN THE NEXT SESSION OF PARLIAMENT WE WILL CONTINUE 
THIS CAREFUL REFORM.  

*	TO GIVE PARLIAMENT MORE TIME TO CONSIDER LEGISLATION THOROUGHLY WE WILL 
EXTEND THE QUEEN'S SPEECH TO COVER NOT ONLY LEGISLATION FOR THE IMMEDIATE YEAR 
BUT ALSO PROVISIONAL PLANS FOR LEGISLATION IN THE YEAR AFTER THAT.  

THIS WILL MEAN THAT MORE DRAFT BILLS WILL BE SUBJECT TO PUBLIC SCRUTINY BEFORE 
THEY REACH THE FLOOR OF THE HOUSE OF COMMONS.  IT WILL GIVE SELECT COMMITTEES 
MORE TIME TO TAKE EVIDENCE AND REPORT.  AND THIS SHOULD ALSO MEAN BETTER 
LEGISLATION.

WE DO NOT BELIEVE THERE IS A CASE FOR MORE RADICAL REFORM THAT WOULD UNDERMINE 
THE HOUSE OF COMMONS.  A NEW BILL OF RIGHTS, FOR EXAMPLE, WOULD RISK 
TRANSFERRING POWER AWAY FROM PARLIAMENT TO LEGAL COURTS - UNDERMINING THE 
DEMOCRATIC SUPREMACY OF PARLIAMENT AS REPRESENTATIVES OF THE PEOPLE.  WHILST 
THIS MAY BE A NECESSARY CHECK IN OTHER COUNTRIES WHICH DEPEND UPON MORE 
FORMALISED WRITTEN CONSTITUTIONS, WE DO NOT BELIEVE IT IS APPROPRIATE TO THE UK.  

NOR DO WE FAVOUR CHANGES IN THE SYSTEM OF VOTING IN PARLIAMENTARY ELECTIONS THAT 
WOULD BREAK THE LINK BETWEEN AN INDIVIDUAL MEMBER OF PARLIAMENT AND HIS 
CONSTITUENTS.  A SYSTEM OF PROPORTIONAL REPRESENTATION WOULD BE MORE LIKELY TO 
PRODUCE UNSTABLE, COALITION GOVERNMENTS THAT ARE UNABLE TO PROVIDE EFFECTIVE 
LEADERSHIP - WITH CRUCIAL DECISIONS BEING DEPENDENT ON COMPROMISE DEALS HAMMERED 
OUT BEHIND CLOSED DOORS.  THIS IS NOT THE BRITISH WAY.  

WE HAVE DEMONSTRATED WE ARE NOT AGAINST CHANGE WHERE IT IS PRACTICAL AND 
BENEFICIAL.  BUT FUNDAMENTAL CHANGES WHICH HAVE NOT BEEN FULLY THOUGHT THROUGH - 
SUCH AS OPPOSITION PROPOSALS ON THE HOUSE OF LORDS - WOULD BE EXTREMELY 
DAMAGING.  WE WILL OPPOSE CHANGE FOR CHANGE'S SAKE.  

THE UNION
THE UNION BETWEEN SCOTLAND, WALES, NORTHERN IRELAND AND ENGLAND UNDERPINS OUR 
NATION'S STABILITY.  THE CONSERVATIVE COMMITMENT TO THE UNITED KINGDOM DOES NOT 
MEAN IGNORING THE DISTINCTIVE INDIVIDUALITY OF THE DIFFERENT NATIONS.  ON THE 
CONTRARY, WE HAVE GONE FURTHER IN RECOGNISING THAT DIVERSITY THAN ANY PREVIOUS 
GOVERNMENT.  WE ARE PUBLISHING SEPARATE MANIFESTOS FOR WALES AND SCOTLAND.

WHILE PRESERVING THE ROLE OF PARLIAMENT AT THE CENTRE OF THE UNION, WE HAVE 
GIVEN NEW POWERS TO THE SCOTTISH GRAND COMMITTEE AND WELSH GRAND COMMITTEE - 
ENABLING SCOTTISH AND WELSH MPS TO CALL MINISTERS TO ACCOUNT AND DEBATE 
LEGISLATION WHICH AFFECTS THOSE COUNTRIES - SOMETHING THAT WOULD BE IMPOSSIBLE 
WITH SEPARATE ASSEMBLIES.  FOR THE FIRST TIME, WELSH MEMBERS OF PARLIAMENT CAN 
ASK THEIR QUESTIONS TO MINISTERS IN WELSH IN WALES.  MOST RECENTLY WE HAVE 
SIMILARLY EXTENDED THE BASIC POWERS OF THE NORTHERN IRELAND GRAND COMMITTEE. 


WE BELIEVE THIS IS THE RIGHT WAY TO GO.  BY CONTRAST, THE DEVELOPMENT OF NEW 
ASSEMBLIES IN SCOTLAND AND WALES WOULD CREATE STRAINS WHICH COULD WELL PULL 
APART THE UNION.  THAT WOULD CREATE A NEW LAYER OF GOVERNMENT, WHICH WOULD BE 
HUNGRY FOR POWER.  IT WOULD RISK RIVALRY AND CONFLICT BETWEEN THESE PARLIAMENTS 
OR ASSEMBLIES AND THE PARLIAMENT AT WESTMINSTER.  AND IT WOULD RAISE SERIOUS 
QUESTIONS ABOUT WHETHER THE REPRESENTATION OF SCOTTISH AND WELSH MPS AT 
WESTMINSTER - AND THEIR ROLE IN MATTERS AFFECTING ENGLISH AFFAIRS - COULD REMAIN 
UNCHANGED.

NOR DO WE BELIEVE IT WOULD BE IN THE INTERESTS OF THE SCOTTISH OR WELSH PEOPLE.  
A SCOTTISH TAX-RAISING PARLIAMENT, FOR EXAMPLE, COULD WELL AFFECT THE CHOICE OF 
WHERE NEW INVESTMENT LOCATES IN THE UNITED KINGDOM.

IN A WORLD WHERE PEOPLE WANT SECURITY, NOTHING WOULD BE MORE DANGEROUS THAN TO 
UNRAVEL A CONSTITUTION THAT BINDS OUR NATION TOGETHER AND THE INSTITUTIONS THAT 
BRING US STABILITY.  WE WILL CONTINUE TO FIGHT FOR THE STRENGTH AND DIVERSITY 
THAT BENEFITS ALL OF US AS A PROUD UNION OF NATIONS.

NORTHERN IRELAND
WHILE WE CHERISH THE UNION AND NORTHERN IRELAND'S PLACE WITHIN IT, WE RECOGNISE 
THAT THERE EXIST WITHIN THE PROVINCE SPECIAL CIRCUMSTANCES WHICH REQUIRE FURTHER 
ACTION TO BE TAKEN.

AFTER A QUARTER OF A CENTURY WE WISH TO SEE THE UNIQUE AND ORIGINALLY TEMPORARY 
SYSTEM OF DIRECT RULE ENDED AND A SUCCESSFUL RESTORATION OF LOCAL ACCOUNTABLE 
DEMOCRACY ACHIEVED.  WE WANT TO SEE THIS BROUGHT ABOUT IN A FORM WHICH CARRIES 
THE BROADEST AGREEMENT POSSIBLE.  AND WE WANT TO SEE THE RIGHTS, TRADITIONS AND 
INTERESTS OF ALL PARTS OF THE COMMUNITY RECOGNISED WITHIN ANY SUCH AGREEMENT.

WE WILL ACCORDINGLY CONTINUE TO PURSUE A POLICY OF DIALOGUE AND NEGOTIATION WITH 
AND BETWEEN THE DEMOCRATIC NORTHERN IRELAND PARTIES.  WE WILL CONTINUE TO 
UNDERPIN SUCH NEGOTIATIONS WITH THE GUARANTEE THAT THE CONSTITUTIONAL POSITION 
OF NORTHERN IRELAND CANNOT AND WILL NOT BE CHANGED WITHOUT THE BROAD CONSENT OF 
THE PEOPLE OF NORTHERN IRELAND.  AT THE SAME TIME WE WILL CONTINUE TO TAKE 
WHATEVER SECURITY MEASURES ARE REQUIRED TO PROTECT THE PEOPLE OF NORTHERN 
IRELAND FROM THOSE WHO SEEK TO ACHIEVE THEIR POLITICAL GOALS BY VIOLENT MEANS.

WE SEEK PEACE.  BUT WE WILL NEVER BE SWAYED BY TERRORIST VIOLENCE NOR WILL WE 
EVER COMPROMISE OUR  PRINCIPLES WITH THOSE WHO SEEK TO OVERTHROW THE RULE OF LAW 
BY FORCE.




A CHOICE OF TWO FUTURES

AT THIS ELECTION THE BRITISH PEOPLE FACE A STARK CHOICE. A CHOICE OF TWO 
FUTURES.

THEY CAN ELECT TO CONTINUE DOWN THE ROAD OF SUCCESS AND ACHIEVEMENT. AN 
OPPORTUNITY THAT HAS BEEN HARD WON BY THE EFFORTS AND SACRIFICES OF THE BRITISH 
PEOPLE. AN OPPORTUNITY THAT HAS ONLY COME ABOUT BECAUSE SUCCESSIVE  CONSERVATIVE 
GOVERNMENTS HAVE BEEN DETERMINED TO FACE UP TO THE LONG TERM PROBLEMS FACING 
BRITAIN, AND TAKE THE TOUGH STEPS NEEDED TO ARREST OUR SLOW DECLINE. 

OR THEY CAN ELECT TO TAKE A HUGE RISK WITH THAT FUTURE - THE FUTURE OF 
THEMSELVES, THEIR CHILDREN, THEIR NATION - BY HANDING OVER THE GOVERNMENT OF THE 
COUNTRY TO POLITICIANS WHO HAVE FOUGHT, OPPOSED AND DENIGRATED EVERY STEP THAT 
HAS BEEN TAKEN TO RESTORE BRITAIN'S ECONOMIC HEALTH AND STANDING IN THE WORLD. 
POLITICIANS WHOSE OWN DECLARED POLICIES WOULD BURDEN THE UNITED KINGDOM  WITH 
NEW SPENDING AND TAXATION, NEW REGULATIONS, AND NEW THREATS TO THE STABILITY AND 
SOVEREIGNTY OF THE NATION ITSELF.

YOU CAN ONLY BE SURE WITH THE CONSERVATIVES.








OUR VISION FOR BRITAIN:
25 PLEDGES FOR THE NATION

THE ENTERPRISE CENTRE OF EUROPE
* TAX AND SPENDING.  KEEP TIGHT CONTROL OF PUBLIC SPENDING PRIORITIES, AIMING 
FOR OUR TARGET OF A 20P BASIC RATE OF INCOME TAX OVER THE NEXT PARLIAMENT.

* PRICES AND MORTGAGES.  STICK TO THE POLICIES WHICH HAVE DELIVERED THE LOWEST 
INFLATION LEVELS AND MORTGAGE RATES FOR A GENERATION, MEETING OUR INFLATION 
TARGET OF 2.5 % OR LESS.

* JOBS.  PROTECT JOBS BY KEEPING BRITAIN OUT OF THE EUROPEAN SOCIAL CHAPTER; 
BUILD ON OUR RECORD OF FALLING UNEMPLOYMENT; AND HELP GET THE LONG TERM 
UNEMPLOYED BACK TO WORK - INCLUDING BY REQUIRING THOSE ON BENEFIT FOR SOME TIME 
TO UNDERTAKE WORK EXPERIENCE ON A COMMUNITY PROJECT.

* ENTERPRISE.  SUPPORT GROWTH AND INVESTMENT BY KEEPING BRITAIN THE LOWEST TAX 
MAJOR ECONOMY IN EUROPE, PURSUING BRITAIN'S GLOBAL TRADE OPPORTUNITIES AND 
CURBING UNNECESSARY REGULATIONS.

* SMALL BUSINESS.  REFORM BUSINESS RATES TO HELP SMALL BUSINESSES.

* THE FUTURE.  KEEP BRITAIN AHEAD IN THE TECHNOLOGY OF THE FUTURE, ENCOURAGING 
NEW ENTERTAINMENT AND INFORMATION SERVICES, AND USING THE MILLENNIUM LOTTERY 
FUND TO GIVE PEOPLE ACCESS TO NEW COMPUTERS AND INFORMATION LINKS IN SCHOOLS, 
LIBRARIES, AND OTHER PUBLIC PLACES.





OPPORTUNITY AND OWNERSHIP FOR INDIVIDUALS AND FAMILIES

* HELP FOR FAMILIES.  GIVE PRIORITY TO REDUCING TAX BILLS FOR FAMILIES LOOKING 
AFTER DEPENDENT CHILDREN OR RELATIVES BY ALLOWING ONE PARTNER'S UNUSED PERSONAL 
ALLOWANCE TO BE TRANSFERRED TO A WORKING SPOUSE WHERE THEY HAVE THESE 
RESPONSIBILITIES.

* HELP FOR CARERS.  HELP FAMILY MEMBERS WITH HEAVY RESPONSIBILITIES CARING FOR A 
RELATIVE TO TAKE A MUCH NEEDED BREAK THROUGH A NEW RESPITE CARE PROGRAMME.

* OWNERSHIP.  ENCOURAGE SCHEMES THAT HELP EMPLOYEES BUILD A SHAREHOLDING IN THE 
COMPANY THEY WORK FOR, ALONGSIDE TAX BENEFITS FOR OTHER SAVINGS SCHEMES.

* PENSIONS.  TRANSFORM PENSIONS BY PROVIDING ALL YOUNG PEOPLE ENTERING THE 
WORKFORCE WITH A PERSONAL PENSION FUND PAID FOR BY A REBATE ON THEIR NATIONAL 
INSURANCE CONTRIBUTIONS, WHILE MAINTAINING A STATE PENSION GUARANTEE.

* CARE IN OLD AGE.  MAKE IT EASIER FOR PEOPLE TO AFFORD THE COST OF CARE IN OLD 
AGE WITHOUT GIVING UP THEIR HOUSE AND SAVINGS.

* SCHOOL STANDARDS.  GUARANTEE SCHOOL STANDARDS BY INTERVENING DIRECTLY TO RAISE 
STANDARDS WHERE SCHOOLS OR LOCAL EDUCATION AUTHORITIES ARE LETTING CHILDREN 
DOWN.

* SCHOOL CHOICE.  WIDEN CHOICE AND DIVERSITY IN SCHOOLS, WITH MORE FREEDOM FOR 
SCHOOLS TO DEVELOP THEIR OWN CHARACTER, MORE SPECIALIST SCHOOLS, AND A GRAMMAR 
SCHOOL IN EVERY TOWN WHERE PARENTS WANT THAT CHOICE.  WE WILL ALSO MAINTAIN OUR 
NURSERY VOUCHER SCHEME OFFERING A CHOICE OF PLACES FOR PARENTS OF ALL 4 YEAR 
OLDS.






WORLD CLASS HEALTH AND PUBLIC SERVICES

* NHS FUNDING PLEDGE.  CONTINUE, YEAR BY YEAR, TO INCREASE THE REAL RESOURCES 
COMMITTED TO THE NHS, SO NHS SPENDING WILL CONTINUE TO SHARE IN A GROWING 
ECONOMY.

* FAMILY DOCTORS.  ENABLE ALL FAMILY DOCTORS TO PROVIDE A WIDER RANGE OF 
SERVICES IN THEIR SURGERIES AND IN PRACTICE-BASED COTTAGE HOSPITALS - OFFERING 
FASTER AND MORE LOCAL TREATMENT.

* CITIZEN'S CHARTER.  CONTINUE TO IMPROVE THE STANDARDS AND VALUE FOR MONEY OF 
BRITAIN'S PUBLIC SERVICES, GIVING THOSE WHO USE THEM MORE INFORMATION AND, WHERE 
POSSIBLE, WIDER CHOICE.

* ESSENTIAL SERVICES.  INTRODUCE MEASURES TO PROTECT THE PUBLIC AGAINST STRIKES 
THAT CAUSE EXCESSIVE DISRUPTION TO ESSENTIAL SERVICES.


A SAFE AND CIVIL SOCIETY

* PUBLIC SAFETY.  SUPPORT LOCAL POLICE SCHEMES TO CRACK DOWN ON PETTY CRIME, AND 
CONTINUE OUR FUNDING FOR THE INSTALLATION OF TV SECURITY CAMERAS IN TOWN CENTRES 
AND PUBLIC PLACES THAT WANT THEM THROUGHOUT THE NEXT PARLIAMENT.

* JUVENILE CRIME.  GIVE THE COURTS POWER TO IMPOSE SPEEDY SANCTIONS ON 
YOUNGSTERS, INCLUDING AN ELEMENT OF REPARATION TO THE VICTIM; AND CONTINUE OUR 
WAR AGAINST DRUGS.

-  PERSISTENT CRIMINALS.  ENSURE PERSISTENT HOUSE BURGLARS AND DEALERS IN HARD 
DRUGS RECEIVE MANDATORY MINIMUM PRISON SENTENCES.





A CONFIDENT, UNITED AND SOVEREIGN NATION

* QUALITY OF LIFE.  CONTINUE THE RENAISSANCE OF OUR TOWNS AND CITIES, IN 
PARTICULAR HARNESSING PRIVATE CAPITAL TO REGENERATE THE WORST PUBLIC HOUSING 
ESTATES; CONTINUE TO PROTECT OUR COUNTRYSIDE AND HERITAGE; AND USE THE NATIONAL 
LOTTERY TO HELP PROMOTE BRITISH SPORTS, ARTS AND CULTURE.

* THE ENVIRONMENT.  MAINTAIN OUR INTERNATIONAL LEADERSHIP ROLE IN PROTECTING THE 
ENVIRONMENT, AND CONTINUE IMPROVING AIR AND WATER QUALITY AT HOME ALONGSIDE 
EFFECTIVE CONSERVATION OF OUR WILDLIFE.

* THE NATION.  MAINTAIN THE UNITY OF THE UNITED KINGDOM AND PRESERVE THE 
STABILITY OF THE NATION THROUGH AN EVOLUTIONARY - RATHER THAN REVOLUTIONARY - 
APPROACH TO CONSTITUTIONAL CHANGE.

* EUROPE.  SEEK A PARTNERSHIP OF NATION STATES IN EUROPE, AND NOT ALLOW BRITAIN 
TO BE PART OF A FEDERAL EUROPEAN STATE.

* THE POUND.  GUARANTEE THAT BRITAIN WILL NOT JOIN A SINGLE CURRENCY IN THE NEXT 
PARLIAMENT UNLESS THE BRITISH PEOPLE GIVE THEIR EXPRESS APPROVAL IN A 
REFERENDUM.  
 

*	WE WILL HARNESS PRIVATE CAPITAL TO REGENERATE THE WORST HOUSING ESTATES 
AND TRANSFORM THE LIVES OF THOSE WHO LIVE ON THEM.

*	WE WILL SEEK A PARTNERSHIP OF NATION STATES IN EUROPE.  WE WILL NOT ALLOW 
BRITAIN TO BE PART OF A FEDERAL EUROPEAN STATE.

*	WE HAVE GIVEN A GUARANTEE THAT BRITAIN WOULD NOT JOIN A SINGLE CURRENCY IN 
THE NEXT PARLIAMENT UNLESS THE BRITISH PEOPLE GIVE THEIR EXPRESS APPROVAL IN A 
REFERENDUM.



END"
Lab_1997,"BRITAIN WILL BE BETTER WITH NEW LABOUR

'OUR CASE IS SIMPLE: THAT BRITAIN CAN AND MUST BE BETTER'
'THE VISION IS ONE OF NATIONAL RENEWAL, A COUNTRY WITH DRIVE, 
PURPOSE AND ENERGY'
'IN EACH AREA OF POLICY A NEW AND DISTINCTIVE APPROACH HAS BEEN 
MAPPED OUT, ONE THAT DIFFERS FROM THE OLD LEFT AND THE 
CONSERVATIVE RIGHT. THIS IS WHY NEW LABOUR IS NEW'
'NEW LABOUR IS A PARTY OF IDEAS AND IDEALS BUT NOT OF OUTDATED 
IDEOLOGY. WHAT COUNTS IS WHAT WORKS. THE OBJECTIVES ARE 
RADICAL. THE MEANS WILL BE MODERN'
'THIS IS OUR CONTRACT WITH THE PEOPLE'

I BELIEVE IN BRITAIN. IT IS A GREAT COUNTRY WITH A GREAT HISTORY. THE 
BRITISH PEOPLE ARE A GREAT PEOPLE.  BUT I BELIEVE BRITAIN CAN AND 
MUST BE BETTER: BETTER SCHOOLS, BETTER HOSPITALS, BETTER WAYS OF 
TACKLING CRIME, OF BUILDING A MODERN WELFARE STATE, OF EQUIPPING 
OURSELVES FOR A NEW WORLD ECONOMY.
I WANT A BRITAIN THAT IS ONE NATION, WITH SHARED VALUES AND 
PURPOSE, WHERE MERIT COMES BEFORE PRIVILEGE, RUN FOR THE MANY 
NOT THE FEW, STRONG AND SURE OF ITSELF AT HOME AND ABROAD.
I WANT A BRITAIN THAT DOES NOT SHUFFLE INTO THE NEW MILLENNIUM 
AFRAID OF THE FUTURE, BUT STRIDES INTO IT WITH CONFIDENCE.
I WANT TO RENEW OUR COUNTRY'S FAITH IN THE ABILITY OF ITS 
GOVERNMENT AND POLITICS TO DELIVER THIS NEW BRITAIN.
I WANT TO DO IT BY MAKING A LIMITED SET OF IMPORTANT PROMISES AND 
ACHIEVING THEM. THIS IS THE PURPOSE OF THE BOND OF TRUST I SET OUT 
AT THE END OF THIS INTRODUCTION, IN WHICH TEN SPECIFIC 
COMMITMENTS ARE PUT BEFORE YOU. HOLD US TO THEM. THEY ARE OUR 
COVENANT WITH YOU. 
I WANT TO RENEW FAITH IN POLITICS BY BEING HONEST ABOUT THE LAST 18 
YEARS. SOME THINGS THE CONSERVATIVES GOT RIGHT. WE WILL NOT 
CHANGE THEM. IT IS WHERE THEY GOT THINGS WRONG THAT WE WILL 
MAKE CHANGE. WE HAVE NO INTENTION OR DESIRE TO REPLACE ONE SET 
OF DOGMAS BY ANOTHER. 
I WANT TO RENEW FAITH IN POLITICS THROUGH A GOVERNMENT THAT WILL 
GOVERN IN THE INTEREST OF THE MANY, THE BROAD MAJORITY OF PEOPLE 
WHO WORK HARD, PLAY BY THE RULES, PAY THEIR DUES AND FEEL LET 
DOWN BY A POLITICAL SYSTEM THAT GIVES THE BREAKS TO THE FEW, TO AN 
ELITE AT THE TOP INCREASINGLY OUT OF TOUCH WITH THE REST OF US.
AND I WANT, ABOVE ALL, TO GOVERN IN A WAY THAT BRINGS OUR 
COUNTRY TOGETHER, THAT UNITES OUR NATION IN FACING THE TOUGH AND 
DANGEROUS CHALLENGES OF THE NEW ECONOMY AND CHANGED SOCIETY 
IN WHICH WE MUST LIVE. I WANT A BRITAIN WHICH WE ALL FEEL PART OF, 
IN WHOSE FUTURE WE ALL HAVE A STAKE, IN WHICH WHAT I WANT FOR 
MY OWN CHILDREN I WANT FOR YOURS.


A NEW POLITICS

THE REASON FOR HAVING CREATED NEW LABOUR IS TO MEET THE 
CHALLENGES OF A DIFFERENT WORLD. THE MILLENNIUM SYMBOLISES A 
NEW ERA OPENING UP FOR BRITAIN. I AM CONFIDENT ABOUT OUR FUTURE 
PROSPERITY, EVEN OPTIMISTIC, IF WE HAVE THE COURAGE TO CHANGE 
AND USE IT TO BUILD A BETTER BRITAIN.
 TO ACCOMPLISH THIS MEANS MORE THAN JUST A CHANGE OF 
GOVERNMENT. OUR AIM IS NO LESS THAN TO SET BRITISH POLITICAL LIFE 
ON A NEW COURSE FOR THE FUTURE.
PEOPLE ARE CYNICAL ABOUT POLITICS AND DISTRUSTFUL OF POLITICAL 
PROMISES. THAT IS HARDLY SURPRISING. THERE HAVE BEEN FEW MORE 
GROSS BREACHES OF FAITH THAN WHEN THE CONSERVATIVES UNDER MR 
MAJOR PROMISED, BEFORE THE ELECTION OF 1992, THAT THEY WOULD NOT 
RAISE TAXES, BUT WOULD CUT THEM EVERY YEAR; AND THEN WENT ON TO 
RAISE THEM BY THE LARGEST AMOUNT IN PEACETIME HISTORY STARTING IN 
THE FIRST BUDGET AFTER THE ELECTION. THE EXCHANGE RATE 
MECHANISM AS THE CORNERSTONE OF ECONOMIC POLICY, EUROPE, 
HEALTH, CRIME, SCHOOLS, SLEAZE - THE BROKEN PROMISES ARE STREWN 
ACROSS THE COUNTRY'S MEMORY.
THE CONSERVATIVES' BROKEN PROMISES TAINT ALL POLITICS. THAT IS 
WHY WE HAVE MADE IT OUR GUIDING RULE NOT TO PROMISE WHAT WE 
CANNOT DELIVER; AND TO DELIVER WHAT WE PROMISE. WHAT FOLLOWS IS 
NOT THE POLITICS OF A 100 DAYS THAT DAZZLES FOR A TIME, THEN FIZZLES 
OUT. IT IS NOT THE POLITICS OF A REVOLUTION, BUT OF A FRESH START, THE 
PATIENT REBUILDING AND RENEWING OF THIS COUNTRY - RENEWAL THAT 
CAN TAKE ROOT AND BUILD OVER TIME. 
THAT IS ONE WAY IN WHICH POLITICS IN BRITAIN WILL GAIN A NEW LEASE 
OF LIFE. BUT THERE IS ANOTHER. WE AIM TO PUT BEHIND US THE BITTER 
POLITICAL STRUGGLES OF LEFT AND RIGHT THAT HAVE TORN OUR COUNTRY 
APART FOR TOO MANY DECADES. MANY OF THESE CONFLICTS HAVE NO 
RELEVANCE WHATSOEVER TO THE MODERN WORLD - PUBLIC VERSUS 
PRIVATE, BOSSES VERSUS WORKERS, MIDDLE CLASS VERSUS WORKING 
CLASS. IT IS TIME FOR THIS COUNTRY TO MOVE ON AND MOVE FORWARD. 
WE ARE PROUD OF OUR HISTORY, PROUD OF WHAT WE HAVE ACHIEVED - 
BUT WE MUST LEARN FROM OUR HISTORY, NOT BE CHAINED TO IT.


NEW LABOUR

THE PURPOSE OF NEW LABOUR IS TO GIVE BRITAIN A DIFFERENT POLITICAL 
CHOICE: THE CHOICE BETWEEN A FAILED CONSERVATIVE GOVERNMENT, 
EXHAUSTED AND DIVIDED IN EVERYTHING OTHER THAN ITS DESIRE TO CLING 
ON TO POWER, AND A NEW AND REVITALISED LABOUR PARTY THAT HAS 
BEEN RESOLUTE IN TRANSFORMING ITSELF INTO A PARTY OF THE FUTURE. 
WE HAVE REWRITTEN OUR CONSTITUTION, THE NEW CLAUSE IV, TO PUT A 
COMMITMENT TO ENTERPRISE ALONGSIDE THE COMMITMENT TO JUSTICE. 
WE HAVE CHANGED THE WAY WE MAKE POLICY, AND PUT OUR RELATIONS 
WITH THE TRADE UNIONS ON A MODERN FOOTING WHERE THEY ACCEPT 
THEY CAN GET FAIRNESS BUT NO FAVOURS FROM A LABOUR GOVERNMENT. 
OUR MPS ARE ALL NOW SELECTED BY ORDINARY PARTY MEMBERS, NOT 
SMALL COMMITTEES OR PRESSURE GROUPS. THE MEMBERSHIP ITSELF HAS 
DOUBLED, TO OVER 400,000, WITH HALF THE MEMBERS HAVING JOINED 
SINCE THE LAST ELECTION. 
WE SUBMITTED OUR DRAFT MANIFESTO, NEW LABOUR NEW LIFE FOR 
BRITAIN, TO A BALLOT OF ALL OUR MEMBERS, 95 PER CENT OF WHOM 
GAVE IT THEIR EXPRESS ENDORSEMENT.
WE ARE A NATIONAL PARTY, SUPPORTED TODAY BY PEOPLE FROM ALL 
WALKS OF LIFE, FROM THE SUCCESSFUL BUSINESSMAN OR WOMAN TO THE 
PENSIONER ON A COUNCIL ESTATE. YOUNG PEOPLE HAVE FLOODED IN TO 
JOIN US IN WHAT IS THE FASTEST GROWING YOUTH SECTION OF ANY 
POLITICAL PARTY IN THE WESTERN WORLD.


THE VISION

WE ARE A BROAD-BASED MOVEMENT FOR PROGRESS AND JUSTICE. NEW 
LABOUR IS THE POLITICAL ARM OF NONE OTHER THAN THE BRITISH PEOPLE 
AS A WHOLE. OUR VALUES ARE THE SAME: THE EQUAL WORTH OF ALL, WITH 
NO ONE CAST ASIDE; FAIRNESS AND JUSTICE WITHIN STRONG 
COMMUNITIES. 
BUT WE HAVE LIBERATED THESE VALUES FROM OUTDATED DOGMA OR 
DOCTRINE, AND WE HAVE APPLIED THESE VALUES TO THE MODERN WORLD.
I WANT A COUNTRY IN WHICH PEOPLE GET ON, DO WELL, MAKE A 
SUCCESS OF THEIR LIVES. I HAVE NO TIME FOR THE POLITICS OF ENVY. WE 
NEED MORE SUCCESSFUL ENTREPRENEURS, NOT FEWER OF THEM. BUT 
THESE LIFE-CHANCES SHOULD BE FOR ALL THE PEOPLE. AND I WANT A 
SOCIETY IN WHICH AMBITION AND COMPASSION ARE SEEN AS PARTNERS 
NOT OPPOSITES - WHERE WE VALUE PUBLIC SERVICE AS WELL AS MATERIAL 
WEALTH.
NEW LABOUR BELIEVES IN A SOCIETY WHERE WE DO NOT SIMPLY 
PURSUE OUR OWN INDIVIDUAL AIMS BUT WHERE WE HOLD MANY AIMS 
IN COMMON AND WORK TOGETHER TO ACHIEVE THEM. HOW WE BUILD 
THE INDUSTRY AND EMPLOYMENT OPPORTUNITIES OF THE FUTURE; HOW 
WE TACKLE THE DIVISION AND INEQUALITY IN OUR SOCIETY; HOW WE CARE 
FOR AND ENHANCE OUR ENVIRONMENT AND QUALITY OF LIFE; HOW WE 
DEVELOP MODERN EDUCATION AND HEALTH SERVICES; HOW WE CREATE 
COMMUNITIES THAT ARE SAFE, WHERE MUTUAL RESPECT AND TOLERANCE 
ARE THE ORDER OF THE DAY. THESE ARE THINGS WE MUST ACHIEVE 
TOGETHER AS A COUNTRY.
THE VISION IS ONE OF NATIONAL RENEWAL, A COUNTRY WITH DRIVE, 
PURPOSE AND ENERGY. A BRITAIN EQUIPPED TO PROSPER IN A GLOBAL 
ECONOMY OF TECHNOLOGICAL CHANGE; WITH A MODERN WELFARE STATE; 
ITS POLITICS MORE ACCOUNTABLE; AND CONFIDENT OF ITS PLACE IN THE 
WORLD.


PROGRAMME: A NEW CENTRE AND CENTRE-LEFT POLITICS

IN EACH AREA OF POLICY A NEW AND DISTINCTIVE APPROACH HAS BEEN 
MAPPED OUT, ONE THAT DIFFERS BOTH FROM THE SOLUTIONS OF THE OLD 
LEFT AND THOSE OF THE CONSERVATIVE RIGHT. THIS IS WHY NEW LABOUR 
IS NEW. WE BELIEVE IN THE STRENGTH OF OUR VALUES, BUT WE 
RECOGNISE ALSO THAT THE POLICIES OF 1997 CANNOT BE THOSE OF 1947 
OR 1967. MORE DETAILED POLICY HAS BEEN PRODUCED BY US THAN BY 
ANY OPPOSITION IN HISTORY. OUR DIRECTION AND DESTINATION ARE 
CLEAR. 
THE OLD LEFT WOULD HAVE SOUGHT STATE CONTROL OF INDUSTRY. THE 
CONSERVATIVE RIGHT IS CONTENT TO LEAVE ALL TO THE MARKET. WE REJECT 
BOTH APPROACHES. GOVERNMENT AND INDUSTRY MUST WORK TOGETHER 
TO ACHIEVE KEY OBJECTIVES AIMED AT ENHANCING THE DYNAMISM OF 
THE MARKET, NOT UNDERMINING IT. 
IN INDUSTRIAL RELATIONS, WE MAKE IT CLEAR THAT THERE WILL BE NO 
RETURN TO FLYING PICKETS, SECONDARY ACTION, STRIKES WITH NO BALLOTS 
OR THE TRADE UNION LAW OF THE 1970S. THERE WILL INSTEAD BE BASIC 
MINIMUM RIGHTS FOR THE INDIVIDUAL AT THE WORKPLACE, WHERE OUR 
AIM IS PARTNERSHIP NOT CONFLICT BETWEEN EMPLOYERS AND 
EMPLOYEES.
IN ECONOMIC MANAGEMENT, WE ACCEPT THE GLOBAL ECONOMY AS A 
REALITY AND REJECT THE ISOLATIONISM AND 'GO-IT-ALONE' POLICIES OF THE 
EXTREMES OF RIGHT OR LEFT.
IN EDUCATION, WE REJECT BOTH THE IDEA OF A RETURN TO THE 11-PLUS 
AND THE MONOLITHIC COMPREHENSIVE SCHOOLS THAT TAKE NO ACCOUNT 
OF CHILDREN'S DIFFERING ABILITIES. INSTEAD WE FAVOUR ALL-IN 
SCHOOLING WHICH IDENTIFIES THE DISTINCT ABILITIES OF INDIVIDUAL 
PUPILS AND ORGANISES THEM IN CLASSES TO MAXIMISE THEIR PROGRESS 
IN INDIVIDUAL SUBJECTS. IN THIS WAY WE MODERNISE THE 
COMPREHENSIVE PRINCIPLE, LEARNING FROM THE EXPERIENCE OF ITS 30 
YEARS OF APPLICATION.
IN HEALTH POLICY, WE WILL SAFEGUARD 
THE BASIC PRINCIPLES OF THE NHS, WHICH WE FOUNDED, BUT WILL NOT 
RETURN TO THE TOP-DOWN MANAGEMENT OF THE 1970S. SO WE WILL 
KEEP THE PLANNING AND PROVISION OF HEALTHCARE SEPARATE, BUT PUT 
PLANNING ON A LONGER-TERM, DECENTRALISED AND MORE CO-OPERATIVE 
BASIS. THE KEY IS TO ROOT OUT UNNECESSARY ADMINISTRATIVE COST, 
AND TO SPEND MONEY ON THE RIGHT THINGS - FRONTLINE CARE.
ON CRIME, WE BELIEVE IN PERSONAL RESPONSIBILITY AND IN PUNISHING 
CRIME, BUT ALSO TACKLING ITS UNDERLYING CAUSES - SO, TOUGH ON 
CRIME, TOUGH ON THE CAUSES OF CRIME, DIFFERENT FROM THE LABOUR 
APPROACH OF THE PAST AND THE TORY POLICY OF TODAY.
OVER-CENTRALISATION OF GOVERNMENT AND LACK OF ACCOUNTABILITY WAS 
A PROBLEM IN GOVERNMENTS OF BOTH LEFT AND RIGHT. LABOUR IS 
COMMITTED TO THE DEMOCRATIC RENEWAL OF OUR COUNTRY THROUGH 
DECENTRALISATION AND THE ELIMINATION OF EXCESSIVE GOVERNMENT 
SECRECY.
IN ADDITION, WE WILL FACE UP TO THE NEW ISSUES THAT CONFRONT US. 
WE WILL BE THE PARTY OF WELFARE REFORM. IN CONSULTATION AND 
PARTNERSHIP WITH
THE PEOPLE, WE WILL DESIGN A MODERN WELFARE STATE BASED ON 
RIGHTS AND DUTIES GOING TOGETHER, FIT FOR THE MODERN WORLD. 
WE WILL STAND UP FOR BRITAIN'S INTERESTS IN EUROPE AFTER THE 
SHAMBLES OF THE LAST SIX YEARS, BUT, MORE THAN THAT, WE WILL LEAD A 
CAMPAIGN FOR REFORM IN EUROPE. EUROPE ISN'T WORKING IN THE WAY 
THIS COUNTRY AND EUROPE NEED. BUT TO LEAD MEANS TO BE INVOLVED, 
TO BE CONSTRUCTIVE, TO BE CAPABLE OF GETTING OUR OWN WAY.
WE WILL PUT CONCERN FOR THE ENVIRONMENT AT THE HEART OF POLICY-
MAKING, SO THAT IT IS NOT AN ADD-ON EXTRA, BUT INFORMS THE WHOLE 
OF GOVERNMENT, FROM HOUSING AND ENERGY POLICY THROUGH TO 
GLOBAL WARMING AND INTERNATIONAL AGREEMENTS.
WE WILL SEARCH OUT AT EVERY TURN NEW WAYS AND NEW IDEAS TO 
TACKLE THE NEW ISSUES: HOW TO ENCOURAGE MORE FLEXIBLE WORKING 
HOURS AND PRACTICES TO SUIT EMPLOYEES AND EMPLOYERS ALIKE; HOW 
TO HARNESS THE HUGE POTENTIAL OF THE NEW INFORMATION TECHNOLOGY; 
HOW TO SIMPLIFY THE PROCESSES OF THE GOVERNMENT MACHINE; HOW 
TO PUT PUBLIC AND PRIVATE SECTOR TOGETHER IN PARTNERSHIP TO GIVE US 
THE INFRASTRUCTURE AND TRANSPORT SYSTEM WE NEED.
WE WILL BE A RADICAL GOVERNMENT. 
BUT THE DEFINITION OF RADICALISM WILL NOT BE THAT OF DOCTRINE, 
WHETHER OF LEFT OR RIGHT, BUT OF ACHIEVEMENT. 
NEW LABOUR IS A PARTY OF IDEAS AND IDEALS BUT NOT OF OUTDATED 
IDEOLOGY. WHAT COUNTS IS WHAT WORKS. THE OBJECTIVES ARE 
RADICAL. THE MEANS WILL BE MODERN.
SO THE PARTY IS TRANSFORMED. THE VISION IS CLEAR. AND FROM THAT 
VISION STEMS A MODERN PROGRAMME OF CHANGE AND RENEWAL FOR 
BRITAIN. 
WE UNDERSTAND THAT AFTER 18 YEARS OF ONE-PARTY RULE, PEOPLE WANT 
CHANGE, BELIEVE THAT IT IS NECESSARY FOR THE COUNTRY AND FOR 
DEMOCRACY, BUT REQUIRE FAITH TO MAKE THE CHANGE.
WE THEREFORE SET OUT IN THE MANIFESTO THAT FOLLOWS TEN 
COMMITMENTS, COMMITMENTS THAT FORM OUR BOND OF TRUST WITH THE 
PEOPLE. THEY ARE SPECIFIC. THEY ARE REAL. JUDGE US ON THEM. 
HAVE TRUST IN US AND WE WILL REPAY THAT TRUST.
OUR MISSION IN POLITICS IS TO REBUILD THIS BOND OF TRUST BETWEEN 
GOVERNMENT AND THE PEOPLE. THAT IS THE ONLY WAY DEMOCRACY CAN 
FLOURISH. I PLEDGE TO BRITAIN A GOVERNMENT WHICH SHARES THEIR 
HOPES, WHICH UNDERSTANDS THEIR FEARS, AND WHICH WILL WORK AS 
PARTNERS WITH AND FOR ALL OUR PEOPLE, NOT JUST THE PRIVILEGED FEW. 
THIS IS OUR CONTRACT WITH THE PEOPLE. 


OVER THE FIVE YEARS OF A LABOUR GOVERNMENT:

1 	EDUCATION WILL BE OUR NUMBER ONE PRIORITY, AND WE WILL 
INCREASE THE SHARE OF NATIONAL INCOME SPENT ON EDUCATION AS WE 
DECREASE IT ON THE BILLS OF ECONOMIC AND SOCIAL FAILURE

2 	THERE WILL BE NO INCREASE IN THE BASIC OR TOP RATES OF 
INCOME TAX

3 	WE WILL PROVIDE STABLE ECONOMIC GROWTH WITH LOW 
INFLATION, AND PROMOTE DYNAMIC AND COMPETITIVE BUSINESS AND 
INDUSTRY AT HOME AND ABROAD

4 	WE WILL GET 250,000 YOUNG UNEMPLOYED OFF BENEFIT AND 
INTO WORK

5 	WE WILL REBUILD THE NHS, REDUCING SPENDING ON 
ADMINISTRATION AND INCREASING SPENDING ON PATIENT CARE

6 	WE WILL BE TOUGH ON CRIME AND TOUGH ON THE CAUSES OF 
CRIME, AND HALVE THE TIME IT TAKES PERSISTENT JUVENILE OFFENDERS TO 
COME TO COURT

7 	WE WILL HELP BUILD STRONG FAMILIES AND STRONG 
COMMUNITIES, AND LAY THE FOUNDATIONS OF A MODERN WELFARE STATE 
IN PENSIONS AND COMMUNITY CARE

8 	WE WILL SAFEGUARD OUR ENVIRONMENT, AND DEVELOP AN 
INTEGRATED TRANSPORT POLICY TO FIGHT CONGESTION AND POLLUTION

9 	WE WILL CLEAN UP POLITICS, DECENTRALISE POLITICAL POWER 
THROUGHOUT THE UNITED KINGDOM AND PUT THE FUNDING OF POLITICAL 
PARTIES ON A PROPER AND ACCOUNTABLE BASIS

10 WE WILL GIVE BRITAIN THE LEADERSHIP IN EUROPE WHICH BRITAIN 
AND EUROPE NEED

WE HAVE MODERNISED THE LABOUR PARTY AND WE WILL MODERNISE 
BRITAIN. THIS MEANS KNOWING WHERE WE WANT TO GO; BEING CLEAR-
HEADED ABOUT THE COUNTRY'S FUTURE; TELLING THE TRUTH; MAKING TOUGH 
CHOICES; INSISTING THAT ALL PARTS OF THE PUBLIC SECTOR LIVE WITHIN 
THEIR MEANS; TAKING ON VESTED INTERESTS THAT HOLD PEOPLE BACK; 
STANDING UP TO UNREASONABLE DEMANDS FROM ANY QUARTER; AND 
BEING PREPARED TO GIVE A MORAL LEAD WHERE GOVERNMENT HAS 
RESPONSIBILITIES
IT SHOULD NOT AVOID.
BRITAIN DOES DESERVE BETTER. AND NEW LABOUR WILL BE BETTER FOR 
BRITAIN.


WE WILL
MAKE EDUCATION OUR 
NUMBER ONE PRIORITY


- CUT CLASS SIZES TO 30 OR UNDER FOR 5, 6 AND 7 YEAR-OLDS
- NURSERY PLACES FOR ALL FOUR YEAR-OLDS
- ATTACK LOW STANDARDS IN SCHOOLS
- ACCESS TO COMPUTER TECHNOLOGY
- LIFELONG LEARNING THROUGH A NEW UNIVERSITY FOR INDUSTRY
- MORE SPENDING ON EDUCATION AS THE COST OF UNEMPLOYMENT FALLS


EDUCATION HAS BEEN THE TORIES' BIGGEST FAILURE. IT IS LABOUR'S 
NUMBER ONE PRIORITY.  
IT IS NOT JUST GOOD FOR THE INDIVIDUAL. IT IS AN ECONOMIC NECESSITY 
FOR THE NATION. WE WILL COMPETE SUCCESSFULLY ON THE BASIS OF 
QUALITY OR NOT AT ALL. AND QUALITY COMES FROM DEVELOPING THE 
POTENTIAL OF ALL OUR PEOPLE. IT IS THE PEOPLE WHO ARE OUR GREATEST 
NATURAL ASSET. WE WILL ENSURE THEY CAN FULFIL THEIR POTENTIAL.
NEARLY HALF OF 11 YEAR-OLDS IN ENGLAND AND WALES FAIL TO REACH 
EXPECTED STANDARDS IN ENGLISH AND MATHS. BRITAIN HAS A SMALLER 
SHARE OF 17 AND 18 YEAR-OLDS IN FULL-TIME EDUCATION THAN ANY 
MAJOR INDUSTRIAL NATION. NEARLY TWO THIRDS OF THE
BRITISH WORKFORCE LACK VOCATIONAL QUALIFICATIONS.
THERE ARE EXCELLENT SCHOOLS IN BRITAIN'S STATE EDUCATION SYSTEM. 
BUT FAR TOO MANY CHILDREN ARE DENIED THE OPPORTUNITY TO SUCCEED. 
OUR TASK IS TO RAISE THE STANDARDS OF EVERY SCHOOL.
WE WILL PUT BEHIND US THE OLD ARGUMENTS THAT HAVE BEDEVILLED 
EDUCATION IN THIS COUNTRY. WE REJECT THE TORIES' OBSESSION WITH 
SCHOOL STRUCTURES: ALL PARENTS SHOULD BE OFFERED REAL CHOICE 
THROUGH GOOD QUALITY SCHOOLS, EACH WITH ITS OWN STRENGTHS AND 
INDIVIDUAL ETHOS. THERE SHOULD BE NO RETURN TO THE 11-PLUS.
IT DIVIDES CHILDREN INTO SUCCESSES AND FAILURES AT FAR TOO EARLY AN 
AGE.
WE MUST MODERNISE COMPREHENSIVE SCHOOLS. CHILDREN ARE NOT ALL 
OF THE SAME ABILITY, NOR DO THEY LEARN AT THE SAME SPEED. THAT 
MEANS 'SETTING' CHILDREN IN CLASSES TO MAXIMISE PROGRESS, FOR THE 
BENEFIT OF HIGH-FLIERS AND SLOWER LEARNERS ALIKE. THE FOCUS MUST 
BE ON LEVELLING UP, NOT LEVELLING DOWN. 
WITH LABOUR, THE DEPARTMENT FOR EDUCATION AND EMPLOYMENT 
WILL BECOME A LEADING OFFICE OF STATE. IT WILL GIVE A STRONG AND 
CONSISTENT LEAD TO HELP RAISE STANDARDS IN EVERY SCHOOL. 
STANDARDS, MORE THAN STRUCTURES, ARE THE KEY TO SUCCESS. LABOUR 
WILL NEVER PUT DOGMA BEFORE CHILDREN'S EDUCATION. OUR APPROACH 
WILL BE TO INTERVENE WHERE THERE ARE PROBLEMS, NOT WHERE SCHOOLS 
ARE SUCCEEDING.
LABOUR WILL NEVER FORCE THE ABOLITION OF GOOD SCHOOLS WHETHER IN 
THE PRIVATE OR STATE SECTOR. ANY CHANGES IN THE ADMISSIONS 
POLICIES OF GRAMMAR SCHOOLS WILL BE DECIDED BY LOCAL PARENTS. 
CHURCH SCHOOLS WILL RETAIN THEIR DISTINCTIVE RELIGIOUS ETHOS.
WE WISH TO BUILD BRIDGES WHEREVER WE CAN ACROSS EDUCATION 
DIVIDES. THE EDUCATIONAL APARTHEID CREATED BY THE PUBLIC/PRIVATE 
DIVIDE DIMINISHES THE WHOLE EDUCATION SYSTEM. 


ZERO TOLERANCE OF UNDERPERFORMANCE  

EVERY SCHOOL HAS THE CAPACITY TO SUCCEED. ALL LOCAL EDUCATION 
AUTHORITIES (LEAS) MUST DEMONSTRATE THAT EVERY SCHOOL IS 
IMPROVING. FOR THOSE FAILING SCHOOLS UNABLE TO IMPROVE, 
MINISTERS WILL ORDER A 'FRESH START' - CLOSE THE SCHOOL AND START 
AFRESH ON THE SAME SITE. WHERE GOOD SCHOOLS AND BAD SCHOOLS 
COEXIST SIDE BY SIDE WE WILL AUTHORISE LEAS TO ALLOW ONE SCHOOL 
TO TAKE OVER THE OTHER TO SET THE UNDERPERFORMING SCHOOL ON A 
NEW PATH. 


QUALITY NURSERY EDUCATION GUARANTEED FOR ALL FOUR YEAR-OLDS

NURSERY VOUCHERS HAVE BEEN PROVEN NOT TO WORK. THEY ARE 
COSTLY AND DO NOT GENERATE MORE QUALITY NURSERY PLACES. WE WILL 
USE THE MONEY SAVED BY SCRAPPING NURSERY VOUCHERS TO 
GUARANTEE PLACES FOR FOUR YEAR-OLDS. WE WILL INVITE SELECTED LOCAL 
AUTHORITIES TO PILOT EARLY EXCELLENCE CENTRES COMBINING EDUCATION 
AND CARE FOR THE UNDER-FIVES. WE WILL SET TARGETS FOR UNIVERSAL 
PROVISION FOR THREE YEAR-OLDS WHOSE PARENTS WANT IT.  


NEW FOCUS ON STANDARDS IN PRIMARY SCHOOLS

PRIMARY SCHOOLS ARE THE KEY TO MASTERING THE BASICS AND 
DEVELOPING IN EVERY CHILD AN EAGERNESS TO LEARN.  
EVERY SCHOOL NEEDS BASELINE ASSESSMENT OF PUPILS WHEN THEY 
ENTER THE SCHOOL, AND A YEAR-ON-YEAR TARGET FOR IMPROVEMENT. 
WE WILL REDUCE CLASS SIZES FOR FIVE, SIX AND SEVEN YEAR-OLDS TO 30 
OR UNDER, BY PHASING OUT THE ASSISTED PLACES SCHEME, THE COST OF 
WHICH IS SET TO RISE TO 180 MILLION POUNDS PER YEAR.  
WE MUST RECOGNISE THE THREE 'R'S FOR WHAT THEY ARE - BUILDING 
BLOCKS OF ALL LEARNING THAT MUST BE TAUGHT BETTER. WE WILL ACHIEVE 
THIS BY IMPROVING THE SKILLS OF THE TEACHING FORCE; ENSURING A 
STRONGER FOCUS ON LITERACY IN THE CURRICULUM; AND PILOTING LITERACY 
SUMMER SCHOOLS TO MEET OUR NEW TARGET THAT WITHIN A DECADE 
EVERY CHILD LEAVES PRIMARY SCHOOL WITH A READING AGE OF
AT LEAST 11 (BARELY HALF DO TODAY). 
OUR NUMERACY TASKFORCE WILL DEVELOP EQUALLY AMBITIOUS TARGETS. 
WE WILL ENCOURAGE THE USE OF THE MOST EFFECTIVE TEACHING 
METHODS, INCLUDING PHONICS FOR READING AND WHOLE CLASS 
INTERACTIVE TEACHING FOR MATHS. 


ATTACKING EDUCATIONAL DISADVANTAGE  

NO MATTER WHERE A SCHOOL IS, LABOUR WILL NOT TOLERATE UNDER-
ACHIEVEMENT.
PUBLIC/PRIVATE PARTNERSHIPS WILL IMPROVE THE CONDITION OF SCHOOL 
BUILDINGS.  
THERE WILL BE EDUCATION ACTION ZONES TO ATTACK LOW STANDARDS BY 
RECRUITING THE BEST TEACHERS AND HEAD TEACHERS TO UNDER-ACHIEVING 
SCHOOLS; BY SUPPORTING VOLUNTARY MENTORING SCHEMES TO PROVIDE 
ONE-TO-ONE SUPPORT FOR DISADVANTAGED PUPILS; AND BY CREATING 
NEW OPPORTUNITIES FOR CHILDREN, AFTER THE AGE OF 14, TO ENHANCE 
THEIR STUDIES BY ACQUIRING KNOWLEDGE AND EXPERIENCE WITHIN 
INDUSTRY AND COMMERCE. 
TO ATTACK UNDER-ACHIEVEMENT IN URBAN AREAS, WE HAVE DEVELOPED 
A NEW SCHEME WITH THE PREMIER LEAGUE. IN PARTNERSHIPS BETWEEN 
CENTRAL GOVERNMENT, LOCAL GOVERNMENT AND FOOTBALL CLUBS, STUDY 
SUPPORT CENTRES WILL BE SET UP AT PREMIER LEAGUE GROUNDS FOR THE 
BENEFIT OF LOCAL CHILDREN. THE SCHEME WILL BE LAUNCHED ON A PILOT 
BASIS DURING THE 1997/8 SEASON.
WE SUPPORT THE GREATEST POSSIBLE INTEGRATION INTO MAINSTREAM 
EDUCATION OF PUPILS WITH SPECIAL EDUCATIONAL NEEDS, WHILE 
RECOGNISING THAT SPECIALIST FACILITIES ARE ESSENTIAL TO MEET 
PARTICULAR NEEDS. 


REALISING THE POTENTIAL OF NEW TECHNOLOGY 

LABOUR IS THE PIONEER OF NEW THINKING.  WE HAVE AGREED WITH 
BRITISH TELECOM AND THE CABLE COMPANIES THAT THEY WILL WIRE UP 
SCHOOLS, LIBRARIES, COLLEGES AND HOSPITALS TO THE INFORMATION 
SUPERHIGHWAY FREE OF CHARGE. WE HAVE ALSO SECURED AGREEMENT 
TO MAKE ACCESS CHARGES AS LOW AS POSSIBLE.  
FOR THE INTERNET WE PLAN A NATIONAL GRID FOR LEARNING, 
FRANCHISED AS A PUBLIC/PRIVATE PARTNERSHIP, WHICH WILL BRING TO 
TEACHERS UP-TO-DATE MATERIALS TO ENHANCE THEIR SKILLS, AND TO 
CHILDREN HIGH-QUALITY EDUCATIONAL MATERIALS. WE WILL USE LOTTERY 
MONEY TO IMPROVE THE SKILLS OF EXISTING TEACHERS IN INFORMATION 
TECHNOLOGY.  
IN OPPOSITION, LABOUR SET UP THE INDEPENDENT STEVENSON 
COMMISSION TO PROMOTE ACCESS FOR CHILDREN TO NEW TECHNOLOGY. 
ITS RECENT REPORT IS A CHALLENGING PROGRAMME FOR THE FUTURE.  WE 
ARE URGENTLY EXAMINING HOW TO IMPLEMENT ITS PLANS, IN PARTICULAR 
THE DEVELOPMENT OF EDUCATIONAL SOFTWARE THROUGH A GRADING 
SYSTEM WHICH WILL PROVIDE SCHOOLS WITH GUARANTEES OF PRODUCT 
QUALITY; AND THE PROVISION FOR EVERY CHILD OF AN INDIVIDUAL EMAIL 
ADDRESS. AN INDEPENDENT STANDING COMMITTEE WILL CONTINUE TO 
ADVISE US ON THE IMPLEMENTATION OF OUR PLANS IN GOVERNMENT.


THE ROLE OF PARENTS 

WE WILL INCREASE THE POWERS AND RESPONSIBILITIES OF PARENTS.
THERE WILL BE MORE PARENT GOVERNORS AND, FOR THE FIRST TIME, 
PARENT REPRESENTATIVES ON LEAS.
A MAJOR OBJECTIVE IS TO PROMOTE A CULTURE OF RESPONSIBILITY FOR 
LEARNING WITHIN THE FAMILY, THROUGH CONTRACTS BETWEEN ALL SCHOOLS 
AND PARENTS, DEFINING THE RESPONSIBILITIES OF EACH. NATIONAL 
GUIDELINES WILL ESTABLISH MINIMUM PERIODS FOR HOMEWORK FOR 
PRIMARY AND SECONDARY SCHOOL PUPILS.
TEACHERS WILL BE ENTITLED TO POSITIVE SUPPORT FROM PARENTS TO 
PROMOTE GOOD ATTENDANCE AND SOUND DISCIPLINE. SCHOOLS SUFFER 
FROM UNRULY AND DISRUPTIVE PUPILS. EXCLUSION OR SUSPENSION MAY 
SOMETIMES BE NECESSARY. WE WILL, HOWEVER, PILOT NEW PUPIL 
REFERRAL UNITS SO THAT SCHOOLS ARE PROTECTED BUT THESE PUPILS ARE 
NOT LOST TO EDUCATION OR
THE COUNTRY.


NEW JOB DESCRIPTION FOR LEAS  

THE JUDGE AND JURY OF LEA PERFORMANCE WILL BE THEIR 
CONTRIBUTION TO RAISING STANDARDS. 
LEAS ARE CLOSER TO SCHOOLS THAN CENTRAL GOVERNMENT, AND HAVE 
THE AUTHORITY OF BEING LOCALLY ELECTED. BUT THEY WILL BE REQUIRED TO 
DEVOLVE POWER, AND MORE OF THEIR BUDGETS,
TO HEADS AND GOVERNORS. LEA PERFORMANCE WILL BE INSPECTED BY 
OFSTED AND THE AUDIT COMMISSION. WHERE AUTHORITIES ARE DEEMED 
TO BE FAILING, THE SECRETARY OF STATE MAY SUSPEND THE RELEVANT 
POWERS OF THE LEA AND SEND IN AN IMPROVEMENT TEAM.


GRANT MAINTAINED SCHOOLS

SCHOOLS THAT ARE NOW GRANT MAINTAINED WILL PROSPER WITH 
LABOUR'S PROPOSALS, AS WILL EVERY SCHOOL. 
TORY CLAIMS THAT LABOUR WILL CLOSE THESE SCHOOLS ARE FALSE. THE 
SYSTEM OF FUNDING WILL NOT DISCRIMINATE UNFAIRLY EITHER BETWEEN 
SCHOOLS OR BETWEEN PUPILS. LEAS WILL BE REPRESENTED ON 
GOVERNING BODIES, BUT WILL NOT CONTROL THEM. WE SUPPORT 
GUIDELINES FOR OPEN AND FAIR ADMISSIONS, ALONG THE LINES OF THOSE 
INTRODUCED IN 1993; BUT WE WILL ALSO PROVIDE A RIGHT OF APPEAL TO 
AN INDEPENDENT PANEL IN DISPUTED CASES. 


TEACHERS: PRESSURE AND SUPPORT

SCHOOLS ARE CRITICALLY DEPENDENT ON THE QUALITY OF ALL STAFF. THE 
MAJORITY OF TEACHERS ARE SKILFUL AND DEDICATED, BUT SOME FALL 
SHORT. WE WILL IMPROVE TEACHER TRAINING, AND ENSURE THAT ALL 
TEACHERS HAVE AN INDUCTION YEAR WHEN THEY FIRST QUALIFY, TO 
ENSURE THEIR SUITABILITY FOR TEACHING.
THERE WILL BE A GENERAL TEACHING COUNCIL TO SPEAK FOR AND RAISE 
STANDARDS IN THE PROFESSION. WE WILL CREATE A NEW GRADE OF 
TEACHERS TO RECOGNISE THE BEST. THERE WILL, HOWEVER, BE SPEEDY, 
BUT FAIR, PROCEDURES TO REMOVE TEACHERS WHO CANNOT DO THE JOB. 
THE STRENGTH OF A SCHOOL IS CRITICALLY DEPENDENT ON THE QUALITY OF 
ITS HEAD. WE WILL ESTABLISH MANDATORY QUALIFICATIONS FOR THE POST. 
A HEAD TEACHER WILL BE APPOINTED TO A POSITION ONLY WHEN FULLY 
TRAINED TO ACCEPT THE RESPONSIBILITY. 


HIGHER EDUCATION
 
THE IMPROVEMENT AND EXPANSION NEEDED CANNOT BE FUNDED OUT OF 
GENERAL TAXATION. OUR PROPOSALS FOR FUNDING HAVE BEEN MADE TO 
THE DEARING COMMITTEE, IN LINE WITH SUCCESSFUL POLICIES ABROAD.
THE COSTS OF STUDENT MAINTENANCE SHOULD BE REPAID BY GRADUATES 
ON AN INCOME-RELATED BASIS, FROM THE CAREER SUCCESS TO WHICH 
HIGHER EDUCATION HAS CONTRIBUTED. THE CURRENT SYSTEM IS BADLY 
ADMINISTERED AND PAYBACK PERIODS ARE TOO SHORT. WE WILL PROVIDE 
EFFICIENT ADMINISTRATION, WITH FAIRNESS ENSURED BY LONGER PAYBACK 
PERIODS WHERE REQUIRED.


LIFELONG LEARNING 

WE MUST LEARN THROUGHOUT LIFE, TO RETAIN EMPLOYMENT THROUGH 
NEW AND IMPROVED SKILLS. WE WILL PROMOTE ADULT LEARNING BOTH AT 
WORK AND IN THE CRITICAL SECTOR OF FURTHER EDUCATION.
IN SCHOOLS AND COLLEGES, WE SUPPORT BROADER A-LEVELS AND 
UPGRADED VOCATIONAL QUALIFICATIONS, UNDERPINNED BY RIGOROUS 
STANDARDS AND KEY SKILLS. 
EMPLOYERS HAVE THE PRIMARY RESPONSIBILITY FOR TRAINING THEIR 
WORKFORCES IN JOB-RELATED SKILLS. BUT INDIVIDUALS SHOULD BE GIVEN 
THE POWER TO INVEST IN TRAINING. WE WILL INVEST PUBLIC MONEY FOR 
TRAINING IN INDIVIDUAL LEARNING ACCOUNTS WHICH INDIVIDUALS 
- FOR EXAMPLE WOMEN RETURNING TO THE LABOUR FORCE - CAN THEN 
USE TO GAIN THE SKILLS THEY WANT. WE WILL KICKSTART THE PROGRAMME 
FOR UP TO A MILLION PEOPLE, USING 150 MILLION POUNDS OF TEC 
MONEY WHICH COULD BE BETTER USED AND WHICH WOULD PROVIDE A 
CONTRIBUTION OF 150 POUNDS, ALONGSIDE INDIVIDUALS MAKING SMALL 
INVESTMENTS OF THEIR OWN. EMPLOYERS WILL BE ENCOURAGED TO 
MAKE VOLUNTARY CONTRIBUTIONS TO THESE FUNDS. WE WILL ALSO 
PROMOTE THE EXTENSION OF THE INVESTORS IN PEOPLE INITIATIVE INTO 
MANY MORE SMALL FIRMS.
OUR NEW UNIVERSITY FOR INDUSTRY, COLLABORATING WITH THE OPEN 
UNIVERSITY, WILL BRING NEW OPPORTUNITIES TO ADULTS SEEKING TO 
DEVELOP THEIR POTENTIAL.  THIS WILL BRING GOVERNMENT, INDUSTRY 
AND EDUCATION TOGETHER TO CREATE A NEW RESOURCE WHOSE REMIT WILL 
BE TO USE NEW TECHNOLOGY TO ENHANCE SKILLS AND EDUCATION. THE 
UNIVERSITY FOR INDUSTRY WILL BE A PUBLIC/PRIVATE PARTNERSHIP, 
COMMISSIONING SOFTWARE AND DEVELOPING THE LINKS TO EXTEND 
LIFELONG LEARNING.


GOVERNMENT SPENDING ON EDUCATION

THE CONSERVATIVES HAVE CUT GOVERNMENT SPENDING ON EDUCATION 
AS A SHARE OF NATIONAL INCOME BY THE EQUIVALENT OF MORE THAN 3 
BILLION POUNDS AS SPENDING ON THE BILLS OF ECONOMIC AND SOCIAL 
FAILURE HAS RISEN. WE ARE COMMITTED TO REVERSING THIS TREND OF 
SPENDING. OVER THE COURSE OF A 
FIVE-YEAR PARLIAMENT, AS WE CUT THE COSTS OF ECONOMIC AND SOCIAL 
FAILURE WE WILL RAISE THE PROPORTION OF NATIONAL INCOME SPENT ON 
EDUCATION.


WE WILL
PROMOTE PERSONAL 
PROSPERITY FOR ALL

- ECONOMIC STABILITY TO PROMOTE INVESTMENT 
- TOUGH INFLATION TARGET, MORTGAGE RATES AS LOW AS POSSIBLE 
- STICK FOR TWO YEARS WITHIN EXISTING SPENDING LIMITS 
- FIVE-YEAR PLEDGE: NO INCREASEIN INCOME TAX RATES
- LONG-TERM OBJECTIVE OF TEN PENCE STARTING RATE OF INCOME TAX
- EARLY BUDGET TO GET PEOPLE OFF WELFARE AND INTO WORK

THE CONSERVATIVES HAVE IN 18 YEARS CREATED THE TWO LONGEST, 
DEEPEST RECESSIONS THIS CENTURY. WE HAVE EXPERIENCED THE 
SLOWEST AVERAGE GROWTH RATE OF ANY SIMILAR PERIOD SINCE THE 
SECOND WORLD WAR. THERE HAS BEEN A FUNDAMENTAL FAILURE TO 
TACKLE THE UNDERLYING CAUSES OF INFLATION, OF LOW GROWTH AND OF 
UNEMPLOYMENT. THESE ARE: 
 	TOO MUCH ECONOMIC INSTABILITY, WITH WILD SWINGS FROM 
BOOM TO BUST
 	TOO LITTLE INVESTMENT IN EDUCATION AND SKILLS, AND IN THE 
APPLICATION OF NEW TECHNOLOGIES
 	TOO FEW OPPORTUNITIES TO FIND JOBS, START NEW BUSINESSES 
OR BECOME SELF-EMPLOYED
 	TOO NARROW AN INDUSTRIAL BASE
 	AND TOO LITTLE SENSE OF COMMON PURPOSE IN THE WORKPLACE 
OR ACROSS THE NATION.
BRITAIN CAN DO BETTER. WE MUST BUILD ON THE BRITISH QUALITIES OF 
INVENTIVENESS, CREATIVITY AND ADAPTABILITY. NEW LABOUR'S 
OBJECTIVE IS TO IMPROVE LIVING STANDARDS FOR THE MANY, NOT JUST 
THE FEW. BUSINESS CAN AND MUST SUCCEED IN RAISING PRODUCTIVITY. 
THIS REQUIRES A COMBINATION OF A SKILLED AND EDUCATED WORKFORCE 
WITH INVESTMENT IN THE LATEST TECHNOLOGICAL INNOVATIONS, AS THE 
ROUTE TO HIGHER WAGES AND EMPLOYMENT.
AN EXPLICIT OBJECTIVE OF A LABOUR GOVERNMENT WILL BE TO RAISE THE 
TREND RATE OF GROWTH BY STRENGTHENING OUR WEALTH-CREATING BASE. 
WE WILL NURTURE INVESTMENT IN INDUSTRY, SKILLS, INFRASTRUCTURE AND 
NEW TECHNOLOGIES. AND WE WILL ATTACK LONG-TERM UNEMPLOYMENT, 
ESPECIALLY AMONG YOUNG PEOPLE. OUR GOAL WILL BE EDUCATIONAL 
AND EMPLOYMENT OPPORTUNITIES FOR ALL.
ECONOMIC STABILITY IS THE ESSENTIAL PLATFORM FOR SUSTAINED GROWTH. 
IN A GLOBAL ECONOMY THE ROUTE TO GROWTH IS STABILITY NOT INFLATION. 
THE PRIORITY MUST BE STABLE, LOW-INFLATION CONDITIONS FOR LONG-
TERM GROWTH. THE ROOT CAUSES OF INFLATION AND LOW GROWTH ARE THE 
SAME - AN ECONOMIC AND INDUSTRIAL BASE THAT REMAINS WEAK. 
GOVERNMENT CANNOT SOLVE ALL ECONOMIC PROBLEMS OR END THE 
ECONOMIC CYCLE. BUT BY SPENDING WISELY AND TAXING FAIRLY, 
GOVERNMENT CAN HELP TACKLE THE PROBLEMS. OUR GOALS ARE LOW 
INFLATION, RISING LIVING STANDARDS AND HIGH AND STABLE LEVELS OF 
EMPLOYMENT.


SPENDING AND TAX: NEW LABOUR'S APPROACH

THE MYTH THAT THE SOLUTION TO EVERY PROBLEM IS INCREASED 
SPENDING HAS BEEN COMPREHENSIVELY DISPELLED UNDER THE 
CONSERVATIVES. SPENDING HAS RISEN. BUT MORE SPENDING HAS 
BROUGHT NEITHER GREATER FAIRNESS NOR LESS POVERTY. QUITE THE 
REVERSE - OUR SOCIETY IS MORE DIVIDED THAN IT HAS BEEN FOR 
GENERATIONS. THE LEVEL OF PUBLIC SPENDING IS NO LONGER THE BEST 
MEASURE OF THE EFFECTIVENESS OF GOVERNMENT ACTION IN THE PUBLIC 
INTEREST. IT IS WHAT MONEY IS ACTUALLY SPENT ON THAT COUNTS MORE 
THAN HOW MUCH MONEY IS SPENT. 
THE NATIONAL DEBT HAS DOUBLED UNDER JOHN MAJOR. THE PUBLIC 
FINANCES REMAIN WEAK. A NEW LABOUR GOVERNMENT WILL GIVE 
IMMEDIATE HIGH PRIORITY TO SEEING HOW PUBLIC MONEY CAN BE 
BETTER USED. 
NEW LABOUR WILL BE WISE SPENDERS, NOT BIG SPENDERS. WE WILL 
WORK IN PARTNERSHIP WITH THE PRIVATE SECTOR TO ACHIEVE OUR GOALS. 
WE WILL ASK ABOUT PUBLIC SPENDING THE FIRST QUESTION THAT A 
MANAGER IN ANY COMPANY WOULD ASK - CAN EXISTING RESOURCES BE 
USED MORE EFFECTIVELY TO MEET OUR PRIORITIES? AND BECAUSE 
EFFICIENCY AND VALUE FOR MONEY ARE CENTRAL, MINISTERS WILL BE 
REQUIRED TO SAVE BEFORE THEY SPEND. 
SAVE TO INVEST IS OUR APPROACH, NOT TAX AND SPEND.  
THE INCREASE IN TAXES UNDER THE CONSERVATIVES IS THE MOST 
DRAMATIC EVIDENCE OF ECONOMIC FAILURE. SINCE 1992 THE TYPICAL 
FAMILY HAS PAID MORE THAN 2,000 POUNDS IN EXTRA TAXES - THE 
BIGGEST TAX HIKE IN PEACETIME HISTORY, BREAKING EVERY PROMISE 
MADE BY JOHN MAJOR AT THE LAST ELECTION. THE TRAGEDY IS THAT THOSE 
HARDEST HIT ARE LEAST ABLE TO PAY. THAT IS WHY WE STRONGLY 
OPPOSED THE IMPOSITION OF VAT ON FUEL: IT WAS LABOUR THAT 
STOPPED THE GOVERNMENT FROM INCREASING VAT ON FUEL TO 17.5 
PER CENT.
TAXATION IS NOT NEUTRAL IN THE WAY IT RAISES REVENUE. HOW AND 
WHAT GOVERNMENTS TAX SENDS CLEAR SIGNALS ABOUT THE ECONOMIC 
ACTIVITIES THEY BELIEVE SHOULD BE ENCOURAGED OR DISCOURAGED, AND 
THE VALUES THEY WISH TO ENTRENCH IN SOCIETY. JUST AS, FOR EXAMPLE, 
WORK SHOULD BE ENCOURAGED THROUGH THE TAX SYSTEM, 
ENVIRONMENTAL POLLUTION SHOULD BE DISCOURAGED.
NEW LABOUR WILL ESTABLISH A NEW TRUST ON TAX WITH THE BRITISH 
PEOPLE. THE PROMISES WE MAKE WE WILL KEEP. THE PRINCIPLES THAT 
WILL UNDERPIN OUR TAX POLICY ARE CLEAR: 
 	TO ENCOURAGE EMPLOYMENT OPPORTUNITIES AND WORK 
INCENTIVES FOR ALL
 	TO PROMOTE SAVINGS AND INVESTMENT
 	AND TO BE FAIR AND BE SEEN TO 
BE FAIR. 
NEW LABOUR IS NOT ABOUT HIGH TAXES ON ORDINARY FAMILIES. IT IS 
ABOUT SOCIAL JUSTICE AND A FAIR DEAL. 
NEW LABOUR THEREFORE MAKES THE FOLLOWING ECONOMIC PLEDGES.


FAIR TAXES 

THERE WILL BE NO RETURN TO THE PENAL TAX RATES THAT EXISTED UNDER 
BOTH LABOUR AND CONSERVATIVE GOVERNMENTS IN THE 1970S. 
TO ENCOURAGE WORK AND REWARD EFFORT, WE ARE PLEDGED NOT TO 
RAISE THE BASIC OR TOP RATES OF INCOME TAX THROUGHOUT THE NEXT 
PARLIAMENT. 
OUR LONG-TERM OBJECTIVE IS A LOWER STARTING RATE OF INCOME TAX OF 
TEN PENCE IN THE POUND. REDUCING THE HIGH MARGINAL RATES AT THE 
BOTTOM END OF THE EARNING SCALE - OFTEN 70 OR 80 PER CENT - IS NOT 
ONLY FAIR BUT DESIRABLE TO ENCOURAGE EMPLOYMENT. 
THIS GOAL WILL BENEFIT THE MANY, NOT THE FEW. IT IS IN SHARP 
CONTRAST TO THE TORY GOAL OF ABOLISHING CAPITAL GAINS AND 
INHERITANCE TAX, AT LEAST HALF THE BENEFIT OF WHICH WILL GO TO THE 
RICHEST 5,000 FAMILIES IN THE COUNTRY.  
WE WILL CUT VAT ON FUEL TO FIVE 
PER CENT, THE LOWEST LEVEL ALLOWED. 

WE RENEW OUR PLEDGE NOT TO EXTEND VAT TO FOOD, CHILDREN'S 
CLOTHES, BOOKS AND NEWSPAPERS AND PUBLIC TRANSPORT FARES.  
WE WILL ALSO EXAMINE THE INTERACTION OF THE TAX AND BENEFITS 
SYSTEMS SO THAT THEY CAN BE STREAMLINED AND MODERNISED, SO AS TO 
FULFIL OUR OBJECTIVES OF PROMOTING WORK INCENTIVES, REDUCING 
POVERTY AND WELFARE DEPENDENCY, AND STRENGTHENING COMMUNITY 
AND FAMILY LIFE.


NO RISKS WITH INFLATION 

WE WILL MATCH THE CURRENT TARGET FOR LOW AND STABLE INFLATION OF 
2.5 PER CENT OR LESS. WE WILL REFORM THE BANK OF ENGLAND TO 
ENSURE THAT DECISION-MAKING ON MONETARY POLICY IS MORE 
EFFECTIVE, OPEN, ACCOUNTABLE AND
FREE FROM SHORT-TERM POLITICAL MANIPULATION.


STRICT RULES FOR GOVERNMENT BORROWING 

WE WILL ENFORCE THE 'GOLDEN RULE' OF PUBLIC SPENDING - OVER THE 
ECONOMIC CYCLE, WE WILL ONLY BORROW TO INVEST AND NOT TO FUND 
CURRENT EXPENDITURE.
WE WILL ENSURE THAT - OVER THE ECONOMIC CYCLE - PUBLIC DEBT AS A 
PROPORTION OF NATIONAL INCOME IS AT A STABLE AND PRUDENT LEVEL.  


STICK TO PLANNED PUBLIC SPENDING ALLOCATIONS FOR THE FIRST TWO 
YEARS OF OFFICE 

OUR DECISIONS HAVE NOT BEEN TAKEN LIGHTLY. THEY ARE A RECOGNITION 
OF CONSERVATIVE MISMANAGEMENT OF THE PUBLIC FINANCES. FOR THE 
NEXT TWO YEARS LABOUR WILL WORK WITHIN THE DEPARTMENTAL 
CEILINGS FOR SPENDING ALREADY ANNOUNCED. WE WILL RESIST 
UNREASONABLE DEMANDS ON THE PUBLIC PURSE, INCLUDING ANY 
UNREASONABLE PUBLIC SECTOR PAY DEMANDS.


SWITCH SPENDING FROM ECONOMIC FAILURE TO INVESTMENT

WE WILL CONDUCT A CENTRAL SPENDING REVIEW AND DEPARTMENTAL 
REVIEWS TO ASSESS HOW TO USE RESOURCES BETTER, WHILE ROOTING OUT 
WASTE AND INEFFICIENCY IN PUBLIC SPENDING.
LABOUR PRIORITIES IN PUBLIC SPENDING ARE DIFFERENT FROM TORY 
PRIORITIES. 


TAX REFORM TO PROMOTE SAVING AND INVESTMENT  

WE WILL INTRODUCE A NEW INDIVIDUAL SAVINGS ACCOUNT AND EXTEND 
THE PRINCIPLE OF TESSAS AND PEPS TO PROMOTE LONG-TERM SAVING. 
WE WILL REVIEW THE CORPORATE AND CAPITAL GAINS TAX REGIMES TO SEE 
HOW THE TAX SYSTEM CAN PROMOTE GREATER LONG-TERM INVESTMENT. 


LABOUR'S WELFARE-TO-WORK BUDGET

WE WILL INTRODUCE A BUDGET WITHIN TWO MONTHS AFTER THE ELECTION 
TO BEGIN THE TASK OF EQUIPPING THE BRITISH ECONOMY AND 
REFORMING THE WELFARE STATE TO GET YOUNG PEOPLE AND THE LONG-
TERM UNEMPLOYED BACK TO WORK. THIS WELFARE-TO-WORK 
PROGRAMME WILL BE FUNDED BY A WINDFALL LEVY ON THE EXCESS 
PROFITS OF THE PRIVATISED UTILITIES, INTRODUCED IN THIS BUDGET AFTER 
WE HAVE CONSULTED THE REGULATORS.


WE WILL
HELP CREATE SUCCESSFUL 
AND PROFITABLE BUSINESSES

- BACKING BUSINESS: SKILLS, INFRASTRUCTURE, NEW MARKETS  
- GAINS FOR CONSUMERS WITH TOUGH COMPETITION LAW
- NEW MEASURES TO HELP SMALL BUSINESSES
- NATIONAL MINIMUM WAGE TO TACKLE
LOW PAY
- BOOST LOCAL ECONOMIC GROWTH WITH REGIONAL DEVELOPMENT 
AGENCIES
- A STRONG AND EFFECTIVE VOICE IN EUROPE


NEW LABOUR OFFERS BUSINESS A NEW DEAL FOR THE FUTURE. WE WILL 
LEAVE INTACT THE MAIN CHANGES OF THE 1980S IN INDUSTRIAL RELATIONS 
AND ENTERPRISE. WE SEE HEALTHY PROFITS AS AN ESSENTIAL MOTOR OF A 
DYNAMIC MARKET ECONOMY, AND BELIEVE THEY DEPEND ON QUALITY 
PRODUCTS, INNOVATIVE ENTREPRENEURS AND SKILLED EMPLOYEES. WE 
WILL BUILD A NEW PARTNERSHIP WITH BUSINESS TO IMPROVE THE 
COMPETITIVENESS OF BRITISH INDUSTRY FOR THE 21ST CENTURY, LEADING 
TO FASTER GROWTH. 
MANY OF THE FUNDAMENTALS OF THE BRITISH ECONOMY ARE STILL WEAK. 
LOW PAY AND LOW SKILLS GO TOGETHER: INSECURITY IS THE 
CONSEQUENCE OF ECONOMIC INSTABILITY; THE ABSENCE OF QUALITY JOBS 
IS A PRODUCT OF THE WEAKNESS OF OUR INDUSTRIAL BASE; WE SUFFER 
FROM BOTH HIGH UNEMPLOYMENT AND SKILLS SHORTAGES. THERE IS NO 
FUTURE FOR BRITAIN AS A LOW WAGE ECONOMY: WE CANNOT COMPETE 
ON WAGES WITH COUNTRIES PAYING A TENTH OR A HUNDREDTH OF BRITISH 
WAGES. 
WE NEED TO WIN ON HIGHER QUALITY, SKILL, INNOVATION AND 
RELIABILITY. WITH LABOUR, BRITISH AND INWARD INVESTORS WILL FIND 
THIS COUNTRY AN ATTRACTIVE AND PROFITABLE PLACE TO DO BUSINESS.
NEW LABOUR BELIEVES IN A FLEXIBLE LABOUR MARKET THAT SERVES 
EMPLOYERS AND EMPLOYEES ALIKE. BUT FLEXIBILITY ALONE IS NOT 
ENOUGH. WE NEED 'FLEXIBILITY PLUS':
	PLUS HIGHER SKILLS AND HIGHER STANDARDS IN OUR SCHOOLS 
AND COLLEGES
	PLUS POLICIES TO ENSURE ECONOMIC STABILITY
	PLUS PARTNERSHIP WITH BUSINESS TO RAISE INVESTMENT IN 
INFRASTRUCTURE, SCIENCE AND RESEARCH AND TO
	BACK SMALL FIRMS
	PLUS NEW LEADERSHIP FROM BRITAIN TO REFORM EUROPE, IN 
PLACE OF THE CURRENT POLICY OF DRIFT AND DISENGAGEMENT FROM OUR 
LARGEST MARKET 
	PLUS GUARANTEEING BRITAIN'S MEMBERSHIP OF THE SINGLE 
MARKET - INDEED OPENING UP FURTHER MARKETS INSIDE AND OUTSIDE 
THE EU - HELPING MAKE BRITAIN AN ATTRACTIVE PLACE TO DO BUSINESS
	PLUS MINIMUM STANDARDS OF FAIR TREATMENT, INCLUDING A 
NATIONAL MINIMUM WAGE
	PLUS AN IMAGINATIVE WELFARE-TO-WORK PROGRAMME TO PUT 
THE LONG-TERM UNEMPLOYED BACK TO WORK AND TO CUT SOCIAL 
SECURITY COSTS.


A REFORMED AND TOUGHER COMPETITION LAW  

COMPETITIVENESS ABROAD MUST BEGIN WITH COMPETITION AT HOME. 
EFFECTIVE COMPETITION CAN BRING VALUE AND QUALITY TO CONSUMERS. 
AS AN EARLY PRIORITY WE WILL REFORM BRITAIN'S COMPETITION LAW. 
WE WILL ADOPT A TOUGH 'PROHIBITIVE' APPROACH TO DETER ANTI-
COMPETITIVE PRACTICES AND ABUSES OF MARKET POWER. 
IN THE UTILITY INDUSTRIES WE WILL PROMOTE COMPETITION WHEREVER 
POSSIBLE. WHERE COMPETITION IS NOT AN EFFECTIVE DISCIPLINE, FOR 
EXAMPLE IN THE WATER INDUSTRY WHICH HAS A POOR ENVIRONMENTAL 
RECORD AND HAS IN MOST CASES BEEN A TAX-FREE ZONE, WE WILL 
PURSUE TOUGH, EFFICIENT REGULATION IN THE INTERESTS OF CUSTOMERS, 
AND, IN THE CASE OF WATER, IN THE INTERESTS OF THE ENVIRONMENT AS 
WELL. WE RECOGNISE THE NEED FOR OPEN AND PREDICTABLE REGULATION 
WHICH IS FAIR BOTH TO CONSUMERS AND TO SHAREHOLDERS AND AT THE 
SAME TIME PROVIDES INCENTIVES FOR MANAGERS TO INNOVATE AND 
IMPROVE EFFICIENCY. 


REINVIGORATE THE PRIVATE FINANCE INITIATIVE  

BRITAIN'S INFRASTRUCTURE IS DANGEROUSLY RUN DOWN: PARTS OF OUR 
ROAD AND RAIL NETWORK ARE SERIOUSLY NEGLECTED, AND ALL TOO OFTEN 
OUR URBAN ENVIRONMENT HAS BEEN ALLOWED TO DETERIORATE.  
LABOUR PIONEERED THE IDEA OF PUBLIC/PRIVATE PARTNERSHIPS. IT IS 
LABOUR LOCAL AUTHORITIES WHICH HAVE DONE MOST TO CREATE THESE 
PARTNERSHIPS AT LOCAL LEVEL.
A LABOUR GOVERNMENT WILL OVERCOME THE PROBLEMS THAT HAVE 
PLAGUED THE PFI AT A NATIONAL LEVEL. WE WILL SET PRIORITIES BETWEEN 
PROJECTS, SAVING TIME AND EXPENSE; WE WILL SEEK A REALISTIC 
ALLOCATION OF RISK BETWEEN THE PARTNERS TO A PROJECT; AND WE WILL 
ENSURE THAT BEST PRACTICE IS SPREAD THROUGHOUT GOVERNMENT. WE 
WILL AIM TO SIMPLIFY AND SPEED UP THE PLANNING PROCESS FOR MAJOR 
INFRASTRUCTURE PROJECTS OF VITAL NATIONAL INTEREST. 
WE WILL ENSURE THAT SELF-FINANCING COMMERCIAL ORGANISATIONS 
WITHIN THE PUBLIC SECTOR - THE POST OFFICE IS A PRIME EXAMPLE - 
ARE GIVEN GREATER COMMERCIAL FREEDOM TO MAKE THE MOST OF NEW 
OPPORTUNITIES.


BACKING SMALL BUSINESS 

THE NUMBER OF SMALL EMPLOYERS HAS DECLINED BY HALF A MILLION 
SINCE 1990.  SUPPORT FOR SMALL BUSINESSES WILL HAVE A MAJOR ROLE 
IN OUR PLANS FOR ECONOMIC GROWTH. WE WILL CUT UNNECESSARY RED 
TAPE; PROVIDE FOR STATUTORY INTEREST ON LATE PAYMENT OF DEBTS; 
IMPROVE SUPPORT FOR HIGH-TECH START-UPS; IMPROVE THE QUALITY AND 
RELEVANCE OF ADVICE AND TRAINING THROUGH A REFORMED BUSINESS 
LINKS NETWORK AND THE UNIVERSITY FOR INDUSTRY; AND ASSIST FIRMS 
TO ENTER OVERSEAS MARKETS MORE EFFECTIVELY. 


LOCAL ECONOMIC GROWTH  

PROSPERITY NEEDS TO BE BUILT FROM THE BOTTOM UP. WE WILL 
ESTABLISH ONE-STOP REGIONAL DEVELOPMENT AGENCIES TO CO-ORDINATE 
REGIONAL ECONOMIC DEVELOPMENT, HELP SMALL BUSINESS AND 
ENCOURAGE INWARD INVESTMENT. MANY REGIONS ARE ALREADY TAKING 
INFORMAL STEPS TO THIS END AND THEY WILL BE SUPPORTED.


STRENGTHEN OUR CAPABILITY IN SCIENCE, TECHNOLOGY AND DESIGN   
THE UK MUST BE POSITIVELY COMMITTED TO THE GLOBAL PURSUIT OF 
NEW KNOWLEDGE, WITH A STRONG SCIENCE BASE IN OUR UNIVERSITIES 
AND CENTRES OF EXCELLENCE LEADING THE WORLD. THE DEARING 
COMMITTEE REPRESENTS A SIGNIFICANT OPPORTUNITY TO PROMOTE HIGH-
QUALITY STANDARDS IN SCIENCE TEACHING AND RESEARCH THROUGHOUT 
UK HIGHER EDUCATION. WE SUPPORT A COLLABORATIVE APPROACH 
BETWEEN RESEARCHERS AND BUSINESS, SPREADING THE USE OF NEW 
TECHNOLOGY AND GOOD DESIGN, AND EXPLOITING OUR OWN INVENTIONS 
TO BOOST BUSINESS IN THE UK.


PROMOTING NEW GREEN TECHNOLOGIES AND BUSINESSES  

THERE IS HUGE POTENTIAL TO DEVELOP BRITAIN'S ENVIRONMENTAL 
TECHNOLOGY INDUSTRIES TO CREATE JOBS, WIN EXPORTS AND PROTECT THE 
ENVIRONMENT.
EFFECTIVE ENVIRONMENTAL MANAGEMENT IS AN INCREASINGLY 
IMPORTANT COMPONENT OF MODERN BUSINESS PRACTICE. WE SUPPORT A 
MAJOR PUSH TO PROMOTE ENERGY CONSERVATION - PARTICULARLY BY THE 
PROMOTION OF HOME ENERGY EFFICIENCY SCHEMES, LINKED TO OUR 
ENVIRONMENT TASKFORCE FOR THE UNDER-25S. WE ARE COMMITTED TO 
AN ENERGY POLICY DESIGNED TO PROMOTE CLEANER, MORE EFFICIENT 
ENERGY USE AND PRODUCTION, INCLUDING A NEW AND STRONG DRIVE TO 
DEVELOP RENEWABLE ENERGY SOURCES SUCH AS SOLAR AND WIND 
ENERGY, AND COMBINED HEAT AND POWER. WE SEE NO ECONOMIC 
CASE FOR THE BUILDING OF ANY NEW NUCLEAR POWER STATIONS.


KEY ELEMENTS OF THE 1980S TRADE UNION REFORMS TO STAY 
THERE MUST BE MINIMUM STANDARDS FOR THE INDIVIDUAL AT WORK, 
INCLUDING A MINIMUM WAGE, WITHIN A FLEXIBLE LABOUR MARKET. WE 
NEED A SENSIBLE BALANCE IN INDUSTRIAL RELATIONS LAW - RIGHTS AND 
DUTIES GO TOGETHER. 
THE KEY ELEMENTS OF THE TRADE UNION LEGISLATION OF THE 1980S WILL 
STAY - ON BALLOTS, PICKETING AND INDUSTRIAL ACTION. PEOPLE SHOULD 
BE FREE TO JOIN OR NOT TO JOIN A UNION. WHERE THEY DO DECIDE TO 
JOIN, AND WHERE A MAJORITY OF THE RELEVANT WORKFORCE VOTE IN A 
BALLOT FOR THE UNION TO REPRESENT THEM, THE UNION SHOULD BE 
RECOGNISED. THIS PROMOTES STABLE AND ORDERLY INDUSTRIAL 
RELATIONS.  THERE WILL BE FULL CONSULTATION ON THE MOST EFFECTIVE 
MEANS OF IMPLEMENTING THIS PROPOSAL.


PARTNERSHIP AT WORK  

THE BEST COMPANIES RECOGNISE THEIR EMPLOYEES AS PARTNERS IN THE 
ENTERPRISE. EMPLOYEES WHOSE CONDITIONS ARE GOOD ARE MORE 
COMMITTED TO THEIR COMPANIES AND ARE MORE PRODUCTIVE. MANY 
UNIONS AND EMPLOYERS ARE EMBRACING PARTNERSHIP IN PLACE OF 
CONFLICT. GOVERNMENT SHOULD WELCOME THIS.
WE ARE KEEN TO ENCOURAGE A VARIETY OF FORMS OF PARTNERSHIP AND 
ENTERPRISE, SPREADING OWNERSHIP AND ENCOURAGING MORE 
EMPLOYEES TO BECOME OWNERS THROUGH EMPLOYEE SHARE 
OWNERSHIP PLANS AND 
CO-OPERATIVES. WE SUPPORT TOO THE SOCIAL CHAPTER OF THE EU, BUT 
WILL DEPLOY OUR INFLUENCE IN EUROPE TO ENSURE THAT IT DEVELOPS SO 
AS TO  PROMOTE EMPLOYABILITY AND COMPETITIVENESS, NOT 
INFLEXIBILITY.


A SENSIBLY SET NATIONAL MINIMUM WAGE 

THERE SHOULD BE A STATUTORY LEVEL BENEATH WHICH PAY SHOULD NOT 
FALL - WITH THE MINIMUM WAGE DECIDED NOT ON THE BASIS OF A RIGID 
FORMULA BUT ACCORDING TO THE ECONOMIC CIRCUMSTANCES OF THE TIME 
AND WITH THE ADVICE OF AN INDEPENDENT LOW PAY COMMISSION, 
WHOSE MEMBERSHIP
WILL INCLUDE REPRESENTATIVES OF EMPLOYERS, INCLUDING SMALL 
BUSINESS, AND EMPLOYEES. 
EVERY MODERN INDUSTRIAL COUNTRY HAS A MINIMUM WAGE, 
INCLUDING THE US AND JAPAN. BRITAIN USED TO HAVE MINIMUM 
WAGES THROUGH THE WAGES COUNCILS. INTRODUCED SENSIBLY, THE 
MINIMUM WAGE WILL REMOVE THE WORST EXCESSES OF LOW PAY (AND 
BE OF PARTICULAR BENEFIT TO WOMEN), WHILE CUTTING SOME OF THE 
MASSIVE 
4 BILLION POUNDS BENEFITS BILL BY WHICH THE TAXPAYER SUBSIDISES 
COMPANIES THAT PAY VERY LOW WAGES.


WE WILL
GET THE UNEMPLOYED 
FROM WELFARE TO WORK


- STOP THE GROWTH OF AN 'UNDERCLASS' IN BRITAIN
- 250,000 YOUNG UNEMPLOYED OFF BENEFIT AND INTO WORK 
- TAX CUTS FOR EMPLOYERS WHO CREATE NEW JOBS FOR THE LONG-TERM 
UNEMPLOYED
- EFFECTIVE HELP FOR LONE PARENTS


THERE ARE OVER ONE MILLION FEWER JOBS IN BRITAIN THAN IN 1990. 
ONE IN FIVE FAMILIES HAS NO ONE WORKING. ONE MILLION SINGLE 
MOTHERS ARE TRAPPED ON BENEFITS. THERE IS A WIDER GAP BETWEEN 
RICH AND POOR THAN FOR GENERATIONS. 
WE ARE DETERMINED NOT TO CONTINUE DOWN THE ROAD OF A PERMANENT
HAVE-NOT CLASS, UNEMPLOYED AND DISAFFECTED FROM SOCIETY. OUR 
LONG-TERM OBJECTIVE IS HIGH AND STABLE LEVELS OF EMPLOYMENT. 
THIS IS THE TRUE MEANING OF A STAKEHOLDER ECONOMY - WHERE 
EVERYONE HAS A STAKE IN SOCIETY AND OWES RESPONSIBILITIES TO IT.
THE BEST WAY TO TACKLE POVERTY IS TO HELP PEOPLE INTO JOBS - REAL 
JOBS. THE UNEMPLOYED HAVE A RESPONSIBILITY TO TAKE UP THE 
OPPORTUNITY OF TRAINING PLACES OR WORK, BUT THESE MUST BE REAL 
OPPORTUNITIES. THE GOVERNMENT'S WORKFARE PROPOSALS - WITH A 
SUCCESS RATE OF ONE IN TEN - FAIL THIS TEST. 
LABOUR'S WELFARE-TO-WORK PROGRAMME WILL ATTACK UNEMPLOYMENT 
AND BREAK THE SPIRAL OF ESCALATING SPENDING ON SOCIAL SECURITY. A 
ONE-OFF WINDFALL LEVY ON THE EXCESS PROFITS OF THE PRIVATISED 
UTILITIES WILL FUND OUR AMBITIOUS PROGRAMME. 


EVERY YOUNG PERSON UNEMPLOYED FOR MORE THAN SIX MONTHS IN A 
JOB OR TRAINING  

WE WILL GIVE 250,000 UNDER-25S OPPORTUNITIES FOR WORK, 
EDUCATION AND TRAINING. FOUR OPTIONS WILL BE ON OFFER, EACH 
INVOLVING DAY-RELEASE EDUCATION OR TRAINING LEADING TO A 
QUALIFICATION: 
	PRIVATE-SECTOR JOB: EMPLOYERS WILL BE OFFERED A 60 POUND-
A-WEEK REBATE FOR SIX MONTHS
	WORK WITH A NON-PROFIT VOLUNTARY SECTOR EMPLOYER, 
PAYING A WEEKLY WAGE, EQUIVALENT TO BENEFIT PLUS A FIXED SUM FOR 
SIX MONTHS
	FULL-TIME STUDY FOR YOUNG PEOPLE WITHOUT QUALIFICATIONS 
ON AN APPROVED COURSE
	A JOB WITH THE ENVIRONMENT TASKFORCE, LINKED TO LABOUR'S 
CITIZENS' SERVICE PROGRAMME.
RIGHTS AND RESPONSIBILITIES MUST GO HAND IN HAND, WITHOUT A FIFTH 
OPTION OF LIFE ON FULL BENEFIT. 


EVERY 16 AND 17 YEAR-OLD ON THE ROAD TO A PROPER QUALIFICATION BY 
THE YEAR 2000

NEARLY A THIRD OF YOUNG PEOPLE DO NOT ACHIEVE AN NVQ LEVEL TWO 
QUALIFICATION BY AGE 19. ALL YOUNG PEOPLE WILL BE OFFERED PART-
TIME OR FULL-TIME EDUCATION AFTER THE AGE OF 16. ANY UNDER-18 
YEAR-OLD IN A JOB WILL HAVE THE RIGHT TO STUDY ON AN APPROVED 
COURSE FOR QUALIFICATIONS AT COLLEGE. WE WILL REPLACE THE FAILED 
YOUTH TRAINING SCHEME WITH OUR NEW TARGET 2000 PROGRAMME, 
OFFERING YOUNG PEOPLE HIGH-QUALITY EDUCATION AND TRAINING. 


ACTION ON LONG-TERM UNEMPLOYMENT   

NEW PARTNERSHIPS BETWEEN GOVERNMENT AND BUSINESS, FULLY 
INVOLVING LOCAL AUTHORITIES AND THE VOLUNTARY SECTOR, WILL ATTACK 
LONG-TERM JOBLESSNESS. WE WILL ENCOURAGE EMPLOYERS TO TAKE ON 
THOSE WHO HAVE SUFFERED UNEMPLOYMENT FOR MORE THAN TWO YEARS 
WITH A 75 POUND-A-WEEK TAX REBATE PAID FOR SIX MONTHS, FINANCED 
BY THE WINDFALL LEVY. OUR PROGRAMME FOR THE PHASED RELEASE OF 
PAST RECEIPTS FROM COUNCIL HOUSE SALES WILL PROVIDE NEW JOBS IN 
THE CONSTRUCTION INDUSTRY.


LONE PARENTS INTO WORK  

TODAY THE MAIN CONNECTION BETWEEN UNEMPLOYED LONE PARENTS 
AND THE STATE IS THEIR BENEFITS. MOST LONE PARENTS WANT TO WORK, 
BUT ARE GIVEN NO HELP TO FIND IT. NEW LABOUR HAS A POSITIVE 
POLICY. ONCE THE YOUNGEST CHILD IS IN THE SECOND TERM OF FULL-TIME 
SCHOOL, LONE PARENTS WILL BE OFFERED ADVICE BY A PROACTIVE 
EMPLOYMENT SERVICE TO DEVELOP A PACKAGE OF JOB SEARCH, TRAINING 
AND AFTER-SCHOOL CARE TO HELP THEM OFF BENEFIT. 


CUSTOMISED, PERSONALISED SERVICES  

WE FAVOUR INITIATIVES WITH NEW COMBINATIONS OF AVAILABLE 
BENEFITS TO SUIT INDIVIDUAL CIRCUMSTANCES. IN NEW AND INNOVATIVE 
'EMPLOYMENT ZONES', PERSONAL JOB ACCOUNTS WILL COMBINE 
MONEY CURRENTLY AVAILABLE FOR BENEFITS AND TRAINING, TO OFFER THE 
UNEMPLOYED NEW OPTIONS - LEADING TO WORK AND INDEPENDENCE. 
WE WILL CO-ORDINATE BENEFITS, EMPLOYMENT AND CAREER SERVICES, 
AND UTILISE NEW TECHNOLOGY TO IMPROVE THEIR QUALITY AND 
EFFICIENCY.


FRAUD 

JUST AS WE OWE IT TO THE TAXPAYER TO CRACK DOWN ON TAX 
AVOIDANCE, SO WE MUST CRACK DOWN ON DISHONESTY IN THE BENEFIT 
SYSTEM. WE WILL START WITH A CLAMPDOWN ON HOUSING BENEFIT 
FRAUD, ESTIMATED TO COST 2 BILLION POUNDS A YEAR, AND WILL 
MAINTAIN ACTION AGAINST BENEFIT FRAUD OF ALL KINDS.


WE WILL
SAVE THE NHS

- 100,000 PEOPLE OFF WAITING LISTS
- END THE TORY INTERNAL MARKET
- END WAITING FOR CANCER SURGERY
- TOUGH QUALITY TARGETS FOR HOSPITALS 
- INDEPENDENT FOOD STANDARDS AGENCY
- NEW PUBLIC HEALTH DRIVE
- RAISE SPENDING IN REAL TERMS EVERY YEAR - AND SPEND THE MONEY 
ON PATIENTS NOT BUREAUCRACY

LABOUR CREATED THE NHS 

50 YEARS AGO. IT IS UNDER THREAT FROM THE CONSERVATIVES. WE WANT 
TO SAVE AND MODERNISE THE NHS.
BUT IF THE CONSERVATIVES ARE ELECTED AGAIN THERE MAY WELL NOT BE 
AN NHS IN FIVE YEARS' TIME - NEITHER NATIONAL NOR 
COMPREHENSIVE. LABOUR COMMITS ITSELF ANEW TO THE HISTORIC 
PRINCIPLE: THAT IF YOU ARE ILL OR INJURED THERE WILL BE A NATIONAL 
HEALTH SERVICE THERE TO HELP; AND ACCESS TO IT WILL BE BASED ON 
NEED AND NEED ALONE - NOT ON YOUR ABILITY TO PAY, OR ON WHO 
YOUR GP HAPPENS TO BE OR ON WHERE YOU LIVE.
IN 1990 THE CONSERVATIVES IMPOSED ON THE NHS A COMPLEX 
INTERNAL MARKET OF HOSPITALS COMPETING TO WIN CONTRACTS FROM 
HEALTH AUTHORITIES AND FUNDHOLDING GPS. THE RESULT IS AN NHS 
STRANGLED BY COSTLY RED TAPE, WITH EVERY INDIVIDUAL TRANSACTION 
THE SUBJECT OF A SEPARATE INVOICE. AFTER SIX YEARS, BUREAUCRACY 
SWALLOWS AN EXTRA 1.5 BILLION POUNDS PER YEAR; THERE ARE 20,000 
MORE MANAGERS AND 50,000 FEWER NURSES ON THE WARDS; AND 
MORE THAN ONE MILLION PEOPLE ARE ON WAITING LISTS.  THE 
GOVERNMENT HAS CONSISTENTLY FAILED TO MEET EVEN ITS OWN HEALTH 
TARGETS.
THERE CAN BE NO RETURN TO TOP-DOWN MANAGEMENT, BUT LABOUR 
WILL END THE CONSERVATIVES' INTERNAL MARKET IN HEALTHCARE. THE 
PLANNING AND PROVISION OF CARE ARE NECESSARY AND DISTINCT 
FUNCTIONS, AND WILL REMAIN SO. BUT UNDER THE TORIES, THE 
ADMINISTRATIVE COSTS OF PURCHASING CARE HAVE UNDERMINED 
PROVISION AND THE MARKET SYSTEM HAS DISTORTED CLINICAL PRIORITIES. 
LABOUR WILL CUT COSTS BY REMOVING THE BUREAUCRATIC PROCESSES OF 
THE INTERNAL MARKET.
THE SAVINGS ACHIEVED WILL GO ON DIRECT CARE FOR PATIENTS. AS A 
START, THE FIRST 100 MILLION POUNDS SAVED WILL TREAT AN EXTRA 
100,000 PATIENTS. WE WILL END WAITING FOR CANCER SURGERY, 
THEREBY HELPING THOUSANDS OF WOMEN WAITING FOR BREAST CANCER 
TREATMENT.


PRIMARY CARE WILL PLAY A LEAD ROLE  

IN RECENT YEARS, GPS HAVE GAINED POWER ON BEHALF OF THEIR 
PATIENTS IN A CHANGED RELATIONSHIP WITH CONSULTANTS, AND WE 
SUPPORT THIS. BUT THE DEVELOPMENT OF GP FUNDHOLDING HAS ALSO 
BROUGHT DISADVANTAGES. DECISION-MAKING HAS BEEN FRAGMENTED. 
ADMINISTRATIVE COSTS HAVE GROWN. AND A TWO-TIER SERVICE HAS 
RESULTED. 
LABOUR WILL RETAIN THE LEAD ROLE FOR PRIMARY CARE BUT REMOVE THE 
DISADVANTAGES THAT HAVE COME FROM THE PRESENT SYSTEM. GPS AND 
NURSES WILL TAKE THE LEAD IN COMBINING TOGETHER LOCALLY TO PLAN 
LOCAL HEALTH SERVICES MORE EFFICIENTLY FOR ALL THE PATIENTS IN THEIR 
AREA. THIS WILL ENABLE ALL GPS IN AN AREA TO BRING THEIR COMBINED 
STRENGTH TO BEAR UPON INDIVIDUAL HOSPITALS TO SECURE HIGHER 
STANDARDS OF PATIENT PROVISION. IN MAKING THIS CHANGE, WE WILL 
BUILD ON THE EXISTING COLLABORATIVE SCHEMES WHICH ALREADY SERVE 
14 MILLION PEOPLE. 
THE CURRENT SYSTEM OF YEAR-ON-YEAR CONTRACTS IS COSTLY AND 
UNSTABLE. WE WILL INTRODUCE THREE- TO FIVE-YEAR AGREEMENTS 
BETWEEN THE LOCAL PRIMARY CARE TEAMS AND HOSPITALS. HOSPITALS 
WILL THEN BE BETTER ABLE TO PLAN WORK AT FULL CAPACITY AND CO-
OPERATE TO ENHANCE PATIENT SERVICES.


HIGHER-QUALITY SERVICES FOR PATIENTS

HOSPITALS WILL RETAIN THEIR AUTONOMY OVER DAY-TO-DAY 
ADMINISTRATIVE FUNCTIONS, BUT, AS PART OF THE NHS, THEY WILL BE 
REQUIRED TO MEET HIGH-QUALITY STANDARDS IN THE PROVISION OF CARE. 
MANAGEMENT WILL BE HELD TO ACCOUNT FOR PERFORMANCE LEVELS. 
BOARDS WILL BECOME MORE REPRESENTATIVE OF THE  LOCAL 
COMMUNITIES THEY SERVE. 
A NEW PATIENTS' CHARTER WILL CONCENTRATE ON THE QUALITY AND 
SUCCESS OF TREATMENT. THE TORIES' SO-CALLED  'EFFICIENCY INDEX' 
COUNTS THE NUMBER OF PATIENT 'EPISODES', NOT THE QUALITY OR 
SUCCESS OF TREATMENT. WITH LABOUR, THE MEASURE WILL BE QUALITY 
OF OUTCOME, ITSELF AN INCENTIVE FOR EFFECTIVENESS. AS PART OF OUR 
CONCERN TO ENSURE QUALITY, WE WILL WORK TOWARDS THE ELIMINATION 
OF MIXED-SEX WARDS.
HEALTH AUTHORITIES WILL BECOME THE GUARDIANS OF HIGH STANDARDS. 
THEY WILL MONITOR SERVICES, SPREAD BEST PRACTICE AND ENSURE 
RISING STANDARDS OF CARE. 
THE TORY ATTEMPT TO USE PRIVATE MONEY TO BUILD HOSPITALS HAS 
FAILED TO DELIVER. LABOUR WILL OVERCOME THE PROBLEMS THAT HAVE 
PLAGUED THE PRIVATE FINANCE INITIATIVE, END THE DELAYS, SORT OUT 
THE CONFUSION AND DEVELOP NEW FORMS OF PUBLIC/PRIVATE 
PARTNERSHIP THAT WORK BETTER AND PROTECT THE INTERESTS OF THE NHS. 
LABOUR IS OPPOSED TO THE PRIVATISATION OF CLINICAL SERVICES WHICH 
IS BEING ACTIVELY PROMOTED BY THE CONSERVATIVES.
LABOUR WILL PROMOTE NEW DEVELOPMENTS IN TELEMEDICINE - 
BRINGING EXPERT ADVICE FROM REGIONAL CENTRES OF EXCELLENCE TO 
NEIGHBOURHOOD LEVEL USING NEW TECHNOLOGY.


GOOD HEALTH 

A NEW MINISTER FOR PUBLIC HEALTH WILL ATTACK THE ROOT CAUSES OF ILL 
HEALTH, AND SO IMPROVE LIVES AND SAVE THE NHS MONEY. LABOUR 
WILL SET NEW GOALS FOR IMPROVING THE OVERALL HEALTH OF THE NATION 
WHICH RECOGNISE THE IMPACT THAT POVERTY, POOR HOUSING, 
UNEMPLOYMENT AND A POLLUTED ENVIRONMENT HAVE ON HEALTH.
SMOKING IS THE GREATEST SINGLE CAUSE OF PREVENTABLE ILLNESS AND 
PREMATURE DEATH IN THE UK. WE WILL THEREFORE BAN TOBACCO 
ADVERTISING. 
LABOUR WILL ESTABLISH AN INDEPENDENT FOOD STANDARDS AGENCY. 
THE 3.5 BILLION POUNDS BSE CRISIS AND THE 
E. COLI OUTBREAK WHICH RESULTED IN SERIOUS LOSS OF LIFE, HAVE MADE 
UNANSWERABLE THE CASE FOR THE INDEPENDENT AGENCY WE HAVE 
PROPOSED. 


NHS SPENDING

THE CONSERVATIVES HAVE WASTED SPENDING ON THE NHS. WE WILL 
DO BETTER. WE WILL RAISE SPENDING ON THE NHS IN REAL TERMS EVERY 
YEAR AND PUT THE MONEY TOWARDS PATIENT CARE. AND A GREATER 
PROPORTION OF EVERY POUND SPENT WILL GO ON PATIENT CARE NOT 
BUREAUCRACY.


AN NHS FOR THE FUTURE

THE NHS REQUIRES CONTINUITY AS WELL AS CHANGE, OR THE SYSTEM 
CANNOT COPE. THERE MUST BE PILOTS TO ENSURE THAT CHANGE WORKS. 
AND THERE MUST BE FLEXIBILITY, NOT RIGID PRESCRIPTION, IF 
INNOVATION IS TO FLOURISH.   
OUR FUNDAMENTAL PURPOSE IS SIMPLE BUT HUGELY IMPORTANT: TO 
RESTORE THE NHS AS A PUBLIC SERVICE WORKING 
CO-OPERATIVELY FOR PATIENTS, NOT A COMMERCIAL BUSINESS DRIVEN BY 
COMPETITION.


WE WILL
BE TOUGH ON CRIME AND 
TOUGH ON THE CAUSES 
OF CRIME


- FAST-TRACK PUNISHMENT FOR PERSISTENT YOUNG OFFENDERS
- REFORM CROWN PROSECUTION SERVICE TO CONVICT MORE CRIMINALS
- POLICE ON THE BEAT NOT PUSHING PAPER
- CRACKDOWN ON PETTY CRIMES AND NEIGHBOURHOOD DISORDER
- FRESH PARLIAMENTARY VOTE TO BAN ALL HANDGUNS

UNDER THE CONSERVATIVES, CRIME HAS DOUBLED AND MANY MORE 
CRIMINALS GET AWAY WITH THEIR CRIMES: THE NUMBER OF PEOPLE 
CONVICTED HAS FALLEN BY A THIRD, WITH ONLY ONE CRIME IN 50 LEADING 
TO A CONVICTION. THIS IS THE WORST RECORD 
OF ANY GOVERNMENT SINCE THE SECOND WORLD WAR - AND FOR 
ENGLAND AND WALES THE WORST RECORD OF ANY MAJOR INDUSTRIALISED 
COUNTRY. LAST YEAR ALONE VIOLENT CRIME ROSE 11 PER CENT.
WE PROPOSE A NEW APPROACH TO LAW AND ORDER: TOUGH ON CRIME 
AND TOUGH ON THE CAUSES OF CRIME. WE INSIST ON INDIVIDUAL 
RESPONSIBILITY FOR CRIME, AND WILL ATTACK THE CAUSES OF CRIME BY 
OUR MEASURES TO RELIEVE SOCIAL DEPRIVATION. 
THE POLICE HAVE OUR STRONG SUPPORT. THEY ARE IN THE FRONT LINE OF 
THE FIGHT AGAINST CRIME AND DISORDER. THE CONSERVATIVES HAVE 
BROKEN THEIR 1992 GENERAL ELECTION PLEDGE TO PROVIDE AN EXTRA 
1,000 POLICE OFFICERS. WE WILL RELIEVE THE POLICE OF UNNECESSARY 
BUREAUCRATIC BURDENS TO GET MORE OFFICERS BACK ON THE BEAT.


YOUTH CRIME 

YOUTH CRIME AND DISORDER HAVE RISEN SHARPLY, BUT VERY FEW 
YOUNG OFFENDERS END UP IN COURT, AND WHEN THEY DO HALF ARE LET 
OFF WITH ANOTHER WARNING. YOUNG OFFENDERS ACCOUNT FOR SEVEN 
MILLION CRIMES A YEAR. 
FAR TOO OFTEN YOUNG CRIMINALS OFFEND AGAIN AND AGAIN WHILE 
WAITING MONTHS FOR A COURT HEARING. WE WILL HALVE THE TIME IT 
TAKES TO GET PERSISTENT YOUNG OFFENDERS FROM ARREST TO SENTENCING; 
REPLACE WIDESPREAD REPEAT CAUTIONS WITH A SINGLE FINAL WARNING; 
BRING TOGETHER YOUTH OFFENDER TEAMS IN EVERY AREA; AND 
STREAMLINE THE SYSTEM OF YOUTH COURTS TO MAKE IT FAR MORE 
EFFECTIVE. 
NEW PARENTAL RESPONSIBILITY ORDERS WILL MAKE PARENTS FACE UP TO 
THEIR RESPONSIBILITY FOR THEIR CHILDREN'S MISBEHAVIOUR.


CONVICTION AND SENTENCING 

THE JOB OF THE CROWN PROSECUTION SERVICE IS TO PROSECUTE 
CRIMINALS EFFECTIVELY. THERE IS STRONG EVIDENCE THAT THE CPS IS 
OVER-CENTRALISED, BUREAUCRATIC AND INEFFICIENT, WITH CASES TOO 
OFTEN DROPPED, DELAYED, OR DOWNGRADED TO LESSER OFFENCES. 
LABOUR WILL DECENTRALISE THE CPS, WITH LOCAL CROWN PROSECUTORS 
CO-OPERATING MORE EFFECTIVELY WITH LOCAL POLICE FORCES.
WE WILL IMPLEMENT AN EFFECTIVE SENTENCING SYSTEM FOR ALL THE 
MAIN OFFENCES TO ENSURE GREATER CONSISTENCY AND STRICTER 
PUNISHMENT FOR SERIOUS REPEAT OFFENDERS. THE COURTS WILL HAVE TO 
SPELL OUT WHAT EACH SENTENCE REALLY MEANS IN PRACTICE. THE COURT 
OF APPEAL WILL HAVE A DUTY TO LAY DOWN SENTENCING GUIDELINES FOR 
ALL THE MAIN OFFENCES. THE ATTORNEY GENERAL'S POWER TO APPEAL 
UNDULY LENIENT SENTENCES WILL BE EXTENDED.
THE PRISON SERVICE NOW FACES SERIOUS FINANCIAL PROBLEMS. WE 
WILL AUDIT THE RESOURCES AVAILABLE, TAKE PROPER MINISTERIAL 
RESPONSIBILITY FOR THE SERVICE, AND SEEK TO ENSURE THAT PRISON 
REGIMES ARE CONSTRUCTIVE AND REQUIRE INMATES TO FACE UP TO THEIR 
OFFENDING BEHAVIOUR.


DISORDER 

THE CONSERVATIVES HAVE FORGOTTEN THE 'ORDER' PART OF 'LAW AND 
ORDER'. WE WILL TACKLE THE UNACCEPTABLE LEVEL OF ANTI-SOCIAL 
BEHAVIOUR AND CRIME ON OUR STREETS. OUR 'ZERO TOLERANCE' 
APPROACH WILL ENSURE THAT PETTY CRIMINALITY AMONG YOUNG 
OFFENDERS IS SERIOUSLY ADDRESSED.
COMMUNITY SAFETY ORDERS WILL DEAL WITH THREATENING AND 
DISRUPTIVE CRIMINAL NEIGHBOURS. LABOUR HAS TAKEN THE LEAD IN 
PROPOSING ACTION TO TACKLE THE PROBLEMS OF STALKING AND DOMESTIC 
VIOLENCE.
CHILD PROTECTION ORDERS WILL DEAL WITH YOUNG CHILDREN SUFFERING 
NEGLECT BY PARENTS BECAUSE THEY ARE LEFT OUT ON THEIR OWN FAR TOO 
LATE AT NIGHT. 
BRITAIN IS A MULTIRACIAL AND MULTICULTURAL SOCIETY. ALL ITS MEMBERS 
MUST HAVE THE PROTECTION OF THE LAW. WE WILL CREATE A NEW 
OFFENCE OF RACIAL HARASSMENT AND A NEW CRIME OF RACIALLY 
MOTIVATED VIOLENCE TO PROTECT ETHNIC MINORITIES FROM INTIMIDATION.


DRUGS 

THE VICIOUS CIRCLE OF DRUGS AND CRIME WRECKS LIVES AND THREATENS 
COMMUNITIES. LABOUR WILL APPOINT AN ANTI-DRUGS SUPREMO TO CO-
ORDINATE OUR BATTLE AGAINST DRUGS ACROSS ALL GOVERNMENT 
DEPARTMENTS. THE 'DRUG CZAR' WILL BE A SYMBOL OF OUR 
COMMITMENT TO TACKLE THE MODERN MENACE OF DRUGS IN OUR 
COMMUNITIES.
WE WILL PILOT THE USE OF COMPULSORY DRUG TESTING AND TREATMENT 
ORDERS FOR OFFENDERS TO ENSURE THAT THE LINK BETWEEN DRUG 
ADDICTION AND CRIME IS BROKEN. THIS WILL BE PAID FOR BY BRINGING 
REMAND DELAYS DOWN TO THE NATIONAL TARGETS.
WE WILL ATTACK THE DRUG PROBLEM IN PRISONS. IN ADDITION TO 
RANDOM DRUG TESTING OF ALL PRISONERS WE WILL AIM FOR A VOLUNTARY 
TESTING UNIT IN EVERY PRISON FOR PRISONERS READY TO PROVE THEY ARE 
DRUG-FREE.


VICTIMS 

VICTIMS OF CRIME ARE TOO OFTEN NEGLECTED BY THE CRIMINAL JUSTICE 
SYSTEM. WE WILL ENSURE THAT VICTIMS ARE KEPT FULLY INFORMED OF 
THE PROGRESS OF THEIR CASE, AND WHY CHARGES MAY HAVE BEEN 
DOWNGRADED OR DROPPED. 
GREATER PROTECTION WILL BE PROVIDED FOR VICTIMS IN RAPE AND 
SERIOUS SEXUAL OFFENCE TRIALS AND FOR THOSE SUBJECT TO 
INTIMIDATION, INCLUDING WITNESSES.


PREVENTION 

WE WILL PLACE A NEW RESPONSIBILITY ON LOCAL AUTHORITIES TO DEVELOP 
STATUTORY PARTNERSHIPS TO HELP PREVENT CRIME. LOCAL COUNCILS WILL 
THEN BE REQUIRED TO SET TARGETS FOR THE REDUCTION OF CRIME AND 
DISORDER IN THEIR AREA. 


GUN CONTROL 

IN THE WAKE OF DUNBLANE AND HUNGERFORD, IT IS CLEAR THAT ONLY THE 
STRICTEST FIREARMS LAWS CAN PROVIDE MAXIMUM SAFETY. THE 
CONSERVATIVES FAILED TO OFFER THE PROTECTION REQUIRED. LABOUR LED 
THE CALL FOR AN OUTRIGHT BAN ON ALL HANDGUNS IN GENERAL CIVILIAN 
USE. THERE WILL BE LEGISLATION TO ALLOW INDIVIDUAL MPS A FREE VOTE 
FOR A COMPLETE BAN ON HANDGUNS. 
LABOUR IS THE PARTY OF LAW AND ORDER IN BRITAIN TODAY.


WE WILL
STRENGTHEN 
FAMILY LIFE


- HELP PARENTS BALANCE WORK AND FAMILY
- SECURITY IN HOUSING AND HELP FOR HOMEOWNERS
- TACKLE HOMELESSNESS USING RECEIPTS FROM COUNCIL HOUSE SALES
- DIGNITY AND SECURITY IN RETIREMENT
- PROTECT THE BASIC STATE PENSION AND PROMOTE SECURE SECOND 
PENSIONS


WE WILL UPHOLD FAMILY LIFE AS THE MOST SECURE MEANS OF BRINGING 
UP OUR CHILDREN. FAMILIES ARE THE CORE OF OUR SOCIETY. THEY 
SHOULD TEACH RIGHT FROM WRONG. THEY SHOULD BE THE FIRST DEFENCE 
AGAINST ANTI-SOCIAL BEHAVIOUR. THE BREAKDOWN OF FAMILY LIFE 
DAMAGES THE FABRIC OF OUR SOCIETY.
LABOUR DOES NOT SEE FAMILIES AND THE STATE AS RIVAL PROVIDERS FOR 
THE NEEDS OF OUR CITIZENS. FAMILIES SHOULD PROVIDE THE DAY-TO-DAY 
SUPPORT FOR CHILDREN TO BE BROUGHT UP IN A STABLE AND LOVING 
ENVIRONMENT. BUT FAMILIES CANNOT FLOURISH UNLESS GOVERNMENT 
PLAYS ITS DISTINCTIVE ROLE: IN EDUCATION; WHERE NECESSARY, IN CARING 
FOR THE YOUNG; IN MAKING ADEQUATE PROVISION FOR ILLNESS AND OLD 
AGE; IN SUPPORTING GOOD PARENTING; AND IN PROTECTING FAMILIES 
FROM LAWLESSNESS AND
ABUSE OF POWER. SOCIETY, THROUGH GOVERNMENT, MUST ASSIST 
FAMILIES TO ACHIEVE COLLECTIVELY WHAT NO FAMILY CAN ACHIEVE ALONE. 
YET FAMILIES IN BRITAIN TODAY ARE UNDER STRAIN AS NEVER BEFORE. 
THE SECURITY ONCE OFFERED BY THE HEALTH SERVICE HAS BEEN 
UNDERMINED. STREETS ARE NOT SAFE. HOUSING INSECURITY GROWS. 
ONE IN FIVE NON-PENSIONER FAMILIES HAS NO ONE WORKING; AND 
BRITISH MEN WORK THE LONGEST HOURS IN EUROPE.
THE CLOCK SHOULD NOT BE TURNED BACK. AS MANY WOMEN WHO 
WANT TO WORK SHOULD BE ABLE TO DO SO. MORE EQUAL RELATIONSHIPS 
BETWEEN MEN AND WOMEN HAVE TRANSFORMED OUR LIVES. EQUALLY, 
OUR ATTITUDES TO RACE, SEX AND SEXUALITY HAVE CHANGED 
FUNDAMENTALLY. OUR TASK IS TO COMBINE CHANGE AND SOCIAL 
STABILITY.


WORK AND FAMILY 

FAMILIES WITHOUT WORK ARE WITHOUT INDEPENDENCE. THIS IS WHY 
WE GIVE SO MUCH EMPHASIS TO OUR WELFARE-TO-WORK POLICIES. 
LABOUR'S NATIONAL CHILDCARE STRATEGY WILL PLAN PROVISION TO MATCH 
THE REQUIREMENTS OF THE MODERN LABOUR MARKET AND HELP PARENTS, 
ESPECIALLY WOMEN, TO BALANCE FAMILY AND WORKING LIFE.
THERE MUST BE A SOUND BALANCE BETWEEN SUPPORT FOR FAMILY LIFE 
AND THE PROTECTION OF BUSINESS FROM UNDUE BURDENS - A BALANCE 
WHICH SOME OF THE MOST SUCCESSFUL BUSINESSES ALREADY STRIKE. 
THE CURRENT GOVERNMENT HAS SHOWN ITSELF WHOLLY INSENSITIVE TO 
THE NEED TO HELP DEVELOP FAMILY-FRIENDLY WORKING PRACTICES. 
WHILE RECOGNISING THE NEED FOR FLEXIBILITY IN IMPLEMENTATION AND 
FOR CERTAIN EXEMPTIONS, WE SUPPORT THE RIGHT OF EMPLOYEES NOT TO 
BE FORCED TO WORK MORE THAN 48 HOURS A WEEK; TO AN ANNUAL 
HOLIDAY ENTITLEMENT; AND TO LIMITED UNPAID PARENTAL LEAVE. THESE 
MEASURES WILL PROVIDE A VALUABLE UNDERPINNING TO FAMILY LIFE.
THE RIGHTS OF PART-TIME WORKERS HAVE BEEN CLARIFIED BY RECENT 
COURT JUDGEMENTS WHICH WE WELCOME.
WE WILL KEEP UNDER CONTINUOUS REVIEW ALL ASPECTS OF THE TAX AND 
BENEFITS SYSTEMS TO ENSURE THAT THEY ARE SUPPORTIVE OF FAMILIES 
AND CHILDREN. WE ARE COMMITTED TO RETAIN UNIVERSAL CHILD BENEFIT 
WHERE IT IS UNIVERSAL TODAY - FROM BIRTH TO AGE 16 - AND TO UPRATE 
IT AT LEAST IN LINE WITH PRICES. WE ARE REVIEWING EDUCATIONAL 
FINANCE AND MAINTENANCE FOR THOSE OLDER THAN 16 TO ENSURE HIGHER 
STAYING-ON RATES AT SCHOOL AND COLLEGE, AND THAT RESOURCES ARE 
USED TO SUPPORT THOSE IN MOST NEED. THIS REVIEW WILL CONTINUE IN 
GOVERNMENT ON THE GUIDELINES WE HAVE ALREADY LAID DOWN. 


SECURITY IN HOUSING 

MOST FAMILIES WANT TO OWN THEIR OWN HOMES. WE WILL ALSO 
SUPPORT EFFICIENTLY RUN SOCIAL AND PRIVATE RENTED SECTORS OFFERING 
QUALITY AND CHOICE.
THE CONSERVATIVES' FAILURE ON HOUSING HAS BEEN TWOFOLD. THE 
TWO THIRDS OF FAMILIES WHO OWN THEIR HOMES HAVE SUFFERED A 
MASSIVE INCREASE IN INSECURITY OVER THE LAST DECADE, WITH RECORD 
MORTGAGE ARREARS, RECORD NEGATIVE EQUITY AND RECORD 
REPOSSESSIONS. AND THE CONSERVATIVES' LACK OF A HOUSING 
STRATEGY HAS LED TO THE VIRTUAL ABANDONMENT OF SOCIAL HOUSING, THE 
GROWTH OF HOMELESSNESS, AND A FAILURE TO ADDRESS FULLY 
LEASEHOLDER REFORM. ALL THESE ARE THE TORY LEGACY. 
LABOUR'S HOUSING STRATEGY WILL ADDRESS THE NEEDS OF 
HOMEOWNERS AND TENANTS ALIKE.
WE WILL REJECT THE BOOM AND BUST POLICIES WHICH CAUSED THE 
COLLAPSE OF THE HOUSING MARKET. 
WE WILL WORK WITH MORTGAGE PROVIDERS TO ENCOURAGE GREATER 
PROVISION OF MORE FLEXIBLE MORTGAGES TO PROTECT FAMILIES IN A 
WORLD OF INCREASED JOB INSECURITY. 
MORTGAGE BUYERS ALSO REQUIRE STRONGER CONSUMER PROTECTION, FOR 
EXAMPLE BY EXTENSION OF THE FINANCIAL SERVICES ACT, AGAINST THE 
SALE OF DISADVANTAGEOUS MORTGAGE PACKAGES.
THE PROBLEMS OF GAZUMPING HAVE REAPPEARED. THOSE WHO BREAK 
THEIR BARGAINS SHOULD BE LIABLE TO PAY THE COSTS INFLICTED ON 
OTHERS, IN PARTICULAR LEGAL AND SURVEY COSTS. WE ARE CONSULTING ON 
THE BEST WAY OF TACKLING THE PROBLEMS OF GAZUMPING IN THE 
INTERESTS OF RESPONSIBLE HOME BUYERS AND SELLERS. 


THE RENTED HOUSING SECTOR

WE SUPPORT A THREE-WAY PARTNERSHIP BETWEEN THE PUBLIC, PRIVATE 
AND HOUSING ASSOCIATION SECTORS TO PROMOTE GOOD SOCIAL HOUSING. 
WITH LABOUR, CAPITAL RECEIPTS FROM THE SALE OF COUNCIL HOUSES, 
RECEIVED BUT NOT SPENT BY LOCAL COUNCILS, WILL BE RE-INVESTED IN 
BUILDING NEW HOUSES AND REHABILITATING OLD ONES. THIS WILL BE 
PHASED TO MATCH THE CAPACITY OF THE BUILDING INDUSTRY AND TO MEET 
THE REQUIREMENTS OF PRUDENT ECONOMIC MANAGEMENT. 
WE ALSO SUPPORT EFFECTIVE SCHEMES TO DEPLOY PRIVATE FINANCE TO 
IMPROVE THE PUBLIC HOUSING STOCK AND TO INTRODUCE GREATER 
DIVERSITY AND CHOICE. SUCH SCHEMES SHOULD ONLY GO AHEAD WITH 
THE SUPPORT OF THE TENANTS CONCERNED: WE OPPOSE THE 
GOVERNMENT'S THREAT TO HAND OVER COUNCIL HOUSING TO PRIVATE 
LANDLORDS WITHOUT THE CONSENT OF TENANTS AND WITH NO GUARANTEES 
ON RENTS OR SECURITY OF TENURE. 
WE VALUE A REVIVED PRIVATE RENTED SECTOR. WE WILL PROVIDE 
PROTECTION WHERE MOST NEEDED: FOR TENANTS IN HOUSES IN MULTIPLE 
OCCUPATION. 
THERE WILL BE A PROPER SYSTEM OF LICENSING BY LOCAL AUTHORITIES 
WHICH WILL BENEFIT TENANTS AND RESPONSIBLE LANDLORDS ALIKE. 
WE WILL INTRODUCE 'COMMONHOLD', A NEW FORM OF TENURE ENABLING 
PEOPLE LIVING IN FLATS TO OWN THEIR HOMES INDIVIDUALLY AND TO OWN 
THE WHOLE PROPERTY COLLECTIVELY. WE WILL SIMPLIFY THE CURRENT 
RULES RESTRICTING THE PURCHASE OF FREEHOLDS BY LEASEHOLDERS. 


HOMELESSNESS

HOMELESSNESS HAS MORE THAN DOUBLED UNDER THE CONSERVATIVES. 
TODAY MORE THAN 40,000 FAMILIES IN ENGLAND ARE IN EXPENSIVE 
TEMPORARY ACCOMMODATION. THE GOVERNMENT, IN THE FACE OF 
LABOUR OPPOSITION, HAS REMOVED THE DUTY ON LOCAL AUTHORITIES TO 
FIND PERMANENT HOUSING FOR HOMELESS FAMILIES. WE WILL IMPOSE A 
NEW DUTY ON LOCAL AUTHORITIES TO PROTECT THOSE WHO ARE HOMELESS 
THROUGH NO FAULT OF THEIR OWN AND ARE IN PRIORITY NEED.
THERE IS NO MORE POWERFUL SYMBOL OF TORY NEGLECT IN OUR SOCIETY 
TODAY THAN YOUNG PEOPLE WITHOUT HOMES LIVING ROUGH ON THE 
STREETS. YOUNG PEOPLE EMERGING FROM CARE WITHOUT ANY FAMILY 
SUPPORT ARE PARTICULARLY VULNERABLE. WE WILL ATTACK THE 
PROBLEM IN TWO PRINCIPAL WAYS: THE PHASED RELEASE OF CAPITAL 
RECEIPTS FROM COUNCIL HOUSE SALES WILL INCREASE THE STOCK OF 
HOUSING FOR RENT; AND OUR WELFARE-TO-WORK PROGRAMME WILL LEAD 
THE YOUNG UNEMPLOYED INTO WORK AND FINANCIAL INDEPENDENCE. 


OLDER CITIZENS 

WE VALUE THE POSITIVE CONTRIBUTION THAT OLDER PEOPLE MAKE TO OUR 
SOCIETY, THROUGH THEIR FAMILIES, VOLUNTARY ACTIVITIES AND WORK. 
THEIR SKILLS AND EXPERIENCE SHOULD BE UTILISED WITHIN THEIR 
COMMUNITIES. THAT IS WHY, FOR EXAMPLE, WE SUPPORT THE 
PROPOSAL TO INVOLVE OLDER PEOPLE AS VOLUNTEERS TO HELP CHILDREN 
LEARN IN PRE-SCHOOL AND AFTER-SCHOOL CLUBS. IN WORK, THEY SHOULD 
NOT BE DISCRIMINATED AGAINST BECAUSE OF THEIR AGE. 
THE PROVISION OF ADEQUATE PENSIONS IN OLD AGE IS A MAJOR 
CHALLENGE FOR THE FUTURE. FOR TODAY'S PENSIONERS CONSERVATIVE 
POLICIES HAVE CREATED REAL POVERTY, GROWING INEQUALITY AND 
WIDESPREAD INSECURITY. 
THE CONSERVATIVES WOULD ABOLISH THE STATE-FINANCED BASIC 
RETIREMENT PENSION AND REPLACE IT WITH A PRIVATISED SCHEME, WITH 
A VAGUE PROMISE OF A MEANS-TESTED STATE GUARANTEE IF PENSIONS 
FALL BENEATH A MINIMUM LEVEL. THEIR PROPOSALS MEAN THERE WILL BE 
NO SAVINGS ON WELFARE SPENDING FOR HALF A CENTURY; AND TAXES WILL 
HAVE TO RISE TO MAKE PROVISION FOR NEW PRIVATELY FUNDED 
PENSIONS. THEIR PLANS REQUIRE AN ADDITIONAL 312 BILLION POUNDS 
BETWEEN NOW AND 2040 THROUGH INCREASED TAXES OR BORROWING, 
AGAINST THE HOPE OF SAVINGS LATER, WITH NO CERTAINTY OF SECURITY IN 
RETIREMENT AT THE END. 
WE BELIEVE THAT ALL PENSIONERS SHOULD SHARE FAIRLY IN THE 
INCREASING PROSPERITY OF THE NATION. INSTEAD OF PRIVATISATION, WE 
PROPOSE A PARTNERSHIP BETWEEN PUBLIC AND PRIVATE PROVISION, AND 
A BALANCE BETWEEN INCOME SOURCED FROM TAX AND INVESTED 
SAVINGS. THE BASIC STATE PENSION WILL BE RETAINED AS THE 
FOUNDATION OF PENSION PROVISION. IT WILL BE INCREASED AT LEAST IN 
LINE WITH PRICES. WE WILL EXAMINE MEANS OF DELIVERING MORE 
AUTOMATIC HELP TO THE POOREST PENSIONERS - ONE MILLION OF WHOM 
DO NOT EVEN RECEIVE THE INCOME SUPPORT WHICH IS THEIR PRESENT 
ENTITLEMENT.
WE WILL ENCOURAGE SAVING FOR RETIREMENT, WITH PROPER PROTECTION 
FOR SAVINGS. WE WILL REFORM THE FINANCIAL SERVICES ACT SO THAT 
THE SCANDAL OF PENSION MIS-SELLING - 600,000 PENSIONS MIS-SOLD 
AND ONLY 7,000 PEOPLE COMPENSATED TO DATE - WILL NOT HAPPEN 
AGAIN.
TOO MANY PEOPLE IN WORK, PARTICULARLY THOSE ON LOW AND MODEST 
INCOMES AND WITH CHANGING PATTERNS OF EMPLOYMENT, CANNOT JOIN 
GOOD-VALUE SECOND PENSION SCHEMES. LABOUR WILL CREATE A NEW 
FRAMEWORK - STAKEHOLDER PENSIONS - TO MEET THIS NEED. WE WILL 
ENCOURAGE NEW PARTNERSHIPS BETWEEN FINANCIAL SERVICE 
COMPANIES, EMPLOYERS AND EMPLOYEES TO DEVELOP THESE PENSION 
SCHEMES. THEY WILL BE APPROVED TO RECEIVE PEOPLE'S SAVINGS 
ONLY IF THEY MEET HIGH STANDARDS OF VALUE FOR MONEY, FLEXIBILITY 
AND SECURITY. 
LABOUR WILL PROMOTE CHOICE IN PENSION PROVISION. WE WILL 
SUPPORT AND STRENGTHEN THE FRAMEWORK FOR OCCUPATIONAL 
PENSIONS. PERSONAL PENSIONS, APPROPRIATELY REGULATED, WILL 
REMAIN A GOOD OPTION FOR MANY. LABOUR WILL RETAIN SERPS AS AN 
OPTION FOR THOSE WHO WISH TO REMAIN WITHIN IT. WE WILL ALSO SEEK 
TO DEVELOP THE ADMINISTRATIVE STRUCTURE OF SERPS SO AS TO CREATE 
A 'CITIZENSHIP PENSION' FOR THOSE WHO ASSUME RESPONSIBILITY AS 
CARERS, AS A RESULT LOSE OUT ON THE PENSION ENTITLEMENTS THEY 
WOULD OTHERWISE ACQUIRE, AND CURRENTLY END UP ON MEANS-TESTED 
BENEFITS. 
WE OVERCAME GOVERNMENT OPPOSITION TO PENSION SPLITTING 
BETWEEN WOMEN AND MEN ON DIVORCE. WE WILL IMPLEMENT THIS IN 
GOVERNMENT. 
WE AIM TO PROVIDE REAL SECURITY FOR FAMILIES THROUGH A MODERN 
SYSTEM OF COMMUNITY CARE. AS PEOPLE GROW OLDER, THEIR NEED FOR 
CARE INCREASES. THE CONSERVATIVE APPROACH IS TO PROMOTE PRIVATE 
INSURANCE AND PRIVATISATION OF CARE HOMES. BUT PRIVATE INSURANCE 
WILL BE INACCESSIBLE TO MOST PEOPLE. AND THEIR POLICY FOR 
RESIDENTIAL HOMES IS DOGMATIC AND WILL NOT WORK. WE BELIEVE THAT 
LOCAL AUTHORITIES SHOULD BE FREE TO DEVELOP A MIX OF PUBLIC AND 
PRIVATE CARE. 
WE RECOGNISE THE IMMENSE AMOUNT OF CARE PROVISION UNDERTAKEN 
BY FAMILY MEMBERS, NEIGHBOURS AND FRIENDS. IT WAS A LABOUR 
MP WHO PILOTED THE 1995 CARERS ACT THROUGH PARLIAMENT. WE 
WILL ESTABLISH A ROYAL COMMISSION TO WORK OUT A FAIR SYSTEM FOR 
FUNDING LONG-TERM CARE FOR THE ELDERLY. WE WILL INTRODUCE A 
'LONG-TERM CARE CHARTER' DEFINING THE STANDARD OF SERVICES WHICH 
PEOPLE ARE ENTITLED TO EXPECT FROM HEALTH, HOUSING AND SOCIAL 
SERVICES. WE ARE COMMITTED TO AN INDEPENDENT INSPECTION AND 
REGULATION SERVICE FOR RESIDENTIAL HOMES, AND DOMICILIARY CARE. 
EVERYONE IS ENTITLED TO DIGNITY IN RETIREMENT. UNDER THE TORIES, 
THE EARNINGS LINK FOR STATE PENSIONS HAS BEEN ENDED, VAT ON FUEL 
HAS BEEN IMPOSED, SERPS HAS BEEN UNDERMINED AND COMMUNITY 
CARE IS IN TATTERS. WE WILL SET UP A REVIEW OF THE CENTRAL AREAS OF 
INSECURITY FOR ELDERLY PEOPLE: ALL ASPECTS OF THE BASIC PENSION AND 
ITS VALUE, SECOND PENSIONS INCLUDING SERPS, AND COMMUNITY 
CARE. THE REVIEW WILL ENSURE THAT THE VIEWS OF PENSIONERS ARE 
HEARD. OUR WATCHWORD IN DEVELOPING POLICY FOR PENSIONS AND 
LONG-TERM CARE WILL BE TO BUILD CONSENSUS AMONG ALL INTERESTED 
PARTIES.


WE WILL
HELP YOU GET MORE 
OUT OF LIFE


- EVERY GOVERNMENT DEPARTMENT A 'GREEN' DEPARTMENT
- EFFICIENT AND CLEAN TRANSPORT FOR ALL
- NEW ARTS AND SCIENCE TALENT FUND FOR YOUNG PEOPLE
- REFORM THE LOTTERY
- IMPROVE LIFE IN RURAL AREAS
- BACK WORLD CUP BID


THE MILLENNIUM IS THE TIME TO REAFFIRM OUR RESPONSIBILITY TO 
PROTECT AND ENHANCE OUR ENVIRONMENT SO THAT THE COUNTRY WE 
HAND ON TO OUR CHILDREN AND OUR GRANDCHILDREN IS A BETTER PLACE IN 
WHICH TO LIVE. IT ALSO PROVIDES A NATURAL OPPORTUNITY TO CELEBRATE 
AND IMPROVE THE CONTRIBUTION MADE BY THE ARTS, CULTURE AND SPORT 
TO OUR NATION. WE NEED A NEW AND DYNAMIC APPROACH TO THE 
'CREATIVE ECONOMY'. THE DEPARTMENT OF NATIONAL HERITAGE WILL 
DEVELOP A STRATEGIC VISION THAT MATCHES THE REAL POWER AND ENERGY 
OF BRITISH ARTS, MEDIA AND CULTURAL INDUSTRIES. 


PROTECTING THE ENVIRONMENT 

OUR GENERATION, AND GENERATIONS YET TO COME, ARE DEPENDENT ON 
THE INTEGRITY OF THE ENVIRONMENT. NO ONE CAN ESCAPE UNHEALTHY 
WATER, POLLUTED AIR OR ADVERSE CLIMATE CHANGE. AND JUST AS THESE 
PROBLEMS AFFECT US ALL, SO WE MUST ACT TOGETHER TO TACKLE THEM. 
NO RESPONSIBLE GOVERNMENT CAN AFFORD TO TAKE RISKS WITH THE 
FUTURE: THE COST IS TOO HIGH. SO IT IS OUR DUTY TO ACT NOW.
THE FOUNDATION OF LABOUR'S ENVIRONMENTAL APPROACH IS THAT 
PROTECTION OF THE ENVIRONMENT CANNOT BE THE SOLE RESPONSIBILITY OF 
ANY ONE DEPARTMENT OF STATE. ALL DEPARTMENTS MUST PROMOTE 
POLICIES TO SUSTAIN THE ENVIRONMENT. AND PARLIAMENT SHOULD HAVE 
AN ENVIRONMENTAL AUDIT COMMITTEE TO ENSURE HIGH STANDARDS 
ACROSS GOVERNMENT.
THROUGHOUT THIS MANIFESTO, THERE ARE POLICIES DESIGNED TO 
COMBINE ENVIRONMENTAL SUSTAINABILITY WITH ECONOMIC AND SOCIAL 
PROGRESS. THEY EXTEND FROM COMMITMENTS AT LOCAL LEVEL TO GIVE 
COMMUNITIES ENHANCED CONTROL OVER THEIR ENVIRONMENTS, TO 
INITIATIVES AT INTERNATIONAL LEVEL TO ENSURE THAT ALL COUNTRIES ARE 
CONTRIBUTING TO THE PROTECTION OF THE ENVIRONMENT. 
A SUSTAINABLE ENVIRONMENT REQUIRES ABOVE ALL AN EFFECTIVE AND 
INTEGRATED TRANSPORT POLICY AT NATIONAL, REGIONAL AND LOCAL LEVEL 
THAT WILL PROVIDE GENUINE CHOICE TO MEET PEOPLE'S TRANSPORT 
NEEDS. THAT IS WHAT WE WILL ESTABLISH AND DEVELOP.


RAILWAYS

THE PROCESS OF RAIL PRIVATISATION IS NOW LARGELY COMPLETE. IT HAS 
MADE FORTUNES FOR A FEW, BUT HAS BEEN A POOR DEAL FOR THE 
TAXPAYER. IT HAS FRAGMENTED THE NETWORK AND NOW THREATENS 
SERVICES. OUR TASK WILL BE TO IMPROVE THE SITUATION AS WE FIND IT, 
NOT AS WE WISH IT TO BE. OUR OVERRIDING GOAL MUST BE TO WIN MORE 
PASSENGERS AND FREIGHT ON TO RAIL. THE SYSTEM MUST BE RUN IN THE 
PUBLIC INTEREST WITH HIGHER LEVELS OF INVESTMENT AND EFFECTIVE 
ENFORCEMENT OF TRAIN OPERATORS' SERVICE COMMITMENTS. THERE 
MUST BE CONVENIENT CONNECTIONS, THROUGH-TICKETING AND ACCURATE 
TRAVEL INFORMATION FOR THE BENEFIT OF ALL PASSENGERS. 
TO ACHIEVE THESE AIMS, WE WILL ESTABLISH MORE EFFECTIVE AND 
ACCOUNTABLE REGULATION BY THE RAIL REGULATOR; WE WILL ENSURE THAT 
THE PUBLIC SUBSIDY SERVES THE PUBLIC INTEREST; AND WE WILL 
ESTABLISH A NEW RAIL AUTHORITY, COMBINING FUNCTIONS CURRENTLY 
CARRIED OUT BY THE RAIL FRANCHISER AND THE DEPARTMENT OF 
TRANSPORT, TO PROVIDE A CLEAR, COHERENT AND STRATEGIC PROGRAMME 
FOR THE DEVELOPMENT OF THE RAILWAYS SO THAT PASSENGER 
EXPECTATIONS ARE MET. 
THE CONSERVATIVE PLAN FOR THE WHOLESALE PRIVATISATION OF LONDON 
UNDERGROUND IS NOT THE ANSWER. IT WOULD BE A POOR DEAL FOR THE 
TAXPAYER AND PASSENGER ALIKE. YET AGAIN, PUBLIC ASSETS WOULD BE 
SOLD OFF AT AN UNDER-VALUED RATE. MUCH-NEEDED INVESTMENT WOULD 
BE DELAYED. THE CORE PUBLIC RESPONSIBILITIES OF THE UNDERGROUND 
WOULD BE THREATENED.
LABOUR PLANS A NEW PUBLIC/PRIVATE PARTNERSHIP TO IMPROVE THE 
UNDERGROUND, SAFEGUARD ITS COMMITMENT TO THE PUBLIC INTEREST 
AND GUARANTEE VALUE FOR MONEY TO TAXPAYERS AND PASSENGERS. 


ROAD TRANSPORT

A BALANCED TRANSPORT SYSTEM MUST CATER FOR ALL THE FAMILIAR MODES 
OF TRANSPORT: CARS - WHETHER OWNED, LEASED OR SHARED; TAXIS; 
BUSES; BICYCLES AND MOTORCYCLES. ALL NEEDS MUST BE ADDRESSED IN 
TRANSPORT PLANNING TO ENSURE THE BEST MIX OF ALL TYPES OF 
TRANSPORT, OFFER QUALITY PUBLIC TRANSPORT WHEREVER POSSIBLE AND 
HELP TO PROTECT THE ENVIRONMENT. 
THE KEY TO EFFICIENT BUS SERVICES 
IS PROPER REGULATION AT LOCAL LEVEL, WITH PARTNERSHIPS BETWEEN 
LOCAL COUNCILS AND BUS OPERATORS AN ESSENTIAL COMPONENT. THERE 
MUST BE IMPROVED PROVISION AND ENFORCEMENT OF BUS LANES. 
BETTER PARKING FACILITIES FOR CARS MUST BE LINKED TO CONVENIENT BUS 
SERVICES TO TOWN CENTRES. 

 ROAD SAFETY IS A HIGH PRIORITY. CYCLING AND WALKING MUST BE 
MADE SAFER, ESPECIALLY AROUND SCHOOLS. 

 WE REMAIN UNPERSUADED BY THE CASE FOR HEAVIER, 44-TONNE 
LORRIES MOOTED BY THE CONSERVATIVES. OUR CONCERN IS THAT THEY 
WOULD PROVE DANGEROUS AND  DAMAGING TO THE ENVIRONMENT. 

 OUR PLANS TO REDUCE POLLUTION INCLUDE WORKING WITH THE 
AUTOMOTIVE INDUSTRY TO DEVELOP 'SMART', EFFICIENT AND CLEAN CARS 
FOR THE FUTURE, WITH SUBSTANTIALLY REDUCED EMISSION LEVELS. THE 
REVIEW OF VEHICLE EXCISE DUTY TO PROMOTE LOW-EMISSION VEHICLES 
WILL BE CONTINUED.  WE WILL CONDUCT AN OVERALL STRATEGIC REVIEW 
OF THE ROADS PROGRAMME AGAINST THE CRITERIA OF ACCESSIBILITY, 
SAFETY, ECONOMY AND ENVIRONMENTAL IMPACT, USING PUBLIC/PRIVATE 
PARTNERSHIPS TO IMPROVE ROAD MAINTENANCE AND EXPLOITING NEW 
TECHNOLOGY TO IMPROVE JOURNEY INFORMATION.  


SHIPPING AND AVIATION 

 THE TORY YEARS HAVE SEEN THE NEAR-EXTINCTION OF BRITAIN'S 
MERCHANT FLEET.  LABOUR WILL WORK WITH ALL CONCERNED IN SHIPPING 
AND PORTS TO HELP DEVELOP THEIR  ECONOMIC POTENTIAL TO THE FULL. 

 THE GUIDING OBJECTIVES OF OUR AVIATION STRATEGY WILL BE FAIR 
COMPETITION, SAFETY  AND ENVIRONMENTAL STANDARDS. WE WANT ALL 
BRITISH CARRIERS TO BE ABLE TO  COMPETE FAIRLY IN THE INTERESTS OF 
CONSUMERS. 

 LIFE IN OUR COUNTRYSIDE 

 LABOUR RECOGNISES THE SPECIAL NEEDS OF PEOPLE WHO LIVE AND 
WORK IN RURAL  AREAS. THE CONSERVATIVES DO NOT. PUBLIC SERVICES 
AND TRANSPORT SERVICES IN RURAL
 AREAS MUST NOT BE ALLOWED TO DETERIORATE. THE CONSERVATIVES 
HAVE TRIED TO  PRIVATISE THE POST OFFICE. WE OPPOSED THAT, IN 
FAVOUR OF A PUBLIC POST OFFICE  PROVIDING A COMPREHENSIVE 
SERVICE. CONSERVATIVE PLANS WOULD MEAN HIGHER  CHARGES FOR 
LETTERS AND PUT RURAL POST OFFICES UNDER THREAT. 

 WE FAVOUR A MORATORIUM ON LARGE-SCALE SALES OF FORESTRY 
COMMISSION LAND.  WE RECOGNISE THAT THE COUNTRYSIDE IS A GREAT 
NATURAL ASSET, A PART OF OUR HERITAGE  WHICH CALLS FOR CAREFUL 
STEWARDSHIP. THIS MUST BE BALANCED, HOWEVER, WITH THE  NEEDS 
OF PEOPLE WHO LIVE AND WORK IN RURAL AREAS.  

 THE TOTAL FAILURE OF THE CONSERVATIVES TO MANAGE THE BSE CRISIS 
EFFECTIVELY AND  TO SECURE ANY RAISING OF THE BAN ON BRITISH BEEF 
HAS WREAKED HAVOC ON THE BEEF  AND DAIRY INDUSTRIES. THE COST TO 
THE TAXPAYER SO FAR IS £3.5 BILLION. 

 LABOUR AIMS TO REFORM THE COMMON AGRICULTURAL POLICY TO SAVE 
MONEY, TO  SUPPORT THE RURAL ECONOMY AND ENHANCE THE 
ENVIRONMENT. 

 OUR INITIATIVES TO LINK ALL SCHOOLS TO THE INFORMATION 
SUPERHIGHWAY WILL ENSURE  THAT CHILDREN IN RURAL AREAS HAVE 
ACCESS TO THE BEST EDUCATIONAL RESOURCES. 

 OUR POLICIES INCLUDE GREATER FREEDOM FOR PEOPLE TO EXPLORE OUR 
OPEN  COUNTRYSIDE. WE WILL NOT, HOWEVER, PERMIT ANY ABUSE OF A 
RIGHT TO GREATER  ACCESS. 

 WE WILL ENSURE GREATER PROTECTION FOR WILDLIFE. WE HAVE 
ADVOCATED NEW  MEASURES TO PROMOTE ANIMAL WELFARE, INCLUDING A 
FREE VOTE IN PARLIAMENT ON  WHETHER HUNTING WITH HOUNDS SHOULD 
BE BANNED BY LEGISLATION. 

 ANGLING IS BRITAIN'S MOST POPULAR SPORT. LABOUR'S ANGLERS' 
CHARTER AFFIRMS OUR  LONG-STANDING COMMITMENT TO ANGLING AND TO 
THE OBJECTIVE OF PROTECTING THE  AQUATIC ENVIRONMENT. 

 ARTS AND CULTURE 

 THE ARTS, CULTURE AND SPORT ARE CENTRAL TO THE TASK OF RECREATING 
THE SENSE OF COMMUNITY, IDENTITY AND CIVIC PRIDE THAT SHOULD 
DEFINE OUR COUNTRY. YET WE CONSISTENTLY UNDERVALUE THE ROLE OF 
THE ARTS AND CULTURE IN HELPING TO CREATE A CIVIC SOCIETY - FROM 
AMATEUR THEATRE TO OUR ART GALLERIES. 

 ART, SPORT AND LEISURE ARE VITAL TO OUR QUALITY OF LIFE AND THE 
RENEWAL OF OUR ECONOMY. THEY ARE SIGNIFICANT EARNERS FOR 
BRITAIN. THEY EMPLOY HUNDREDS OF THOUSANDS OF PEOPLE. THEY 
BRING MILLIONS OF TOURISTS TO BRITAIN EVERY YEAR, WHO WILL ALSO BE 
HELPED BY LABOUR'S PLANS FOR NEW QUALITY ASSURANCE IN HOTEL 
ACCOMMODATION. 

 WE PROPOSE TO SET UP A NATIONAL ENDOWMENT FOR SCIENCE AND 
THE ARTS TO SPONSOR YOUNG TALENT. NESTA WILL BE A NATIONAL TRUST 
- FOR TALENT RATHER THAN BUILDINGS - FOR THE 21ST CENTURY. NESTA 
WILL BE PARTLY FUNDED BY THE LOTTERY; AND ARTISTS WHO HAVE GAINED 
HIGH REWARDS FROM THEIR EXCELLENCE IN THE ARTS AND WISH TO 
SUPPORT YOUNG TALENT WILL BE ENCOURAGED TO DONATE COPYRIGHT AND 
ROYALTIES TO NESTA.

 SPORT 

 A LABOUR GOVERNMENT WILL TAKE THE LEAD IN EXTENDING 
OPPORTUNITIES FOR PARTICIPATION IN SPORTS; AND IN IDENTIFYING 
SPORTING EXCELLENCE AND SUPPORTING IT. 

 SCHOOL SPORTS MUST BE THE FOUNDATION. WE WILL BRING THE 
GOVERNMENT'S POLICY OF FORCING SCHOOLS TO SELL OFF PLAYING FIELDS 
TO AN END. WE WILL PROVIDE FULL BACKING TO THE BID TO HOST THE 
2006 FOOTBALL WORLD CUP IN ENGLAND. A LABOUR GOVERNMENT WILL 
ALSO WORK TO BRING THE OLYMPICS AND OTHER MAJOR INTERNATIONAL 
SPORTING EVENTS TO BRITAIN.

 A PEOPLE'S LOTTERY 

 THE LOTTERY HAS BEEN A FINANCIAL SUCCESS. BUT THERE HAS BEEN NO 
OVERALL STRATEGY FOR THE ALLOCATION OF MONIES; AND NO CO-
ORDINATION AMONG THE FIVE DISTRIBUTOR BODIES ABOUT THE PROJECTS 
DESERVING TO BENEFIT FROM LOTTERY FUNDING. FOR EXAMPLE, THE 
MULTI-MILLION-POUND EXPENDITURE ON THE CHURCHILL PAPERS CAUSED 
NATIONAL OUTRAGE. A LABOUR GOVERNMENT WILL REVIEW THE 
DISTRIBUTION OF LOTTERY PROCEEDS TO ENSURE THAT THERE IS THE WIDEST 
POSSIBLE ACCESS TO THE BENEFITS OF LOTTERY REVENUES THROUGHOUT THE 
UK. 

 LABOUR HAS ALREADY PROPOSED A NEW MILLENNIUM COMMISSION TO 
COMMENCE AFTER THE CLOSURE OF THE MILLENNIUM EXHIBITION, TO 
PROVIDE DIRECT SUPPORT FOR A RANGE OF EDUCATION, ENVIRONMENT AND 
PUBLIC HEALTH PROJECTS, INCLUDING THOSE DIRECTED AT CHILDREN'S 
PLAY, A PROJECT CURRENTLY EXCLUDED FROM LOTTERY BENEFIT. 

 BECAUSE THE LOTTERY IS A MONOPOLY INTENDED TO SERVE THE PUBLIC 
INTEREST, IT MUST BE ADMINISTERED EFFICIENTLY AND ECONOMICALLY. 
WHEN THE CURRENT CONTRACT RUNS OUT, LABOUR WILL SEEK AN EFFICIENT 
NOT-FOR-PROFIT OPERATOR TO ENSURE THAT THE MAXIMUM SUMS GO TO 
GOOD CAUSES. 

 MEDIA AND BROADCASTING 

 LABOUR AIMS FOR A THRIVING, DIVERSE MEDIA INDUSTRY, COMBINING 
COMMERCIAL SUCCESS AND PUBLIC SERVICE. WE WILL ENSURE THAT THE 
BBC CONTINUES TO BE A FLAGSHIP FOR BRITISH CREATIVITY AND PUBLIC 
SERVICE BROADCASTING, BUT WE BELIEVE THAT THE COMBINATION OF 
PUBLIC AND PRIVATE SECTORS IN COMPETITION IS A KEY SPUR TO 
INNOVATION AND HIGH STANDARDS. THE REGULATORY FRAMEWORK FOR 
MEDIA AND BROADCASTING SHOULD REFLECT THE REALITIES OF A FAR MORE 
OPEN AND COMPETITIVE ECONOMY, AND ENORMOUS TECHNOLOGICAL 
ADVANCE, FOR EXAMPLE WITH DIGITAL TELEVISION. LABOUR WILL BALANCE 
SENSIBLE RULES, FAIR REGULATION AND NATIONAL AND INTERNATIONAL 
COMPETITION, SO MAINTAINING QUALITY AND DIVERSITY FOR THE BENEFIT 
OF VIEWERS.

 CITIZENS' SERVICE FOR A NEW MILLENNIUM 

 AN INDEPENDENT AND CREATIVE VOLUNTARY SECTOR, COMMITTED TO 
VOLUNTARY ACTIVITY AS AN EXPRESSION OF CITIZENSHIP, IS CENTRAL TO 
OUR VISION OF A STAKEHOLDER SOCIETY. WE ARE COMMITTED TO 
DEVELOPING PLANS FOR A NATIONAL CITIZENS' SERVICE PROGRAMME, TO 
TAP THE ENTHUSIASM AND COMMITMENT OF THE MANY YOUNG PEOPLE 
WHO WANT TO MAKE VOLUNTARY CONTRIBUTIONS IN SERVICE OF THEIR 
COMMUNITIES. THE MILLENNIUM SHOULD HARNESS THE IMAGINATION OF 
ALL THOSE PEOPLE WHO HAVE SO MUCH TO OFFER FOR THE BENEFIT OF THE 
COMMUNITY. WE DO NOT BELIEVE PROGRAMMES SHOULD BE IMPOSED 
FROM THE TOP DOWN, BUT ON THE CONTRARY WISH TO ENCOURAGE A 
BROAD RANGE OF VOLUNTARY INITIATIVES DEVISED AND DEVELOPED BY 
PEOPLE WITHIN THEIR OWN COMMUNITIES. 

 WE WILL CLEAN UP POLITICS

 - END THE HEREDITARY PRINCIPLE IN THE HOUSE OF LORDS 

 - REFORM OF PARTY FUNDING TO END SLEAZE 

 - DEVOLVED POWER IN SCOTLAND AND WALES 

 - ELECTED MAYORS FOR LONDON AND OTHER CITIES 

 - MORE INDEPENDENT BUT ACCOUNTABLE LOCAL GOVERNMENT 

 - FREEDOM OF INFORMATION AND GUARANTEED HUMAN RIGHTS 

 THE CONSERVATIVES SEEM OPPOSED TO THE VERY IDEA OF 
DEMOCRACY. THEY SUPPORT HEREDITARY PEERS, UNACCOUNTABLE 
QUANGOS AND SECRETIVE GOVERNMENT. THEY HAVE DEBASED 
DEMOCRACY THROUGH THEIR MPS WHO HAVE TAKEN CASH FOR ASKING 
QUESTIONS IN THE HOUSE OF COMMONS. THEY ARE OPPOSED TO THE 
DEVELOPMENT OF DECENTRALISED GOVERNMENT. THE PARTY WHICH ONCE 
OPPOSED UNIVERSAL SUFFRAGE AND VOTES FOR WOMEN NOW SAYS OUR 
CONSTITUTION IS SO PERFECT THAT IT CANNOT BE IMPROVED. 

 OUR SYSTEM OF GOVERNMENT IS CENTRALISED, INEFFICIENT AND 
BUREAUCRATIC. OUR CITIZENS CANNOT ASSERT THEIR BASIC RIGHTS IN OUR 
OWN COURTS. THE CONSERVATIVES ARE AFFLICTED BY SLEAZE AND 
PROSPER FROM SECRET FUNDS FROM FOREIGN SUPPORTERS. THERE IS 
UNQUESTIONABLY A NATIONAL CRISIS OF CONFIDENCE IN OUR POLITICAL 
SYSTEM, TO WHICH LABOUR WILL RESPOND IN A MEASURED AND 
SENSIBLE WAY.

 A MODERN HOUSE OF LORDS 

 THE HOUSE OF LORDS MUST BE REFORMED. AS AN INITIAL, SELF-
CONTAINED REFORM, NOT DEPENDENT ON FURTHER REFORM IN THE FUTURE, 
THE RIGHT OF HEREDITARY PEERS TO SIT AND VOTE IN THE HOUSE OF LORDS 
WILL BE ENDED BY STATUTE. THIS WILL BE THE FIRST STAGE IN A PROCESS 
OF REFORM TO MAKE THE HOUSE OF LORDS MORE DEMOCRATIC AND 
REPRESENTATIVE. THE LEGISLATIVE POWERS OF THE HOUSE OF LORDS 
WILL REMAIN UNALTERED. 

 THE SYSTEM OF APPOINTMENT OF LIFE PEERS TO THE HOUSE OF LORDS 
WILL BE REVIEWED. OUR OBJECTIVE WILL BE TO ENSURE THAT OVER TIME 
PARTY APPOINTEES AS LIFE PEERS MORE ACCURATELY REFLECT THE 
PROPORTION OF VOTES CAST AT THE PREVIOUS GENERAL ELECTION. WE ARE 
COMMITTED TO MAINTAINING AN INDEPENDENT CROSS-BENCH PRESENCE 
OF LIFE PEERS. NO ONE POLITICAL PARTY SHOULD SEEK A MAJORITY IN THE 
HOUSE OF LORDS. 

 A COMMITTEE OF BOTH HOUSES OF PARLIAMENT WILL BE APPOINTED TO 
UNDERTAKE A WIDE-RANGING REVIEW OF POSSIBLE FURTHER CHANGE AND 
THEN TO BRING FORWARD PROPOSALS FOR REFORM. 

 WE HAVE NO PLANS TO REPLACE THE MONARCHY.

 AN EFFECTIVE HOUSE OF COMMONS 

 WE BELIEVE THE HOUSE OF COMMONS IS IN NEED OF MODERNISATION 
AND WE WILL ASK THE HOUSE TO ESTABLISH A SPECIAL SELECT 
COMMITTEE TO REVIEW ITS PROCEDURES. PRIME MINISTER'S QUESTIONS 
WILL BE MADE MORE EFFECTIVE. MINISTERIAL ACCOUNTABILITY WILL BE 
REVIEWED SO AS TO REMOVE RECENT ABUSES. THE PROCESS FOR 
SCRUTINISING EUROPEAN LEGISLATION WILL BE OVERHAULED. 

 THE NOLAN RECOMMENDATIONS WILL BE FULLY IMPLEMENTED AND 
EXTENDED TO ALL PUBLIC BODIES. WE WILL OBLIGE PARTIES TO DECLARE 
THE SOURCE OF ALL DONATIONS ABOVE A MINIMUM FIGURE: LABOUR 
DOES THIS VOLUNTARILY AND ALL PARTIES SHOULD DO SO. FOREIGN 
FUNDING WILL BE BANNED. WE WILL ASK THE NOLAN COMMITTEE TO 
CONSIDER HOW THE FUNDING OF POLITICAL PARTIES SHOULD BE REGULATED 
AND REFORMED. 

 WE ARE COMMITTED TO A REFERENDUM ON THE VOTING SYSTEM FOR THE 
HOUSE OF COMMONS. AN INDEPENDENT COMMISSION ON VOTING 
SYSTEMS WILL 

 BE APPOINTED EARLY TO RECOMMEND A PROPORTIONAL ALTERNATIVE TO 
THE FIRST-PAST-THE-POST SYSTEM. 

 AT THIS ELECTION, LABOUR IS PROUD TO BE MAKING MAJOR STRIDES TO 
RECTIFY THE UNDER-REPRESENTATION OF WOMEN IN PUBLIC LIFE.

 OPEN GOVERNMENT 

 UNNECESSARY SECRECY IN GOVERNMENT LEADS TO ARROGANCE IN 
GOVERNMENT AND DEFECTIVE POLICY DECISIONS. THE SCOTT REPORT ON 
ARMS TO IRAQ REVEALED CONSERVATIVE ABUSES OF POWER. WE ARE 
PLEDGED TO A FREEDOM OF INFORMATION ACT, LEADING TO MORE OPEN 
GOVERNMENT, AND AN INDEPENDENT NATIONAL STATISTICAL SERVICE. 

 DEVOLUTION: STRENGTHENING THE UNION 

 THE UNITED KINGDOM IS A PARTNERSHIP ENRICHED BY DISTINCT 
NATIONAL IDENTITIES AND TRADITIONS. SCOTLAND HAS ITS OWN SYSTEMS 
OF EDUCATION, LAW AND LOCAL GOVERNMENT. WALES HAS ITS LANGUAGE 
AND CULTURAL TRADITIONS. WE WILL MEET THE DEMAND FOR 
DECENTRALISATION OF POWER TO SCOTLAND AND WALES, ONCE 
ESTABLISHED IN REFERENDUMS. 

 SUBSIDIARITY IS AS SOUND A PRINCIPLE IN BRITAIN AS IT IS IN EUROPE. 
OUR PROPOSAL IS FOR DEVOLUTION NOT FEDERATION. A SOVEREIGN 
WESTMINSTER PARLIAMENT WILL DEVOLVE POWER TO SCOTLAND AND 
WALES. THE UNION WILL BE STRENGTHENED AND THE THREAT OF 
SEPARATISM REMOVED. 

 AS SOON AS POSSIBLE AFTER THE ELECTION, WE WILL ENACT LEGISLATION 
TO ALLOW THE PEOPLE OF SCOTLAND AND WALES TO VOTE IN SEPARATE 
REFERENDUMS ON OUR PROPOSALS, WHICH WILL BE SET OUT IN WHITE 
PAPERS. THESE REFERENDUMS WILL TAKE PLACE NOT LATER THAN THE 
AUTUMN OF 1997. A SIMPLE MAJORITY OF THOSE VOTING IN EACH 
REFERENDUM WILL BE THE MAJORITY REQUIRED. POPULAR ENDORSEMENT 
WILL STRENGTHEN THE LEGITIMACY OF OUR PROPOSALS AND SPEED THEIR 
PASSAGE THROUGH PARLIAMENT. 

 FOR SCOTLAND WE PROPOSE THE CREATION OF A PARLIAMENT WITH LAW-
MAKING POWERS, FIRMLY BASED ON THE AGREEMENT REACHED IN THE 
SCOTTISH CONSTITUTIONAL CONVENTION, INCLUDING DEFINED AND 
LIMITED FINANCIAL POWERS TO VARY REVENUE AND ELECTED BY AN 
ADDITIONAL MEMBER SYSTEM. IN THE SCOTTISH REFERENDUM WE WILL 
SEEK SEPARATE ENDORSEMENT OF THE PROPOSAL TO CREATE A PARLIAMENT, 
AND OF THE PROPOSAL TO GIVE IT DEFINED AND LIMITED FINANCIAL 
POWERS TO VARY REVENUE. THE SCOTTISH PARLIAMENT WILL EXTEND 
DEMOCRATIC CONTROL OVER THE RESPONSIBILITIES CURRENTLY EXERCISED 
ADMINISTRATIVELY BY THE SCOTTISH OFFICE. THE RESPONSIBILITIES OF 
THE UK PARLIAMENT WILL REMAIN UNCHANGED OVER UK POLICY, FOR 
EXAMPLE ECONOMIC, DEFENCE AND FOREIGN POLICY. 

 THE WELSH ASSEMBLY WILL PROVIDE DEMOCRATIC CONTROL OF THE 
EXISTING WELSH OFFICE FUNCTIONS. IT WILL HAVE SECONDARY 
LEGISLATIVE POWERS AND WILL BE SPECIFICALLY EMPOWERED TO REFORM 
AND DEMOCRATISE THE QUANGO STATE. IT WILL BE ELECTED BY AN 
ADDITIONAL MEMBER SYSTEM. 

 FOLLOWING MAJORITIES IN THE REFERENDUMS, WE WILL INTRODUCE IN 
THE FIRST YEAR OF THE PARLIAMENT LEGISLATION ON THE SUBSTANTIVE 
DEVOLUTION PROPOSALS OUTLINED IN OUR WHITE PAPERS. 

 GOOD LOCAL GOVERNMENT 

 LOCAL DECISION-MAKING SHOULD BE LESS CONSTRAINED BY CENTRAL 
GOVERNMENT, AND ALSO MORE ACCOUNTABLE TO LOCAL PEOPLE. WE WILL 
PLACE ON COUNCILS A NEW DUTY TO PROMOTE THE ECONOMIC, SOCIAL 
AND ENVIRONMENTAL WELL-BEING OF THEIR AREA. THEY SHOULD WORK IN 
PARTNERSHIP WITH LOCAL PEOPLE, LOCAL BUSINESS AND LOCAL VOLUNTARY 
ORGANISATIONS. THEY WILL HAVE THE POWERS NECESSARY TO DEVELOP 
THESE PARTNERSHIPS. TO ENSURE GREATER ACCOUNTABILITY, A 
PROPORTION OF COUNCILLORS IN EACH LOCALITY WILL BE ELECTED 
ANNUALLY. WE WILL ENCOURAGE DEMOCRATIC INNOVATIONS IN LOCAL 
GOVERNMENT, INCLUDING PILOTS OF THE IDEA OF ELECTED MAYORS WITH 
EXECUTIVE POWERS IN CITIES. ALTHOUGH CRUDE AND UNIVERSAL COUNCIL 
TAX CAPPING SHOULD GO, WE WILL RETAIN RESERVE POWERS TO CONTROL 
EXCESSIVE COUNCIL TAX RISES. 

 LOCAL BUSINESS CONCERNS ARE CRITICAL TO GOOD LOCAL GOVERNMENT. 
THERE ARE SOUND DEMOCRATIC REASONS WHY, IN PRINCIPLE, THE 
BUSINESS RATE SHOULD BE SET LOCALLY, NOT NATIONALLY. BUT WE WILL 
MAKE NO CHANGE TO THE PRESENT SYSTEM FOR DETERMINING THE 
BUSINESS RATE WITHOUT FULL CONSULTATION WITH BUSINESS. 

 THE FUNNELLING OF GOVERNMENT GRANT TO CONSERVATIVE-CONTROLLED 
WESTMINSTER SPEAKS VOLUMES ABOUT THE UNFAIRNESS OF THE CURRENT 
GRANT SYSTEM. LABOUR IS COMMITTED TO A FAIR DISTRIBUTION OF 
GOVERNMENT GRANT. 

 THE BASIC FRAMEWORK, NOT EVERY DETAIL, OF LOCAL SERVICE 
PROVISION MUST BE FOR CENTRAL GOVERNMENT. COUNCILS SHOULD NOT 
BE FORCED TO PUT THEIR SERVICES OUT TO TENDER, BUT WILL BE REQUIRED 
TO OBTAIN BEST VALUE. WE REJECT THE DOGMATIC VIEW THAT SERVICES 
MUST BE PRIVATISED TO BE OF HIGH QUALITY, BUT EQUALLY WE SEE NO 
REASON WHY A SERVICE SHOULD BE DELIVERED DIRECTLY IF OTHER MORE 
EFFICIENT MEANS ARE AVAILABLE. COST COUNTS BUT SO DOES QUALITY. 

 EVERY COUNCIL WILL BE REQUIRED TO PUBLISH A LOCAL PERFORMANCE 
PLAN WITH TARGETS FOR SERVICE IMPROVEMENT, AND BE EXPECTED TO 
ACHIEVE THEM. THE AUDIT COMMISSION WILL BE GIVEN ADDITIONAL 
POWERS TO MONITOR PERFORMANCE AND PROMOTE EFFICIENCY. ON ITS 
ADVICE, GOVERNMENT WILL WHERE NECESSARY SEND IN A MANAGEMENT 
TEAM WITH FULL POWERS TO REMEDY FAILURE. 

 LABOUR COUNCILS HAVE BEEN AT THE FOREFRONT OF ENVIRONMENTAL 
INITIATIVES UNDER LOCAL AGENDA 21, THE INTERNATIONAL FRAMEWORK 
FOR LOCAL ACTION ARISING FROM THE 1992 EARTH SUMMIT. A LABOUR 
GOVERNMENT WILL ENCOURAGE ALL LOCAL AUTHORITIES TO ADOPT PLANS TO 
PROTECT AND ENHANCE THEIR LOCAL ENVIRONMENT. 

 LOCAL GOVERNMENT IS AT THE SHARP END OF THE FIGHT AGAINST 
DEPRIVATION. TEN YEARS AFTER THE CONSERVATIVES PROMISED TO 
IMPROVE THE INNER CITIES, POVERTY AND SOCIAL DIVISION AFFLICT TOWNS 
AND OUTER ESTATES ALIKE. A LABOUR GOVERNMENT WILL JOIN WITH LOCAL 
GOVERNMENT IN A CONCERTED ATTACK AGAINST THE MULTIPLE CAUSES OF 
SOCIAL AND ECONOMIC DECLINE - UNEMPLOYMENT, BAD HOUSING, 
CRIME, POOR HEALTH AND A DEGRADED ENVIRONMENT.

 LONDON 

 LONDON IS THE ONLY WESTERN CAPITAL WITHOUT AN ELECTED CITY 
GOVERNMENT. FOLLOWING A REFERENDUM TO CONFIRM POPULAR 
DEMAND, THERE WILL BE A NEW DEAL FOR LONDON, WITH A STRATEGIC 
AUTHORITY AND A MAYOR, EACH DIRECTLY ELECTED. BOTH WILL SPEAK UP 
FOR THE NEEDS OF THE CITY AND PLAN ITS FUTURE. THEY WILL NOT 
DUPLICATE THE WORK OF THE BOROUGHS, BUT TAKE RESPONSIBILITY FOR 
LONDON-WIDE ISSUES - ECONOMIC REGENERATION, PLANNING, 
POLICING, TRANSPORT AND ENVIRONMENTAL PROTECTION. LONDON-WIDE 
RESPONSIBILITY FOR ITS OWN GOVERNMENT IS URGENTLY REQUIRED. WE 
WILL MAKE IT HAPPEN. 

 THE REGIONS OF ENGLAND 

 THE CONSERVATIVES HAVE CREATED A TIER OF REGIONAL GOVERNMENT IN 
ENGLAND THROUGH QUANGOS AND GOVERNMENT REGIONAL OFFICES. 
MEANWHILE LOCAL AUTHORITIES HAVE COME TOGETHER TO CREATE A MORE 
CO-ORDINATED REGIONAL VOICE. LABOUR WILL BUILD ON THESE 
DEVELOPMENTS THROUGH THE ESTABLISHMENT OF REGIONAL CHAMBERS TO 
CO-ORDINATE TRANSPORT, PLANNING, ECONOMIC DEVELOPMENT, BIDS FOR 
EUROPEAN FUNDING AND LAND USE PLANNING. 

 DEMAND FOR DIRECTLY ELECTED REGIONAL GOVERNMENT SO VARIES 
ACROSS ENGLAND THAT IT WOULD BE WRONG TO IMPOSE A UNIFORM 
SYSTEM. IN TIME WE WILL INTRODUCE LEGISLATION TO ALLOW THE PEOPLE, 
REGION BY REGION, TO DECIDE IN A REFERENDUM WHETHER THEY WANT 
DIRECTLY ELECTED REGIONAL GOVERNMENT. ONLY WHERE CLEAR POPULAR 
CONSENT IS ESTABLISHED WILL ARRANGEMENTS BE MADE FOR ELECTED 
REGIONAL ASSEMBLIES. THIS WOULD REQUIRE A PREDOMINANTLY UNITARY 
SYSTEM OF LOCAL GOVERNMENT, AS PRESENTLY EXISTS IN SCOTLAND AND 
WALES, AND CONFIRMATION BY INDEPENDENT AUDITORS THAT NO 
ADDITIONAL PUBLIC EXPENDITURE OVERALL WOULD BE INVOLVED. OUR 
PLANS WILL NOT MEAN ADDING A NEW TIER OF GOVERNMENT TO THE 
EXISTING ENGLISH SYSTEM. 

 REAL RIGHTS FOR CITIZENS 

 CITIZENS SHOULD HAVE STATUTORY RIGHTS TO ENFORCE THEIR HUMAN 
RIGHTS IN THE UK COURTS. WE WILL BY STATUTE INCORPORATE THE 
EUROPEAN CONVENTION ON HUMAN RIGHTS INTO UK LAW TO BRING 
THESE RIGHTS HOME AND ALLOW OUR PEOPLE ACCESS TO THEM IN THEIR 
NATIONAL COURTS. THE INCORPORATION OF THE EUROPEAN CONVENTION 
WILL ESTABLISH A FLOOR, NOT A CEILING, FOR HUMAN RIGHTS. PARLIAMENT 
WILL REMAIN FREE TO ENHANCE THESE RIGHTS, FOR EXAMPLE BY A 
FREEDOM OF INFORMATION ACT. 

 WE WILL SEEK TO END UNJUSTIFIABLE DISCRIMINATION WHEREVER IT 
EXISTS. FOR EXAMPLE, WE SUPPORT COMPREHENSIVE, ENFORCEABLE 
CIVIL RIGHTS FOR DISABLED PEOPLE AGAINST DISCRIMINATION IN SOCIETY 
OR AT WORK, DEVELOPED IN PARTNERSHIP WITH ALL INTERESTED PARTIES. 

 LABOUR WILL UNDERTAKE A WIDE-RANGING REVIEW BOTH OF THE REFORM 
OF THE CIVIL JUSTICE SYSTEM AND LEGAL AID. WE WILL ACHIEVE VALUE 
FOR MONEY FOR THE TAXPAYER AND THE CONSUMER. A COMMUNITY 
LEGAL SERVICE WILL DEVELOP LOCAL, REGIONAL AND NATIONAL PLANS FOR 
THE DEVELOPMENT OF LEGAL AID ACCORDING TO THE NEEDS AND 
PRIORITIES OF REGIONS AND AREAS. THE KEY TO SUCCESS WILL BE TO 
PROMOTE A PARTNERSHIP BETWEEN THE VOLUNTARY SECTOR, THE LEGAL 
PROFESSION AND THE LEGAL AID BOARD. 

 EVERY COUNTRY MUST HAVE FIRM CONTROL OVER IMMIGRATION AND 
BRITAIN IS NO EXCEPTION. ALL APPLICATIONS, HOWEVER, SHOULD BE 
DEALT WITH SPEEDILY AND FAIRLY. THERE ARE, RIGHTLY, CRITERIA FOR 
THOSE WHO WANT TO ENTER THIS COUNTRY TO JOIN HUSBAND OR WIFE. 
WE WILL ENSURE THAT THESE ARE PROPERLY ENFORCED. WE WILL, 
HOWEVER, REFORM THE SYSTEM IN CURRENT USE TO REMOVE THE 
ARBITRARY AND UNFAIR RESULTS THAT CAN FOLLOW FROM THE EXISTING 
'PRIMARY PURPOSE' RULE. THERE WILL BE A STREAMLINED SYSTEM OF 
APPEALS FOR VISITORS DENIED A VISA. 

 THE SYSTEM FOR DEALING WITH ASYLUM SEEKERS IS EXPENSIVE AND 
SLOW - THERE ARE MANY UNDECIDED CASES DATING BACK BEYOND 
1993. WE WILL ENSURE SWIFT AND FAIR DECISIONS ON WHETHER 
SOMEONE CAN STAY OR GO, CONTROL UNSCRUPULOUS IMMIGRATION 
ADVISORS AND CRACK DOWN ON THE FRAUDULENT USE OF BIRTH 
CERTIFICATES.


 NORTHERN IRELAND 

 LABOUR'S APPROACH TO THE PEACE PROCESS HAS BEEN BIPARTISAN. WE 
HAVE SUPPORTED THE RECENT AGREEMENTS BETWEEN THE TWO 
GOVERNMENTS - THE ANGLO-IRISH AGREEMENT, THE DOWNING STREET 
DECLARATION AND THE FRAMEWORK DOCUMENT. THE GOVERNMENT HAS 
TABLED PROPOSALS WHICH INCLUDE A NEW DEVOLVED LEGISLATIVE BODY, 
AS WELL AS CROSS-BORDER CO-OPERATION AND CONTINUED DIALOGUE 
BETWEEN THE TWO GOVERNMENTS. 

 THERE WILL BE AS GREAT A PRIORITY ATTACHED TO SEEING THAT PROCESS 
THROUGH WITH LABOUR AS UNDER THE CONSERVATIVES, IN CO-OPERATION 
WITH THE IRISH GOVERNMENT AND THE NORTHERN IRELAND PARTIES. WE 
WILL EXPECT THE SAME BIPARTISAN APPROACH FROM A CONSERVATIVE 
OPPOSITION. 

 WE WILL TAKE EFFECTIVE MEASURES TO COMBAT THE TERRORIST THREAT. 

 THERE IS NOW GENERAL ACCEPTANCE THAT THE FUTURE OF NORTHERN 
IRELAND MUST BE DETERMINED BY THE CONSENT OF THE PEOPLE AS SET 
OUT IN THE DOWNING STREET DECLARATION. LABOUR RECOGNISES THAT 
THE OPTION OF A UNITED IRELAND DOES NOT COMMAND THE CONSENT OF 
THE UNIONIST TRADITION, NOR DOES THE EXISTING STATUS OF NORTHERN 
IRELAND COMMAND THE CONSENT OF THE NATIONALIST TRADITION. WE ARE 
THEREFORE COMMITTED TO RECONCILIATION BETWEEN THE TWO TRADITIONS 
AND TO A NEW POLITICAL SETTLEMENT WHICH CAN COMMAND THE SUPPORT 
OF BOTH. LABOUR WILL HELP BUILD TRUST AND CONFIDENCE AMONG BOTH 
NATIONALIST AND UNIONIST TRADITIONS IN NORTHERN IRELAND BY ACTING 
TO GUARANTEE HUMAN RIGHTS, STRENGTHEN CONFIDENCE IN POLICING, 
COMBAT DISCRIMINATION AT WORK AND REDUCE TENSIONS OVER PARADES. 
LABOUR WILL ALSO FOSTER ECONOMIC PROGRESS AND COMPETITIVENESS 
IN NORTHERN IRELAND, SO AS TO REDUCE UNEMPLOYMENT.

WE WILL GIVE BRITAIN LEADERSHIP IN EUROPE

 - REFERENDUM ON SINGLE CURRENCY 

 - LEAD REFORM OF THE EU 

 - RETAIN TRIDENT: STRONG DEFENCE 

 THROUGH NATO 

 - A REFORMED UNITED NATIONS 

 - HELPING TO TACKLE GLOBAL POVERTY

 BRITAIN, THOUGH AN ISLAND NATION WITH LIMITED NATURAL RESOURCES, 
HAS FOR CENTURIES BEEN A LEADER OF NATIONS. BUT UNDER THE 
CONSERVATIVES BRITAIN'S INFLUENCE HAS WANED. 

 WITH A NEW LABOUR GOVERNMENT, BRITAIN WILL BE STRONG IN 
DEFENCE; RESOLUTE IN STANDING UP FOR ITS OWN INTERESTS; AN 
ADVOCATE OF HUMAN RIGHTS AND DEMOCRACY THE WORLD OVER; A 
RELIABLE AND POWERFUL ALLY IN THE INTERNATIONAL INSTITUTIONS OF 
WHICH WE ARE A MEMBER; AND WILL BE A LEADER IN EUROPE. 

 OUR VISION OF EUROPE IS OF AN ALLIANCE OF INDEPENDENT NATIONS 
CHOOSING TO CO-OPERATE TO ACHIEVE THE GOALS THEY CANNOT ACHIEVE 
ALONE. WE OPPOSE A EUROPEAN FEDERAL SUPERSTATE. 

 THERE ARE ONLY THREE OPTIONS FOR BRITAIN IN EUROPE. THE FIRST IS TO 
COME OUT. THE SECOND IS TO STAY IN, BUT ON THE SIDELINES. THE 
THIRD IS TO STAY IN, BUT IN A LEADING ROLE. 

 AN INCREASING NUMBER OF CONSERVATIVES, OVERTLY OR COVERTLY, 
FAVOUR THE FIRST. BUT WITHDRAWAL WOULD BE DISASTROUS FOR BRITAIN. 
IT WOULD PUT MILLIONS OF JOBS AT RISK. IT WOULD DRY UP INWARD 
INVESTMENT. IT WOULD DESTROY OUR CLOUT IN INTERNATIONAL TRADE 
NEGOTIATIONS. IT WOULD RELEGATE BRITAIN FROM THE PREMIER DIVISION 
OF NATIONS. 

 THE SECOND IS EXACTLY WHERE WE ARE TODAY UNDER THE 
CONSERVATIVES. THE BSE FIASCO SYMBOLISES THEIR FAILURES IN 
EUROPE. 

 THE THIRD IS THE PATH A NEW LABOUR GOVERNMENT WILL TAKE. A 
FRESH START IN EUROPE, WITH THE CREDIBILITY TO ACHIEVE REFORM. WE 
HAVE SET OUT A DETAILED AGENDA FOR REFORM, LEADING FROM THE FRONT 
DURING THE UK PRESIDENCY IN THE FIRST HALF OF 1998: 

 RAPID COMPLETION OF THE SINGLE MARKET: A TOP PRIORITY FOR THE 
BRITISH PRESIDENCY. WE WILL OPEN UP MARKETS TO COMPETITION; 
PURSUE TOUGH ACTION AGAINST UNFAIR STATE AIDS; AND ENSURE PROPER 
ENFORCEMENT OF SINGLE MARKET RULES. THIS WILL STRENGTHEN 
EUROPE'S COMPETITIVENESS AND OPEN UP NEW OPPORTUNITIES FOR 
BRITISH FIRMS. 

 HIGH PRIORITY FOR ENLARGEMENT OF THE EUROPEAN UNION TO INCLUDE 
THE COUNTRIES OF CENTRAL AND EASTERN EUROPE AND CYPRUS, AND THE 
INSTITUTIONAL REFORMS NECESSARY TO MAKE AN ENLARGED EUROPE WORK 
MORE EFFICIENTLY. 

 URGENT REFORM OF THE COMMON AGRICULTURAL POLICY. IT IS COSTLY, 
VULNERABLE TO FRAUD AND NOT GEARED TO ENVIRONMENTAL PROTECTION. 
ENLARGEMENT AND THE WORLD TRADE TALKS IN 1999 WILL MAKE 
REFORM EVEN MORE ESSENTIAL. WE WILL SEEK A THOROUGH OVERHAUL OF 
THE COMMON FISHERIES POLICY TO CONSERVE OUR FISH STOCKS IN THE 
LONG-TERM INTERESTS OF THE UK FISHING INDUSTRY. 

 GREATER OPENNESS AND DEMOCRACY IN EU INSTITUTIONS WITH OPEN 
VOTING IN THE COUNCIL OF MINISTERS AND MORE EFFECTIVE SCRUTINY OF 
THE COMMISSION BY THE EUROPEAN PARLIAMENT. WE HAVE LONG 
SUPPORTED A PROPORTIONAL VOTING SYSTEM FOR ELECTION TO THE 
EUROPEAN PARLIAMENT. 

 RETENTION OF THE NATIONAL VETO OVER KEY MATTERS OF NATIONAL 
INTEREST, SUCH AS TAXATION, DEFENCE AND SECURITY, IMMIGRATION, 
DECISIONS OVER THE BUDGET AND TREATY CHANGES, WHILE CONSIDERING 
THE EXTENSION OF QUALIFIED MAJORITY VOTING IN LIMITED AREAS WHERE 
THAT IS IN BRITAIN'S INTERESTS. 

 BRITAIN TO SIGN THE SOCIAL CHAPTER. AN 'EMPTY CHAIR' AT THE 
NEGOTIATING TABLE IS DISASTROUS FOR BRITAIN. THE SOCIAL CHAPTER IS 
A FRAMEWORK UNDER WHICH LEGISLATIVE MEASURES CAN BE AGREED. 
ONLY TWO MEASURES HAVE BEEN AGREED - CONSULTATION FOR 
EMPLOYEES OF LARGE EUROPE-WIDE COMPANIES AND ENTITLEMENT TO 
UNPAID PARENTAL LEAVE. SUCCESSFUL COMPANIES ALREADY WORK 
CLOSELY WITH THEIR WORKFORCES. THE SOCIAL CHAPTER CANNOT BE 
USED TO FORCE THE HARMONISATION OF SOCIAL SECURITY OR TAX 
LEGISLATION AND IT DOES NOT COST JOBS. WE WILL USE OUR 
PARTICIPATION TO PROMOTE EMPLOYABILITY AND FLEXIBILITY, NOT HIGH 
SOCIAL COSTS. 

 THE SINGLE CURRENCY 

 ANY DECISION ABOUT BRITAIN JOINING THE SINGLE CURRENCY MUST BE 
DETERMINED BY A HARD-HEADED ASSESSMENT OF BRITAIN'S ECONOMIC 
INTERESTS. ONLY LABOUR CAN BE TRUSTED TO DO THIS: THE TORIES ARE 
RIVEN BY FACTION. BUT THERE ARE FORMIDABLE OBSTACLES IN THE WAY OF 
BRITAIN BEING IN THE FIRST WAVE OF MEMBERSHIP, IF EMU TAKES 
PLACE ON 1 JANUARY 1999. WHAT IS ESSENTIAL FOR THE SUCCESS OF 
EMU IS GENUINE CONVERGENCE AMONG THE ECONOMIES THAT TAKE 
PART, WITHOUT ANY FUDGING OF THE RULES. HOWEVER, TO EXCLUDE 
BRITISH MEMBERSHIP OF EMU FOREVER WOULD BE TO DESTROY ANY 
INFLUENCE WE HAVE OVER A PROCESS WHICH WILL AFFECT US WHETHER 
WE ARE IN OR OUT. WE MUST THEREFORE PLAY A FULL PART IN THE DEBATE 
TO INFLUENCE IT IN BRITAIN'S INTERESTS. 

 IN ANY EVENT, THERE ARE THREE PRE-CONDITIONS WHICH WOULD HAVE 
TO BE SATISFIED BEFORE BRITAIN COULD JOIN DURING THE NEXT 
PARLIAMENT: FIRST, 

 THE CABINET WOULD HAVE TO AGREE; THEN PARLIAMENT; AND FINALLY THE 
PEOPLE WOULD HAVE TO SAY 'YES' IN  A REFERENDUM. 

 STRONG DEFENCE THROUGH NATO 

 THE POST-COLD WAR WORLD FACES A RANGE OF NEW SECURITY 
CHALLENGES - PROLIFERATION OF WEAPONS OF MASS DESTRUCTION, THE 
GROWTH OF ETHNIC NATIONALISM AND EXTREMISM, INTERNATIONAL 
TERRORISM, AND CRIME AND DRUG TRAFFICKING. A NEW LABOUR 
GOVERNMENT WILL BUILD A STRONG DEFENCE AGAINST THESE THREATS. OUR 
SECURITY WILL CONTINUE TO BE BASED ON NATO. 

 OUR ARMED FORCES ARE AMONG THE MOST EFFECTIVE IN THE WORLD. 
THE COUNTRY TAKES PRIDE IN THEIR PROFESSIONALISM AND COURAGE. 
WE WILL ENSURE THAT THEY REMAIN STRONG TO DEFEND BRITAIN. BUT THE 
SECURITY OF BRITAIN IS BEST SERVED IN A SECURE WORLD, SO WE SHOULD 
BE WILLING TO CONTRIBUTE TO WIDER INTERNATIONAL PEACE AND SECURITY 
BOTH THROUGH THE ALLIANCES TO WHICH WE BELONG, IN PARTICULAR 
NATO AND THE WESTERN EUROPEAN UNION,  AND THROUGH OTHER 
INTERNATIONAL ORGANISATIONS SUCH AS THE UN AND THE ORGANISATION 
FOR SECURITY AND CO-OPERATION IN EUROPE. 

 LABOUR WILL CONDUCT A STRATEGIC DEFENCE AND SECURITY REVIEW TO 
REASSESS OUR ESSENTIAL SECURITY INTERESTS AND DEFENCE NEEDS. IT 
WILL CONSIDER HOW THE ROLES, MISSIONS AND CAPABILITIES OF OUR 
ARMED FORCES SHOULD BE ADJUSTED TO MEET THE NEW STRATEGIC 
REALITIES. THE REVIEW WE PROPOSE WILL BE FOREIGN POLICY LED, FIRST 
ASSESSING OUR LIKELY OVERSEAS COMMITMENTS AND INTERESTS AND 
THEN ESTABLISHING HOW OUR FORCES SHOULD BE DEPLOYED TO MEET 
THEM. 

 ARMS CONTROL 

 A NEW LABOUR GOVERNMENT WILL RETAIN TRIDENT. WE WILL PRESS FOR 
MULTILATERAL NEGOTIATIONS TOWARDS MUTUAL, BALANCED AND VERIFIABLE 
REDUCTIONS IN NUCLEAR WEAPONS. WHEN SATISFIED WITH VERIFIED 
PROGRESS TOWARDS OUR GOAL OF THE GLOBAL ELIMINATION OF NUCLEAR 
WEAPONS, WE WILL ENSURE THAT BRITISH NUCLEAR WEAPONS ARE 
INCLUDED IN MULTILATERAL NEGOTIATIONS. 

 LABOUR WILL WORK FOR THE EFFECTIVE IMPLEMENTATION OF THE 
CHEMICAL WEAPONS CONVENTION AND FOR A STRENGTHENING OF THE 
BIOLOGICAL WEAPONS CONVENTION. LABOUR WILL BAN THE IMPORT, 
EXPORT, TRANSFER AND MANUFACTURE OF ALL FORMS OF ANTI-PERSONNEL 
LANDMINES. WE WILL INTRODUCE AN IMMEDIATE MORATORIUM ON THEIR 
USE. LABOUR WILL NOT PERMIT THE SALE OF ARMS TO REGIMES THAT 
MIGHT USE THEM FOR INTERNAL REPRESSION OR INTERNATIONAL 
AGGRESSION. WE WILL INCREASE THE TRANSPARENCY AND ACCOUNTABILITY 
OF DECISIONS ON EXPORT LICENCES FOR ARMS. AND WE WILL SUPPORT AN 
EU CODE OF CONDUCT GOVERNING ARMS SALES. 

 WE SUPPORT A STRONG UK DEFENCE INDUSTRY, WHICH IS A STRATEGIC 
PART OF OUR INDUSTRIAL BASE AS WELL AS OUR DEFENCE EFFORT. WE 
BELIEVE THAT PART OF ITS EXPERTISE CAN BE EXTENDED TO CIVILIAN USE 
THROUGH A DEFENCE DIVERSIFICATION AGENCY. 

 LEADERSHIP IN THE INTERNATIONAL COMMUNITY 

 A NEW LABOUR GOVERNMENT WILL USE BRITAIN'S PERMANENT SEAT ON 
THE SECURITY COUNCIL TO PRESS FOR SUBSTANTIAL REFORM OF THE UNITED 
NATIONS, INCLUDING AN EARLY RESOLUTION OF ITS FUNDING CRISIS, AND A 
MORE EFFECTIVE ROLE IN PEACEKEEPING, CONFLICT PREVENTION, THE 
PROTECTION OF HUMAN RIGHTS AND SAFEGUARDING THE GLOBAL 
ENVIRONMENT. 

 THE COMMONWEALTH PROVIDES BRITAIN WITH A UNIQUE NETWORK OF 
CONTACTS LINKED BY HISTORY, LANGUAGE AND LEGAL SYSTEMS. LABOUR 
IS COMMITTED TO GIVING RENEWED PRIORITY TO THE COMMONWEALTH IN 
OUR FOREIGN RELATIONS. WE WILL SEIZE THE OPPORTUNITY TO INCREASE 
TRADE AND ECONOMIC CO-OPERATION AND WILL ALSO BUILD ALLIANCES 
WITH OUR COMMONWEALTH PARTNERS TO PROMOTE REFORM AT THE UN 
AND COMMON ACTION ON THE GLOBAL ENVIRONMENT. BRITAIN HAS A REAL 
OPPORTUNITY TO PROVIDE LEADERSHIP TO THE COMMONWEALTH WHEN 
WE HOST THE HEADS OF GOVERNMENT MEETING IN BRITAIN AT THE END OF 
1997.

 PROMOTING ECONOMIC AND SOCIAL DEVELOPMENT 

 LABOUR WILL ALSO ATTACH MUCH HIGHER PRIORITY TO COMBATING GLOBAL 
POVERTY AND UNDERDEVELOPMENT. ACCORDING TO THE WORLD BANK, 
THERE ARE 1.3 BILLION PEOPLE IN THE WORLD WHO LIVE IN ABSOLUTE 
POVERTY, SUBSISTING ON LESS THAN US$1 A DAY, WHILE 35,000 
CHILDREN DIE EACH DAY FROM READILY PREVENTABLE DISEASES. 

 LABOUR BELIEVES THAT WE HAVE A CLEAR MORAL RESPONSIBILITY TO HELP 
COMBAT GLOBAL POVERTY. IN GOVERNMENT WE WILL STRENGTHEN AND 
RESTRUCTURE THE BRITISH AID PROGRAMME AND BRING DEVELOPMENT 
ISSUES BACK INTO THE MAINSTREAM OF GOVERNMENT DECISION-MAKING. 
A CABINET MINISTER WILL LEAD A NEW DEPARTMENT OF INTERNATIONAL 
DEVELOPMENT. 

 WE WILL SHIFT AID RESOURCES TOWARDS PROGRAMMES THAT HELP THE 
POOREST PEOPLE IN THE POOREST COUNTRIES. WE REAFFIRM THE UK'S 
COMMITMENT TO THE 0.7 PER CENT UN AID TARGET AND IN GOVERNMENT 
LABOUR WILL START TO REVERSE THE DECLINE IN UK AID SPENDING. 

 WE WILL WORK FOR GREATER CONSISTENCY BETWEEN THE AID, TRADE, 
AGRICULTURE AND ECONOMIC REFORM POLICIES OF THE EU. WE WILL USE 
OUR LEADERSHIP POSITION IN THE EU TO MAINTAIN AND ENHANCE THE 
POSITION OF THE POOREST COUNTRIES DURING THE RENEGOTIATION OF THE 
LOMÉ CONVENTION. 

 WE WILL SUPPORT FURTHER MEASURES TO REDUCE THE DEBT BURDEN 
BORNE BY THE WORLD'S POOREST COUNTRIES AND TO ENSURE THAT 
DEVELOPING COUNTRIES ARE GIVEN A FAIR DEAL IN INTERNATIONAL TRADE. 

 IT IS OUR AIM TO REJOIN UNESCO. WE WILL CONSIDER HOW THIS CAN 
BE DONE MOST EFFECTIVELY AND WILL ENSURE THAT THE COST IS MET FROM 
SAVINGS ELSEWHERE.

 HUMAN RIGHTS 

 LABOUR WANTS BRITAIN TO BE RESPECTED IN THE WORLD FOR THE 
INTEGRITY WITH WHICH IT CONDUCTS ITS FOREIGN RELATIONS. WE WILL 
MAKE THE PROTECTION AND PROMOTION OF HUMAN RIGHTS A CENTRAL PART 
OF OUR FOREIGN POLICY. WE WILL WORK FOR THE CREATION OF A 
PERMANENT INTERNATIONAL CRIMINAL COURT TO INVESTIGATE GENOCIDE, 
WAR CRIMES AND CRIMES AGAINST HUMANITY.

 A NEW ENVIRONMENTAL INTERNATIONALISM 

 LABOUR BELIEVES THAT THE THREATS TO THE GLOBAL CLIMATE SHOULD 
PUSH ENVIRONMENTAL CONCERNS HIGHER UP THE INTERNATIONAL AGENDA. 
A LABOUR GOVERNMENT WILL STRENGTHEN CO-OPERATION IN THE 
EUROPEAN UNION ON ENVIRONMENTAL ISSUES, INCLUDING CLIMATE 
CHANGE AND OZONE DEPLETION. WE WILL LEAD THE FIGHT AGAINST GLOBAL 
WARMING, THROUGH OUR TARGET OF A 20 PER CENT REDUCTION IN CARBON 
DIOXIDE EMISSIONS BY THE YEAR 2010. 

 LABOUR BELIEVES THE INTERNATIONAL ENVIRONMENT SHOULD BE 
SAFEGUARDED IN NEGOTIATIONS OVER INTERNATIONAL TRADE. WE WILL ALSO 
WORK FOR THE SUCCESSFUL NEGOTIATION OF A NEW PROTOCOL ON CLIMATE 
CHANGE TO BE COMPLETED IN JAPAN IN 1997.

 LEADERSHIP, NOT ISOLATION 

 THERE IS A SHARP DIVISION BETWEEN THOSE WHO BELIEVE THE WAY TO 
COPE WITH GLOBAL CHANGE IS FOR NATIONS TO RETREAT INTO ISOLATIONISM 
AND PROTECTIONISM, AND THOSE WHO BELIEVE IN INTERNATIONALISM AND 
ENGAGEMENT. LABOUR HAS TRADITIONALLY BEEN THE PARTY OF 
INTERNATIONALISM. BRITAIN CANNOT BE STRONG AT HOME IF IT IS WEAK 
ABROAD. THE TRAGEDY OF THE CONSERVATIVE YEARS HAS BEEN THE 
SQUANDERING OF BRITAIN'S ASSETS AND THE LOSS OF BRITAIN'S 
INFLUENCE. 

 A NEW LABOUR GOVERNMENT WILL USE THOSE ASSETS TO THE FULL TO 
RESTORE BRITAIN'S PRIDE AND INFLUENCE AS A LEADING FORCE FOR GOOD 
IN THE WORLD. WITH EFFECTIVE LEADERSHIP AND CLEAR VISION, BRITAIN 
COULD ONCE AGAIN BE AT THE CENTRE OF INTERNATIONAL DECISION-
MAKING INSTEAD OF AT ITS MARGINS. 

 THIS MANIFESTO CONTAINS THE DETAIL OF OUR PLANS. WE HAVE 
PROMISED ONLY WHAT WE KNOW WE CAN DELIVER.BRITAIN DESERVES 
BETTER AND THE FOLLOWING FIVE ELECTION PLEDGES WILL BE THE FIRST 
STEPS TOWARDS A BETTER BRITAIN. IF YOU WOULD LIKE TO HELP US BUILD 
THAT BETTER BRITAIN, JOIN US BY CALLING 0990 300 900.

 CUT CLASS SIZES TO 30 OR UNDER FOR  5, 6 AND 7 YEAR-OLDS BY USING 
MONEY FROM THE ASSISTED PLACES SCHEME 

 FAST-TRACK PUNISHMENT FOR PERSISTENT YOUNG OFFENDERS BY HALVING 
THE TIME FROM ARREST TO SENTENCING 

 CUT NHS WAITING LISTS BY TREATING AN EXTRA 100,000 PATIENTS AS A 
FIRST STEP BY RELEASING £100 MILLION SAVED FROM NHS RED TAPE 

 GET 250,000 UNDER-25 YEAR-OLDS OFF BENEFIT AND INTO WORK BY 
USING MONEY FROM A WINDFALL LEVY ON THE PRIVATISED UTILITIES 

 NO RISE IN INCOME TAX RATES, CUT VAT ON HEATING TO 5 PER CENT AND 
INFLATION AND INTEREST RATES AS LOW AS POSSIBLE 

  NEWS | CONSTITUENCIES | CANDIDATES | BACKGROUND | ISSUES | 
PARTIES | POLLS | 
  ANALYSIS | UK BREAKDOWN | TV/RADIO/WEB | INTERACTIVE | FORUM 
| FEATURES 


 (C) BBC 1997



21





"
LD_1997,"make the
difference

The Liberal Democrat Manifesto 1997
£2.45
  
CONTENTS
EDUCATION
P8


JOBS & THE ECONOMY
P20
ENVIRONMENT
P20


SECURE COMMUNITIES
P26
HEALTH & COMMUNITY CARE
P34


REFORMING POLITICS
P40
OPPORTUNITIES
P46


BRITAIN IN THE WORLD
P54
ADDENDUM
P62

'The Liberal Democrats exist to build and safeguard a fair, free and open society in which we seek to balance the fundamental values of liberty, equality and community, and in which no-one shall be enslaved by poverty, ignorance or conformity.'
Liberal Democrat Constitution 
  
INTRODUCTION
This will be the last election of this century. And one of its most important. We have ducked the challenges that confront our country for too long. It is time to face them. The choice you make will shape Britain's future for the next 50 years. There are no quick fixes, no instant solutions. Eighteen years of Conservative government have left our society divided, our public services run down, our sense of community fractured and our economy under-performing. There is much to be done to prepare Britain for the next century and no time to waste in getting started. 
Yet a terrible fatalism seems to grip politicians. Though the challenges are immense, the solutions we are offered are all too often puny. We are told we can't ask people to pay more for a better education. Or change the way we live to protect our environment. Or share more to give better opportunities to those who have less. Or modernise our politics to give people more say. 
The Liberal Democrats reject this timidity. 
We are in politics not just to manage things better, but to make things happen. To build a more prosperous, fair and open society. We believe in the market economy as the best way to deliver prosperity and distribute economic benefits. But we recognise that market mechanisms on their own are not enough; that the private sector alone cannot ensure that there are good services for everyone, or promote employment opportunities, or tackle economic inequality, or protect the environment for future generations. 
We believe in a society in which every citizen shares rights and responsibilities. But, we recognise that a strong country is built from the bottom, not the top; that conformity quickly becomes the enemy of diversity. And that the imposition of social blueprints leads to authoritarian centralised government. Liberal Democrats believe that power and opportunity, like wealth, should be widely spread. 
Above all, Liberal Democracy is about liberty. That does not just mean freedom from oppressive government. It means providing all citizens with the opportunity to build worthwhile lives for themselves and their families and helping them to recognise their responsibilities to the wider community. 
Liberal Democrats believe the role of democratic government is to protect and strengthen liberty, to redress the balance between the powerful and the weak, between rich and poor and between immediate gains and long-term environmental costs. 
That is the Liberal Democrat vision: of active government which invests in people, promotes their long-term prosperity and welfare, safeguards their security, and is answerable to them for its actions. 
Much of what we propose here requires no money only political will. But where extra investment is required we say where it will come from. This is a menu with prices. 
The purpose of this manifesto is to widen opportunities for all. 
And its aim is to build a nation of self-reliant individuals, living in strong communities, backed by an enabling government. 
Rt Hon Paddy Ashdown

Which party will make a real difference to my child's education?
Our aim: To make Britain the world's foremost learning society by 2010. 
The problem: This country's education has been underfunded and undermined by repeated shifts in policy. Standards are too low, especially in core skills such as reading and maths. Britain is too low in the world league tables. 
Our commitment: Liberal Democrats will make education the next government's top priority. We will invest an additional £2 billion per year in education, funded by an extra 1p in the pound on the basic rate of income tax. 
Our first priority is to: 
*  Give children the best start by providing high quality early years education for every 3 and 4 year-old child whose parents want it. 
Key priorities are to: 
*  Increase funding for books and equipment in schools. In the first year, we will double spending on books and equipment to overcome the effect of recent cuts. 
*  Reduce primary school class sizes so that within 5 years no child between 5 and 11 I will need to be in a class of more than 30. 
*  Tackle the backlog of repair and maintenance to buildings with £500m additional investment over 5 years. 
*  Boost chances for all adults to improve their skills and get better qualifications. 
Making the best start
Early years education is the essential building block for higher standards and achievement later on. Every £1 spent on high quality under-fives education raises standards in later life and adds up to £7 of value to the nations economy. 
We will: 
*  Give children the best start by providing high quality early years education for every 3 and 4 year-old child whose parents want it. This will be the first call on our £2 billion annual programme of extra investment in education. 
*  Promote high standards in early years education. We will set minimum standards for care, curriculum and premises. We will ensure that those in early years education are supervised by qualified staff. 
*  Provide choice in early years education. We will scrap the bureaucratic voucher scheme. We will ensure a variety of provision from a wide range of public, private and voluntary providers. 
*  Raising standards in schools. We will raise standards in schools, especially in literacy and numeracy, which are still far too low. 
We will: 
*  Improve teaching standards. We will set up a General Teaching Council, charged with improving teaching standards and making teaching a profession to be proud of again. We will provide more opportunities for professional development and reward excellence in teaching. We will help poor teachers improve, but if they cannot, we will ensure they do not continue to teach. 
*  Encourage schools to succeed. We will strengthen the inspection system so that it helps schools and we will extend inspection to monitoring Local Education Authorities (LEAs). 
*  Strengthen discipline in schools. We will support teachers in maintaining discipline and provide them with the means to do so - for example, by providing better access to special referral units. We will require every school to develop a policy to tackle bullying and truancy. We will launch a national Truancy Watch scheme. We will oblige LEAs to fulfil their responsibilities to educate pupils excluded or suspended from school. 
*  Measure achievement in pupils and schools. We will give every pupil a Personal Record of Achievement which will enable them to build up a set of nationally accredited qualifications and record their other achievements. We will require schools to publish meaningful information on their standards, achievements and plans for the future. 
*  Improve the National Curriculum. We will replace the National Curriculum with a more focused and flexible Minimum Curriculum Entitlement. We will ensure that religious education provides pupils with an understanding of the major traditions of belief in this country. 
*  Boost literacy. We will establish special literacy programmes involving parents with teachers in a drive to ensure that 90 per cent of all pupils reach their expected reading age by 2005. 

Investing in schools
Extra investment for well-equipped classrooms and better-maintained buildings is essential if standards are to improve. 
We will: 
*  Increase funding for books and equipment in schools. In the first year, we will double spending on books and equipment to overcome the effect of recent cuts. A typical primary school of 250 pupils will get an extra £16,000. A typical secondary school of 1,000 pupils will get an extra £110,000. 
*  Reduce primary school class sizes so that within 5 years no child between 5 and 11 will need to be in a class of more than 30. 
*  Tackle the backlog of repairs. We will invest an additional £500 million over 5 years in repairing crumbling and unsafe buildings. 
*  Support children with special needs. We will fully fund the implementation of the Code of Practice for Special Educational Needs. 
A new partnership for schools
Involving parents in the education of their children and ensuring schools are supported by local communities are both essential to achieving higher standards and a better use of resources. 
We will: 
*  Increase the role of parents in education. We will extend home/school/pupil links, develop home-school partnership arrangements and support parents with information and resources to help them help their child. We will require the schools inspection service to report on home-school partnerships as part of school inspections. We will promote school councils and guarantee automatic representation on governing bodies to staff and, where appropriate, students. 
*  Open up schools to the whole community. We will encourage schools to develop courses for parents, build links with local leisure organisations to open up school sports facilities to the community and work with local businesses to provide improved computer education. 
*  Give all schools more independence and allow them to develop their own styles and strengths. We will devolve as many powers as possible to schools and give them more control over their budgets. We will make new 'light touch' LEAs responsible for those functions that cannot be undertaken by individual schools on their own, such as coordination, planning and monitoring standards. We will bring grant-maintained schools and City Technology Colleges into this new framework and scrap the Funding Agency for Schools. Liberal Democrats are opposed to selection, but believe that decisions on this should be made by local communities through their local Councils and not by politicians at Westminster. 
*  Recognise the valuable role of church schools in the maintained sector. We will initiate a dialogue with all the major faiths about the role they wish to play in education in the future. Where any of the major faiths wish to establish publicly funded voluntary schools we will enable them to do so, provided that they enjoy substantial community support, offer acceptable programmes of study, provide equality of opportunity and are able to deliver the Minimum Curriculum Entitlement. 
*  Forge a new partnership with the independent sector. We will encourage independent schools to work with state schools. We will phase out the Assisted Places Scheme and use the money saved to enable LEAs, if they wish, to enter into local partnership schemes. These could include assisting the funding of pupils at independent schools. Pupils currently covered by the Assisted Places Scheme would, however, be protected until they finish their studies. We will require independent schools to offer the Minimum Curriculum Entitlement. We will extend charitable status to all schools without affecting total Council funding and maintain the VAT exemption on school fees. 
Extending life-long learning
In the information age, education must be a life-long activity from which people can benefit anywhere and at any time, rather than being something that only happens in school. 
We will: 
*  Widen access to further education. We will give every person an Individual Learning Account as the basis for life-long post-school education with contributions made by the state, individuals and employers. Our aim is that the state contribution will be at least equivalent to the cost of fees on approved courses. We will replace the Student Loans Scheme with a fair repayment scheme linked to salaries in later life. We oppose top-up fees for tuition. Our aim is to ensure that students on approved courses (including part-time courses) up to first degree level are treated equally. 
*  Promote flexible learning. We will create a higher standard credit-based system for all post-14 courses, including the current A-levels and degree courses. We will work with the private sector to link all schools to the Information Super Highway and ensure that they have the equipment and skills to take advantage of this. 
*  Promote training in the workplace. To support companies that invest in education and training, and to encourage others to do so, we will introduce a 2 per cent remissible levy on company payrolls. This would be deductible against the cost of providing accredited training or making contributions to the Individual Learning Account. Small businesses will be exempt. We will give Training and Enterprise Councils the leading role in forging local partnerships to meet youth training and employment needs. 
*  Expand training opportunities for young people. Our aim is to ensure that 16-19 year-oIds receive the equivalent of at least 2 days a week education or on-the-job training. 
*  Boost chances for all adults to improve their skills and get better qualifications. We will ensure that all adults on approved courses or training have access to financial support, either through their Individual Learning Accounts or from their employer using our new remissible training levy. 
*  Improve the quality of tertiary courses. We will create a new Quality Council to ensure high standards and value for money in all post-16 education and training courses. 
*  Secure academic freedom. We will ensure the funding of university teaching and research, safeguard academic freedom and standards. 
Which party will be best for my job and our firm?
Our aim: To end the cycle of boom and bust and equip Britain's economy to compete in the global market-place. 
The problem: Despite the current pre-election mini-boom, the fundamentals of Britain's economy remain weak. We continue to be held back by instability in economic management, an underskilled labour force and chronic under-investment. Britain continues to consume too much and invest too little. 
Our commitment: Liberal Democrats will lock in economic stability, encourage saving and promote enterprise. We will raise the quality of Britain's workforce through additional investment in education and training. As part of our strategy to build a sustainable economy, we will shift the burden of taxation from employment to the depletion of natural resources. 
Our priorities are to: 
*  Provide stability in economic management to encourage long-term investment. 
*  Raise the quality of Britain's workforce and get people back to work. 
*  Promote enterprise and small businesses. 
*  Begin to shift taxation from jobs, wealth and goods to pollution and the depletion of natural resources. 
Investing in Britain's future 
Long-term investment and economic stability are crucial to future economic success. 
We will: 
*  Secure stable prices and low interest rates. We will turn the Bank of England into a UK Reserve Bank, free from political interference. We will charge the Bank with keeping inflation low and make it accountable to Parliament for achieving this goal. Lower inflation and greater exchange rate stability can be better secured by working with Britain's European partners. The best framework for this is a single European currency and it is in Britain's interests to take part in this. However, three conditions must be met before this can happen. First, the single currency must be firmly founded on the Maastricht criteria. Second, Britain must meet those criteria. Third, the British people must have said yes' in a referendum. If these conditions for a single currency are in place, Britain should join. 
*  Ensure responsible economic management. We will keep to the 'golden rule' of public finance: over the economic cycle, total borrowing should not exceed total investment. We will make the government accountable to Parliament for keeping to this rule, and subject it to independent monitoring. We will cut wasteful spending and ensure new spending delivers value for money. 
*  Build up Britain's capital assets. We will distinguish between capital and current spending in the national accounting system. We will promote effective public/private investment partnerships at both national and local levels, with Councils' borrowing carefully controlled. 
*  Put Britain's people back to work. We will enable long-term unemployed people to turn their unemployment benefits into 'working benefits' paid to an employer to recruit and train them. We will break open the poverty traps that stop unemployed people from working. Our plans for boosting investment in infrastructure, promoting small businesses and encouraging energy conservation will create hundreds of thousands of new jobs. 
*  Invest in a highly-skilled workforce. Our investment of an additional £2 billion a year in education and training will improve skills and increase the nation's knowledge base. 
*  Promote environmental sustainability. We will begin a long-term shift in taxation, reducing taxes on jobs, wealth and goods and shifting them to pollution and resource depletion. We will use new national indicators of progress which include measures of quality of life and environmental sustainability. 
*  Encourage people to save. Our aim is to extend the advantages of TESSAs and PEPs to a wider range of savers by developing a new save-as-you-earn scheme. We will encourage personal and portable pension plans. 
Investing in enterprise 
Small business, enterprise and self-employment are the engine of a modern dynamic economy and a vital source of new jobs and growth. 
We will: 
*  Support small and medium-sized businesses. We will encourage the banks to develop new sources of private finance, including grants, equity finance and mutual guarantee schemes. We will seek to expand the sources of 'seed-corn' capital. We will legislate for a statutory right to interest on late debt payments. We will require the banks to develop new codes of banking practice for small businesses. We will cut red tape, for example by stopping European institutions interfering where they shouldn't and by preventing Whitehall departments 'goldplating' European regulations with extra rules. We will, in the long-term, abolish the Uniform Business Rate and bring in a new, fairer local rating system. We will ensure that government purchasing gives special emphasis and easier access to small and medium-sized firms. 

*  Boost regional and local economies. We will set up regionally-based Development Agencies to build new partnerships between small businesses, local Councils, Business Links, TECs and local Chambers of Commerce. We will encourage these bodies to come together to provide 'one-stop shops'. We will enable Councils to raise capital for local infrastructure investment, where they work in partnership with the private sector We will encourage industrial development by promoting geographical centres of industrial excellence. 
*  Invest in research and innovation. We will expand support for science and research by shifting government funds away from military Research and Development and into civil science and research, and improve specialist research facilities for industry. We will encourage regional technology transfer centres to bring together the resources of industry, universities and government laboratories. 
*  Promote tourism. We will bring together the marketing and infrastructure work of government, local Councils and tourist boards. We will ensure that local communities are involved in the planning of tourist developments from the earliest stages. 
*  Build new partnerships at work. We will give employees new rights to consultation and participation in decisions and give companies and their employees access to advice on the forms of partnership which best suit them. We will promote profit-sharing, mutual structures and employee share-ownership schemes. We will extend the benefits of the Social Chapter of the Maastricht Treaty to all UK employees, while resisting the adoption of new rules that unnecessarily harm job opportunities. 
*  Encourage a culture of long-term business investment. We will require companies to publish information on their long-term investment achievements, including environmental performance, research and development, and training. We will introduce greater shareholder control over directors' pay and appointments. 
*  Promote British exports. We will make export promotion and commercial activity a higher priority for British Embassies. 
Making Britain more competitive 
A competitive domestic economy is essential if British companies are to succeed in the global market. 
We will: 
*  Strengthen the law on competition. We will tighten the rules on monopolies and adopt a pro-competition stance on take-overs and mergers. We will, combine the Monopolies and Mergers Commission and the Office of Fair Trading into a single powerful body, independent of government and charged with promoting competition. 
*  Give consumers more power. We will promote the establishment of industry-wide Ombudsmen schemes to improve complaints procedures and consumer redress. We will strengthen customer guarantees, improve product standards and labelling, especially for environmental purposes, and encourage products that are easier to repair, reuse and recycle. We will insist on clear labelling for food products which include genetically modified ingredients. 
*  Reform the privatised utilities. We will combine the existing regulators into a single Office of Utility Regulation, reporting to a Cabinet Minister responsible for consumer affairs. This new office will contain a regulatory board for each industry and will be, charged with protecting the consumer and ensuring that excess profits are used to reduce prices and increase investment in improved services. Starting with the water industry, we will encourage utilities to involve their consumers in ownership and control of their company, through mutual structures. 
*  Reinforce consumer and investor protection. We will introduce independent regulation of financial services and improve processes for redress (e.g. for mis-selling). We will protect pension and life assurance savings from fraud. We will work to maintain the City of London's pre-eminence as a financial centre and promote effective international banking standards. 
Which party is serious about making our environment cleaner and safer?
Our aim: To make clean air, pure water and a decent environment a central priority of Government. 
The problem: For too long, the environment has been damaged by greed and indifference. This cannot go on. From global warming to polluted rivers and asthma in children, everyone is already paying the cost of environmental damage. The longer action is delayed, the higher the cost will be. 
Our commitment: To save energy, cut traffic congestion, stop the unnecessary destruction of the countryside and stem the tide of pollution. 
Our priorities are to: 
*  Cut taxes on things we want to encourage, like jobs, by taxing pollution instead. This will not mean more tax, it will mean taxing differently. 
*  Build environmental objectives into every government policy. 
*  Set tough targets to cut energy waste, reduce traffic congestion and control pollution. 
A greener economy 
Environmental protection must be built into every economic decision and every area of government policy. 
We will: 
*  Set tough new targets for the reduction of traffic pollution and waste. This will help reduce global warming, cut air pollution and prevent waste. Our targets include cutting carbon dioxide emissions (the main cause of climate change) by 30 per cent from the 1990 level over the next 15 years. 
*  Cut VAT and taxes on jobs, and make up the difference by taxing pollution instead. This will help create more jobs and a better standard of living. 
*  Adopt a Green Action Programme. We will set targets for sustainability and biodiversity, to be met by central and local government. We will measure these by using new indicators of quality of life, progress and wealth. The Prime Minister will report to Parliament each year on the country's success in meeting these environmental targets. 
*  Protect the local environment. We will pass stronger laws to conserve the countryside. We will cut road congestion and help local Councils make Britain's towns and cities healthier and cleaner places to live. 
*  Improve the way environment policy is made. Environment policy is currently buried, with housing and local government, in a huge single Government Department. We will put environment and energy policy within a separate, new department and ensure that all government departments and agencies pursue environmentally-friendly policies. We will give the Environment Agency stronger powers to enforce compliance with environmental laws. 
Transporting people, tackling pollution 
Travel delays and road congestion cost billions of pounds, and pollution damages the health of millions of people. 
We will: 
*  Invest in public transport by building new partnerships with the private sector. We will enable Councils to introduce road pricing in the most congested urban areas and use the money to support clean and rapid public transport, and to improve cycle and pedestrian access. We will retain London Underground in public ownership and give it the right to seek private finance for new investment without an assured government guarantee. 
*  Treble the freight and double the number of passengers carried on Britain's railways by the year 2010. We will strengthen the powers of the rail regulators. We will require Railtrack to meet targets for greater investment and increased passenger and freight traffic. We will withhold public subsidies from Railtrack if the targets are not met and, in the case of persistent failure, use the funds to reacquire a controlling interest in Railtrack. We will provide for legislation enabling this. 
*  Encourage people to drive more fuel-efficient cars by cutting the annual car tax, from £145 to £10 for cars up to 1600cc, over the period of the next Parliament, funded by gradually raising the duty on fuel by approximately 4 pence per litre. Under our proposals, a person with a typical family car could drive up to 23,000 miles per year and still be better off - even in rural areas, where the average motorist only drives 11,700 miles a year. We will reform tax relief on company cars to encourage smaller cars and give people new incentives to use public transport for getting to work. 
*  Reduce the need to travel. We will reform the planning system so that people have easier access to shops, offices and facilities, and promote the use of information technology to decentralise work. 

Warmer homes, saving energy 
Official government figures show that half the energy used in Britain is wasted. This pushes up fuel bills, worsens pollution and speeds up global warming. 
We will: 
*  Cut fuel bills and make homes warmer. We will launch a National Homes Insulation programme to end fuel poverty starting with the 2 million lowest income households. Our proposals will be funded by the Energy Saving Trust and the energy supply companies. This will save these households an average £85 per year and reduce global warming emissions. By contrast, cutting VAT on fuel bills to 5 per cent would save the average household only £19 per year. 
*  Cut taxes on people by taxing pollution instead. To encourage energy saving, we will gradually introduce a 'carbon tax' on fossil fuels, using the funds raised to cut VAT and employers' National Insurance Contributions (the tax on jobs). This is a tax switch, not a tax rise, and will be phased in gradually. 
*  Improve energy efficiency. We will bring in new minimum standards for the energy efficiency of products, buildings and vehicles. We will cut VAT on energy conservation materials to 8 per cent - the same as for energy supplies. 
*  Promote renewable sources of energy and combined heat and power schemes. We will shift funds from nuclear research into decommissioning and nuclear waste management, and support research for renewable energy sources. We will not provide any government subsidies for nuclear generation. We support on-site dry storage of nuclear waste, pending the long-term development of safe alternatives. Nuclear stations will not be replaced at the end of their design life. 
Protecting Britain's heritage 
Britain's natural environment and heritage are being gradually destroyed. 
We will: 
*  Clean up Britain's rivers and beaches and ensure that the costs of investment are spread fairly. We will require water companies to contribute to the cost of national environmental projects. We will reduce the need for new water developments by setting targets to reduce leakage and by promoting efficiency in water use. We will introduce a fairer system of charging for water and require water companies to share excess profits with their customers through rebates or investments in environmental improvements. We will end, within 10 years, discharges that cause unnecessary water pollution. 
*  Tackle marine oil pollution. We will implement tougher rules on shipping safety and bring forward the designation of marine high risk areas. 
*  Reform land use planning. We will make protection of the natural environment a major feature of the planning system through a new Wildlife Act. This will improve protection of National Parks, Heritage Coasts, Sites Of Special Scientific Interest and Areas of Outstanding Natural Beauty. 
*  Green the countryside. Our proposed new Countryside Management Contracts will help farmers to protect vital habitats and convert to more environmentally-friendly farming methods. We will use tax and planning reforms to protect rural areas, encouraging development on derelict land sites rather than green fields. 
Thinking globally, acting locally 
Most people understand the importance of thinking globally and acting locally. They want to play their part in protecting the environment Government should help them do so. 
We will: 
*  Encourage the manufacture of products that are easier to repair, reuse or recycle. We will introduce deposit refund schemes and back EU-wide standards for product design, energy efficiency and reuse. 
*  Help people to choose environmentally friendly products. We will press for comprehensive and understandable EU-wide ecologically friendly and energy efficient labelling schemes. 
Promoting animal welfare 
The way a society treats animals is a measure of its civilisation. 
We will: 
*  Promote animal welfare. We will set up a compulsory national dog registration scheme. We will halt the trade in endangered species as pets. We will promote and extend training and qualification for those who work with livestock. We will insist on the enforcement of maximum time limits and for transporting live animals in the EU, a stricter timetable for banning veal crates and improved rearing conditions for pigs and chickens across the EU. We will create an Animal Protection Commission to enforce animal welfare laws and improve animal welfare standards. We will ban animal testing for cosmetics, weapons and tobacco products. We will review the law in order to reduce the use of animals in scientific experiments and seek the development of alternatives. 
*  Protect wild animals. We believe that the issues of hunting with hounds and coursing should be decided by free votes in the House of Commons. We will ban snares and leg hold traps. We will press for stronger international laws to protect endangered species. We will ban the importation of products derived from threatened wild animals. 
Which party will make me feel safe on the streets and secure in my home?
Our aim: To give every person in Britain the security of a decent home in a safe, strong community. 
The problem: Crime, homelessness and insecurity now threaten the very fabric of British society. Many people feel too frightened to leave their homes. Many do not have a decent home. Our country is becoming more and more divided, our sense of community is being lost and our shared values are being undermined. 
Our commitment: Liberal Democrats will pursue practical measures to rebuild Britain's communities, tackle the causes of crime, reduce homelessness and make people safer in their homes and on the streets. 
Our priorities are to: 
*  Put 3,000 more police officers on the beat. 
*  Build more affordable and secure housing. 
*  End, by the year 2000, the scandal of people being forced to sleep rough on the streets. 
*  Revive Britain's sense of community. 
Housing 
Boom and bust house prices, a shortage of decent homes and poor housing have wrecked the lives of millions and damaged Britain's economy. 
We will: 
*  Build more houses. We will encourage partnerships between the public sector, the private sector and housing associations to build high quality homes to rent and buy. We will, within strict borrowing controls, give local authorities more powers to go directly to the market to raise finance for building new homes. We will begin the phased release of capital receipts from past sales of Council houses and allow the money to be used to build new homes. 
*  Give financial security to all, whether they rent or own their homes. We will introduce a new Mortgage Benefit for first time buyers. They will receive this instead of Mortgage Interest Tax Relief. Those holding current mortgages will retain Mortgage Interest Tax Relief. Our aim is, over time, to merge the new Mortgage Benefit and the current Housing Benefit into one system of housing cost relief, available to those who buy or rent and focused on those most in need. 
*  End the scandal of people being forced to sleep rough on the streets. We will ensure that by the year 2000 no one is forced to sleep on the streets. We will require every Council to set up self-funding rent deposit schemes to help homeless people take up private tenancies. We will fund more shortstay hostel places as the first rung on the ladder to permanent accommodation. 
*  Take action to tackle homelessness and raise housing standards. We will give Councils greater power to act on unfit private housing, where the landlord has failed to do so. We will strengthen tenants' rights to repair and, in the public sector, give them rights to take part in the management and development of their homes and estates. Our Empty Homes Strategy will enable local authorities to work with, and as a last resort require, landlords to bring empty properties back into use. We will end discrimination against those under 25 by scrapping the 'shared residency rule' when assessing housing benefit. 
*  Bring confidence back to the housing market by targeting low inflation and low interest rates. 
Crime and policing 
Crime and the fear of crime affect almost every person and every community in the country. 
We will: 
*  Put 3,000 more police officers on the beat. Within one year, we will give police authorities the resources to put an extra 3,000 police officers on the beat. We will increase the time the police spend on preventing and detecting crime by reducing unnecessary paperwork and making greater use of new technologies. 
*  Tackle youth crime. We will widen the use of schemes that require offenders to repay their debt to society and to confront the consequences of their actions. We will, where appropriate, require parents to participate in support projects where their children have been involved in juvenile crime. We will develop schemes that target disruptive children from an early age. We will reserve custodial sentences for more serious and persistent offenders. Our voluntary Citizens Service will enable young people to get directly involved in crime prevention schemes. 
*  Strengthen the criminal justice system. We will make the justice system work more quickly and effectively and review sentencing policy. We will overhaul the Crown Prosecution Service. We will encourage the use of community sentences, as an alternative to prison, where the result is likely to be less reoffending, and use prison sentences where they are essential to public protection or to make punishment effective. We will concentrate resources on crime prevention and on increasing conviction rates, rather than spending billions on building prisons. 
*  Focus on crime prevention. We will require Councils to take the lead in establishing cross-community partnerships against crime, setting specific targets for crime prevention. We will give Councils powers and resources to support high-quality, targeted crime prevention initiatives. 
*  Wage war on drug abuse. We will give the Police and Customs and Excise the support they need to stop drugs coming into Britain. We will set up a Royal Commission charged with developing policies to tackle the drugs problem at its roots. 
*  Give victims a new deal. We will promote restorative justice, under which offenders can be required to compensate victims for the damage they have caused. We will ensure that the Victim Support movement and the Witness Support schemes play a full role in the criminal justice system. We will provide victims with the practical support they need to prevent repeat attacks. 
*  Strengthen public confidence in the police. We will make police authorities more responsive to local communities by increasing their elected membership and creating an accountable police authority for London. We will improve co operation between police forces and work more closely with Britain's European partners to combat international crime, terrorism, drug trafficking and fraud. We will ensure that the police take further steps to reduce the level of racial and homophobic violence. 

Rural communities 
Britain's rural economy and communities have been transformed over the last fifty years. The challenge for the next fifty years is to protect and enhance the richness of rural life, while developing a thriving rural economy. 
We will: 
*  Seek further reform of the Common Agricultural Policy (CAP). We will work to replace the CAP, which currently subsidises production, with Countryside Management Contracts - a targeted system of direct payments to support economic, social and environmental goals in rural communities. Countryside Management Contracts will enable farmers and landowners to choose from a wide range of options, for example, to improve the rural environment, maximise food quality, protect natural habitats or move to less intensive or organic farming methods. 
*  Help rural economies through a period of change. We will, in partnership with the agriculture industry, draw up a national strategy for farming in order to provide a framework for public policy and private decision-making over the next 10 years. We will promote agricultural research and development, and assist farmers wishing to diversify. We will promote local processing of agricultural products and expand support for small and medium-sized enterprises in rural areas. 
*  Tackle rural crime. We will put more police into rural areas, support Farm and Neighbourhood Watch schemes and give Councils the duty to set up crime prevention schemes with the local police. We will enable rural police authorities to introduce mortgage incentive schemes to encourage rural beat officers to live in the areas they serve. 
*  Enhance rural services. We will support smaller village schools through greater use of information technology and specialist teaching teams. We will encourage schemes that enable local communities to make use of school buildings and equipment. We will promote community hospitals and use them for more out-patient consultations. 
*  Provide more affordable rural housing. We will encourage housing authorities, Parish Councils and housing associations to set up partnership schemes with the private sector in order to build low-cost homes for first-time home buyers and social needs. 
*  Improve rural transport. We will give local authorities the power to improve the co-ordination of local bus services and to reopen closed railway stations, in co-operation with Railtrack. 
*  Strengthen the network of rural sub-post offices and village shops. We will encourage the Post Office to invest in new point of sale technologies, in order to provide access, through sub-post offices, to a wide range of customer services. Where post offices and village shops which are vital to their local community are threatened, we will enable local Councils to support them with up to 100 per cent rate relief. 
*  Protect the countryside. We will help landowners meet the environmental costs of increased access to the countryside. We will take action to reduce the use of chemicals in farming. 
*  Protect rural areas from urbanisation. We will penalise the use of greenfield sites, set and enforce targets for greater use of brownland sites and encourage over-the-shop accommodation in market town centres. We will review the excessive housing totals in the current structure plans and scrap the 'predict and provide' approach to housing development. 
*  Work to preserve fish stocks and protect the livelihoods of local fishing communities. Our aim is to scrap the Common Fisheries Policy and replace it with a new Europe-wide fisheries policy based on the regional management of fish stocks. We will take firm action to end quota-hopping, begin the phased abolition of industrial fishing and strengthen decommissioning incentives. 
*  Promote safe food. We will set up a Food Commission, independent from MAFF and accountable to Parliament, maintain strict controls on the use of bio-technology and press for higher common food standards across the European Union. 
Urban communities 
Britain's towns and cities offer civic pride, accessible facilities and, potentially, a high quality of life. However, many suffer from alienation, joblessness, high crime rates, a run down environment and loss of population. Urban areas should offer excitement, security and a strong sense of community. 
We will: 
*  Boost local economic development and job opportunities. We will support local development corporations. We will build new partnerships between local government and the private and voluntary sectors, to regenerate local economies and promote community enterprise. We will link local training to local jobs. We will encourage the establishment of community banks and credit unions. 
*  Tackle urban crime. We will expand community policing, ensure that all new planning takes account of the need to deter crime and focus on crime prevention. 
*  Encourage public transport. We will enable Councils to co-ordinate bus and train services and give them powers to introduce urban road pricing schemes, using the revenue raised to invest in better public transport. 
*  Reform and strengthen elected local government. We will give local Councils greater control over their own affairs. We will create a strategic authority for London. We will encourage the use of 'planning for real' strategies, in which local people can make a direct input into major planning projects in their community. 
Arts and media 
Flourishing arts and a diverse culture are essential for a lively and open society. They can be engines of innovation that bring life to the economy. At the same time, the world is experiencing an information revolution as important and far-reaching as the Industrial Revolution. Britain must maintain a free and effective media capable of being a check on the abuse of power, and of giving people the information they need to make informed decisions. 
We will: 
*  Tackle the concentration of media power. We will act to prevent media mergers or take-overs, except where these can be shown to advance quality, diversity and access. We will require the Independent Television Commission to protect the position of smaller regional ITV companies, within the network supply agreement. 
*  Maintain the role of the BBC as the benchmark of public service broadcasting, committed to quality, diversity and universal access. We will protect the independence and impartiality of the BBC through its Board of Governors and its licence fee. 
*  Improve access to information technology and the Internet. We will ensure that everyone in Britain can have access, either individually or through a wide range of public access points, to a nationwide interactive communications network by the year 2000. 
*  Increase access to the arts. We will use the National Lottery to endow, house and improve access to the arts. We aim to move towards the European average for public funding of the arts. We aim to restore the principle of free access to national museum and gallery collections, starting with the removal of charges for school parties. 
*  Promote Britain's culture. We will promote film production in Britain. We will actively support the British Council and rejoin UNESCO. We will enhance the BBC World Service as a national asset. 
Which party will care for the NHS and put my patients first?
Our aim: To make year-on-year improvements in the health of Britain's people and the quality of the National Health Service. 
The problem: The NHS has been squeezed between rising demand and government underfunding, and disrupted by repeated changes in government policy. Morale amongst NHS professionals is falling, and bureaucracy has grown at the expense of front-line patient care, while numbers of nurses and hospital beds have fallen. 
Our commitment: Liberal Democrats will increase funding for the NHS and secure funding for the future. We will maintain the NHS as a comprehensive service, free at the point of need and funded primarily from general taxation. We will immediately tackle the crisis in the hospital sector make the NHS more accountable and begin a long term shift towards preventive medicine. 
Our priorities are to: 
*  Halt all finance driven closures for 6 months, pending an independent audit of needs and facilities. 
*  Invest £200 million each year to recruit more staff for front-line patient care. This would be enough, for example, for 10,000 extra nurses or 5,000 extra doctors. 
*  Cut hospital waiting lists to a maximum of 6 months over 3 years. 
*  End the two-tier system in the NHS. 
*  Restore free eye and dental checks. 
Raising standards in the NHS 
Whilst many of the recent reforms to the NHS have been beneficial, they have resulted in the creation of a two-tier health service. The standard of health care a person receives is increasingly becoming a lottery. The length of time people have to wait, the chance of treatment being postponed and the quality of health care vary enormously from one part of the UK to another. 
We will: 
*  Match NHS facilities to needs. We will place an immediate 6-month halt on the finance driven closure of beds and wards, and set up an independent audit of needs and facilities. 
*  End the built-in two-tier service in the NHS. We will end the present system where treatment depends on the type of GP people go to. We will treat all GPs equally, with a common basis for funding. We want all GPs to have the benefits of flexibility and access to services currently enjoyed by fundholders. Those who choose to manage their own affairs will be able to do so on their own or as part of a consortium. Those who do not will be able to leave management to the local health authority. 
*  Raise standards of care in all areas. We will set up a National Inspectorate for Health and Social Care to improve standards and promote patients' interests. This body will work with the Audit Commission to ensure that all spending is monitored and results in real improvements in patient care. 
Funding the Health Service 
The NHS is underfunded. Too much goes into bureaucracy and not enough into patient care. There is a crisis in the NHS, especially in hospitals. Morale is dropping, standards of care are at risk from underfunding and highly qualified doctors and nurses are leaving the profession. 
We will: 
*  Invest more in the NHS. We will invest at least an extra £540 million every year in the NHS to pay for our policy priorities. This will be paid for by closing the loophole that allows employers to avoid paying National Insurance contributions on certain benefits in kind and by putting 5p on the price of a packet of 20 cigarettes. We will use these extra funds to tackle the crisis in staffing, especially in the hospital sector, and begin a shift to preventive care. We will ensure that the NHS budget keeps pace with increasing cost pressures. 
*  Shift money from unnecessary bureaucracy into patient care. We will move from annual to at least three yearly contracts between Health Authorities and Trusts, and shift the money saved into front-line patient care. We will replace time consuming local pay bargaining with a new national pay structure and a single NHS-wide Pay Review Body that covers all pay, from the cleaner to the chief executive. 
Building on the best of the NHS 
The NHS needs to be strengthened and improved. 
We will: 
*  Cut waiting lists. We will cut waiting times between diagnosis and treatment to a maximum of 6 months over 3 years. 
*  Improve the quality of care and raise morale. We will recruit and train more professional staff. Our carefully costed plans would, for instance, pay for the equivalent of 10,000 more nurses or 5,000 more doctors. We will ban the use of gagging clauses in employment contracts which prevent professional staff from speaking out against unsafe standards. 
*  Tackle the crisis in NHS dental care. We will require local authorities to ensure that the public has access to NHS dentistry in all areas. 

Promoting good health 
Britain has a health service that concentrates too much on curing illness rather than preventing it. A healthier nation and a more cost-effective NHS depend on shifting the emphasis towards prevention, tackling the root causes of ill health (e.g. poverty and homelessness) and making people more responsible for their own health. 
We will: 
*  Make prevention a priority. We will immediately abolish charges for eye and dental check-ups and freeze prescription charges as the first steps in a radical shift of policy that emphasises the prevention of illness rather than treatment. 
*  Encourage people to take more responsibility for their own health. We will improve health education and promote healthy living. We will ban tobacco advertising and promotion and increase the duty on tobacco products. We will make the Health Education Authority truly independent and free to criticise government policy. 
*  Ensure that food is healthy and safe. We will create an independent and powerful Food Commission, separate from MAFF, and responsible to Parliament for food quality and safety. 
*  Put health promotion at the heart of government policy. We will require all government departments to assess the impact of their policies on health. Each year there will be an independent report, to be published and debated in Parliament, on the state of the nation's health. 
Bringing health services closer to people 
The local institutions of the NHS must become more accountable to those they serve and more responsive to patients' needs. 
We will: 
*  Enable citizens to play a part in setting health policies in their area. We will build on current pilot schemes to bring together Health Authorities and Social Services Departments, within the framework of elected local authorities. 
*  Give local people a stronger voice on NHS Trusts. We will end the right of the Secretary of State for Health to appoint members of NHS Trusts, Authorities and Boards. We will require at least half the membership of Trusts to be drawn from the population they serve. We will open up meetings of NHS Trust boards to the public and press, and give local people, staff and professionals speaking rights. We will guarantee direct representation from the staff of each Trust. We will give Community Health Councils improved rights to consultation and greater access to information and meetings. 
*  Give the public more say in setting priorities within the NHS. Difficult choices about priorities must be faced, They cannot be left to bureaucrats and health professionals alone. We will develop new ways of involving the public in setting health service priorities. 
Giving patients more choice 
Patients should have more choice over their type of treatment, who delivers it and when. 
We will: 
*  Enhance the rights of patients. We will strengthen the Patients' Charter and include rights to treatment within a specified time, a choice of GP, information about the options for treatment, guaranteed access to health records and better redress. 
*  Ensure that action is taken to improve poor quality services. We will enable patients and staff to apply directly to our new National Inspectorate of Health and Social Care to carry out inspections and take action where deficiencies come to light. 
Community care 
Our aim is to create a society in which people, whatever their needs, can live their lives with dignity. 
We will: 
*  Give people choice in the services they use and the way they are provided. We will require Councils to extend to those over 65 the right to arrange their own care privately, if they wish. This will promote independence and enable them to find better value for money. 
*  Care for carers. We will introduce a new Carer's Benefit, in place of the Independent Living Allowance, in order to meet more of the financial cost of caring. We will extend the Carer's Benefit, as resources allow, to those over retirement age and work to improve advice, information, training and counselling for carers. We will seek to increase access to respite care and ensure that carers and users are involved in decisions about care. We will draw up a Charter that sets out carers' rights and responsibilities. 
*  Establish high national standards for all community care services. Our new independent Inspectorate of Health and Social Care will publish codes of practice for residential and nursing homes, and have the power to close any home that consistently falls short of national standards. We will introduce national charging and eligibility guidelines to ensure a 'level playing field' of provision and charges. 
*  Protect people from the excessive cost of care. We will, as resources allow, raise the threshold at which older people are required to make a contribution to their long-term care. We are committed to working on a cross party basis, to establish a national agreement on a system for funding care services that does not penalise thrift. 
Which party will clean up the mess in our politics?
Our aim: To restore trust in British politics. 
The problem: People know that British politics isn't working. Their politicians have lied to them, their Parliament has become tainted by sleaze and their government is out of touch and doesn't listen. 
Our commitment: Liberal Democrats will modernise Britain's outdated institutions, rebuild trust, renew democracy and give Britain's nations, regions and local communities a greater say over their affairs. 
Our priorities are to: 
*  Restore trust between people and government, by ending secrecy and guaranteeing peoples' rights and freedoms. 
*  Renew Britain's democracy, by creating a fair voting system, reforming Parliament and setting higher standards for politicians' conduct. 
*  Give government back to the people, by decentralising power to the nations, regions and communities of the United Kingdom. 
Restoring trust in politics 
British politics remains far too secretive. We cannot rebuild trust in politics without making government more open and accountable. 
We will: 
*  Safeguard individual liberties, by establishing a Bill of Rights. As a first step, we will incorporate the European Convention on Human Rights into UK law so that it is enforceable by the courts in the UK. We will set up a Human Rights Commission to strengthen the protection of individual rights. We will create a Ministry for Justice responsible for protecting human rights and overseeing the administration of the legal system, the courts and legal aid. We oppose the introduction of Identity Cards. 
*  Break open the excessive secrecy of government, by passing a Freedom of Information Act establishing a citizens right to know. 
*  Cut back the quango state We will scrap unnecessary quangos, handing their functions over to elected bodies. We will require those that remain to meet in public and to list their members' interests. We will establish a fair, open and more representative appointment process for all quangos. 
*  Give people more say in decision-making. We will make greater use of national referendums for constitutional issues, for example, changing the voting system or any further transfer of power to European institutions. We will enable referendums to be held on specific local issues where there is public demand. 
Renewing democracy 
Britain's political institutions are outdated and unrepresentative. 
We will: 
*  Modernise the House of Commons. We will reduce the number of MPs by 200 (one third) and introduce tougher rules for their conduct, behaviour and outside sources of income. We will improve drafting and consultation on legislation, and strengthen MPs' ability to hold the government to account. 
*  Create an effective and democratic upper house. We will, over two Parliaments, transform the House of Lords into a predominantly elected second chamber capable of representing the nations and regions of the UK and of playing a key role in scrutinising European legislation. 
*  Introduce a fair system of voting. We will introduce proportional representation for all elections, to put more power in the hands of voters and make government more representative. 
*  Make politics more stable. We will establish a fixed Parliamentary term of four years. 
*  Clean up party funding. We will reform the way political parties are funded and limit the amount they can spend on national election campaigns. We will make each party publish its accounts and list all large donors. 
Giving government back to the people 
Far too much power has been concentrated in Westminster and Whitehall. Democratic government should be as close to ordinary people as possible. 
We will: 
*  Introduce Home Rule for Scotland, with the creation of a Scottish Parliament, elected by proportional representation, and able to raise and reduce income tax. 
*  Introduce Home Rule for Wales, with the creation of a Welsh Senedd, elected by proportional representation, and able to raise and reduce income tax. 

*  Create the framework to make existing regional decision-making in England democratically accountable, and enable the establishment of elected regional assemblies, where there is demonstrated public demand. We will create a strategic authority for London. Strengthen local government. We will establish a 'power of general competence', giving Councils wider scope for action. We will allow local authorities to raise more of their funds locally, give them greater discretion over spending and allow them, within strict limits, to go directly to the markets to raise finance for capital projects. We will, in the long-term replace Council Tax with a Local Income Tax, and replace the Uniform Business Rate with a fairer system of business rates, raised through local Councils and set in accordance with local priorities. 
Northern Ireland 
Peace in Northern Ireland depends on containing and ultimately removing the entrenched hostility between the two main communities in Northern Ireland. 
We will: 
*  Establish a power-sharing executive for Northern Ireland, elected under a fair and proportional system of voting. We will press for a new constitutional settlement based on the protection of individual rights through a Bill of Rights, incorporating the European Convention. 
*  Give individuals more power and political responsibility. We will introduce a fair and proportional voting system for all elections, and reform and strengthen local government in the province. 
*  Ensure respect for civil liberties. We will introduce an independent procedure for investigating complaints against the security forces, and reform the Diplock system so that three judges instead of one preside over non-jury trials. We will urgently implement the North Report's recommendations for an independent commission to supervise parades and marches. 
*  Promote economic growth. We will strengthen the all-Ireland economy through the creation of effective cross-border agencies. We will invest in education and promote inward investment. 
*  Build on the Joint Declaration and the Framework Document, by working with the Irish Government to create agreement between as many of the constitutional parties as possible. Sinn Fein can only be admitted to this process if, in accordance with the Mitchell principles, they and the IRA turn their backs on terrorism. Meanwhile, we must remain vigilant and keep in place the present means for countering terrorism. 
Which party will give me the opportunity to make the most of my life?
Our aim: To widen opportunities for everyone in Britain to make the most of their lives. 
The problem: Poverty, lack of training, low pay and discrimination deny too many people the opportunity to make the most of their lives. Meanwhile, the welfare system no longer meets the needs of a modern society. It locks too many into dependency and, too often, penalises those who wish to work and save. 
Our commitment: Liberal Democrats will promote individual self-reliance, strengthen equality for all before the law and in employment, and work for a society that cherishes diversity. 
Our priorities are to: 
*  Ensure that, by the millennium, every young person has had the opportunity to work learn, train and make a positive contribution to society. 
*  Give women greater opportunities to play a full role in work and in society. 
*  Ensure dignity in retirement. 
*  Break open the poverty trap that makes people better off on the dole than in work. 
*  Modernise Britain's welfare state for the twenty-first century, building a new cross-party partnership for reform. 
Breaking the poverty trap 
Unemployment wastes the talents and denies people the opportunity to contribute to the well-being of their families and increase Britain's wealth. 
We will: 
*  Help long-term unemployed people back to work. We will establish a self-financing Benefit Transfer Programme allowing those who have been unemployed for a year or more to turn their unemployment benefits into an incentive for employers to recruit and train them. The value of the benefit to employers will gradually be reduced. 
*  Break open the poverty trap. We will take nearly 500,000 low earners out of income tax altogether by raising tax thresholds. This will provide lower taxes and new incentives to work, while cutting the benefits bill and reducing tax for 99.5 per cent of all income taxpayers. This will be paid for by introducing a new top tax rate of 5Op on taxable income of over £100,000 per year We will replace Income Support and Family Credit with a simpler, more efficient Low Income Benefit that increases financial incentives for people going back to work. 
*  Modernise Britain's welfare system. We will initiate a comprehensive review of the welfare system to build a new framework for welfare and opportunity, on a cross-party basis. Our aim is to provide a more effective safety net for the disadvantaged, to encourage work, without compulsion, and to widen opportunities. 
*  Help parents to return to work. We will develop a national childcare strategy, drawing on public and private provision. We will, over time, extend tax relief on workplace nurseries to other forms of day nursery care. 
*  Establish a voluntary Citizens Service to give people, especially young people, up to 2 years' work on such projects as environmental conservation, crime prevention, housing renovation, social services and the armed services. 
*  Encourage a flexible labour market, while protecting the low paid with a regionally variable, minimum hourly rate. 
*  Crack down on social security fraud and tax evasion and shift the money saved into new policies to enhance opportunities. We will tackle the high levels of fraud and overpayment in the social security budget. We will stop tax evasion and close off tax avoidance loopholes. 
Older people 
Everyone in Britain should be able to look forward to a retirement of security, opportunity and dignity. Old people feel that they are fast becoming Britain's forgotten generation. 
We will: 
*  Guarantee everyone an acceptable minimum standard of living in retirement. We will create an additional top-up pension for pensioners with incomes below the Income Support level. This will be indexed to earnings and tapered as outside income increases. The basic state pension will remain indexed to prices. We will start to phase out the expensive, unfair contributory system and base the right to a state pension on citizenship and residence. 
*  Enable people to choose when to start drawing a pension. We will bring in a flexible 'decade of retirement', between the ages of 60 and 70. 
*  Protect the rights of older people. We will legislate against discrimination on the grounds of age. 

*  Expand private pensions and give people more control over their pensions. We wish to see more people making provision for their old age. We will replace the State Earnings Related Scheme (SERPS) with a scheme under which all employees have personal or occupational pensions. Existing accrued SERPS will, however, be preserved. We will expand occupational and personal pension schemes by giving all employees an entitlement to participate in a pension scheme of their choice, funded by contributions from employers and employees. Pension rights will be fully secured if people change jobs, We will treat pensions as deferred income over which pension-holders have full rights of security, control and portability. 
*  Abolish standing charges for water and create a fairer system of charging. 
Young people 
We propose a new deal for young people, in which new rights and new responsibilities go hand in hand. 
We will: 
*  Expand opportunities. Our aim is that every young person between the ages of 16 and 19 will have the opportunity to either work, learn, train or take a place on our new Citizens Service. 
*  Restore security to excluded young people. The withdrawal of benefit rights has condemned thousands of young people to life out of work and on the streets, at great long-term public cost. We will restore access to benefits for 16 and 17 year-olds. In the longer term, we aim to scrap the lower rate of income support for those under 25. 
*  Ensure that young people can learn their rights and responsibilities, with citizenship classes in every school and parenting classes for young adults. We will give children and young people access to information about their legal rights and obligations, review the age of majority and ensure that young people are represented on bodies that especially concern them. 
*  Expand local youth services. We will require local Councils to provide a statutory youth service in partnership with the voluntary sector 
Families 
Families, in all their forms, are a basic building block of society. But the nature of families is changing. This has brought new stresses which must be addressed. But it has also brought new attitudes, such as the sharing of family responsibilities, which should be encouraged. 
We will: 
*  Give families more security. We will take nearly 500,000 low earners out of tax altogether, by raising tax thresholds. We will replace Income Support and Family Credit with a simpler, more efficient Low Income Benefit that helps people back to work We aim to improve the support for those caring for older people and people with disabilities. 
*  Introduce fair and workable child support legislation. We will repeal the Child Support Act and abolish the Child Support Agency. We believe that parents should financially support their children at an appropriate level. Where there are disputes between the parents, these should be decided by the courts, not by an inflexible formula. We will create a new system of unified family courts to decide these questions, after they have heard all the evidence. 
*  Promote good parenting. We will encourage the provision of parenting classes for young adults. We will increase the role of parents in education by extending home/school/pupil links, and develop home-school partnership arrangements, to assist in addressing the needs of the child. 
*  Expand parental rights. We will introduce a statutory right to parental leave and develop Maternity Benefit into a new, flexible parental benefit to be shared between partners. We will ensure that fostering and adoption law is based on the suitability of prospective fosterers and the needs of the child. 
*  Help parents to return to work. We will, over time, extend tax relief on workplace nurseries to other forms of day nursery care. We will develop a national childcare strategy, drawing on public and private provision. 
*  Encourage flexible working patterns. We will encourage job sharing and family-friendly employment practices, especially in the public sector We will give private sector employees approaching retirement age, or with responsibilities for young children, the right to negotiate reduced hours or a career break. 
Women 
There is still a long way to go before women in Britain have equal opportunities. 
We will: 
*  Promote equality in the workplace. We will, over time, extend employment and pensions rights to part-time employees, on a pro-rata basis. We will bring in tougher obligations on employers to establish equal opportunities procedures and pursue the principle of equal pay for work of equal value. 
*  Make pensions fairer to women, by working to replace the contributory system with pension rights based on citizenship and residence in the UK. We will bring forward the introduction of pension splitting on divorce. 
*  Improve the services that women receive from the NHS. We will promote equal treatment of the sexes within the Health Service. We will set targets for the expansion of facilities which enable women to consult female health professionals. 
*  Make the legal system fairer to women. We will strengthen the civil law remedies for domestic violence and improve the treatment of rape victims by the court system. We will seek to improve the provision of refuge places for victims of domestic violence. 
*  Enhance the role of women in public life, We will tackle the under-representation of women on public bodies by setting a target that within a decade at least one-third of all those on all public bodies should be women. We will reform the procedures and facilities of the House of Commons to make them more accommodating to women and families. 
Disabled people 
Progress in equal opportunities for disabled people remains patchy and unacceptably slow. 
We will: 
*  Guarantee the rights of disabled people. We will ban discrimination on the grounds of disability and pass comprehensive legislation securing the civil rights of disabled people. We will draw up a Charter of Rights setting out what our new Bill of Rights means for disabled people. 
*  Give disabled people more independence. We will introduce a Partial Capacity Benefit, building on the Disability Working Allowance, to assist those in work who cannot fully support themselves financially. We aim to increase financial support for disabled people who cannot find work and to make provision for the real costs of disability. 
*  Improve access. We will publish a code of practice to improve access to buildings and transport. We will require government departments, local Councils and public organisations to make their key public literature available in Braille or where appropriate tape. 
*  Make education inclusive. As part of our £2 billion investment in education, we will increase funding for, and enforce implementation of, the Code of Practice for Special Educational Needs. 
Ethnic minorities 
Despite progress over recent years, members of ethnic minorities are too often denied equal opportunities and have to face racism and discrimination on a daily basis. Diversity, pluralism and a multicultural society are sources of strength for Britain. 
We will: 
*  Strengthen action against discrimination. We will create a new Human Rights Commission, combining the Commission for Racial Equality and the Equal Opportunities Commission. We will give statutory force to the Commission for Racial Equality's Code of Practice in employment, and ensure that Britain plays a leading role in strengthening anti-discrimination legislation throughout the European Union. 
*  Ensure equal opportunities for all. We will require local authorities and housing associations to ensure equal opportunities in housing allocation. We will expand access to mother-tongue teaching, for both adults and children, where this takes place through self-help and community groups. 
*  Free immigration laws from racial discrimination. We will ensure that immigration policy is non-discriminatory in its application. We will reform current immigration laws so as to enable genuine family reunions. We will restore benefit rights to asylum seekers and ensure that asylum claims are dealt with swiftly. 
*  Increase ethnic minorities' confidence in the police. We will encourage the recruitment of ethnic minorities into the police force and require action to be taken against discrimination within the force. We will tackle any discriminatory use of police powers, such as stop and search, and enhance police action to deal with racial attacks. We will encourage the use of aggravated sentencing for racially motivated crimes. 
Lesbians and gay men 
In a free and tolerant society, discrimination on any grounds is unacceptable. Diversity is a source of strength. 
We will: 
*  Ensure equality before the law for lesbians and gay men through our new Human Rights Commission and the Bill of Rights. We will create a common age of consent regardless of gender or sexual orientation. 
*  Stop discrimination. We will outlaw incitement to hatred and discrimination in housing and employment, including the armed forces, on grounds of sexual orientation. We will repeal 'section 28' of the 1988 Local Government Act. We will reform the law, ensure that the police and local authorities deal more effectively with homophobic attacks, and encourage police forces to be more representative of the communities they serve. 
Which party has the vision to build the kind of world I want to live in?
Our aim: To recast Britain's foreign policy and enable this country to play a leading role in shaping Europe and strengthening international institutions. 
The problem: For too long British foreign policy has looked backwards to its imperial past. Britain's interests have been damaged by an attitude to Europe that has been, at best, ambivalent and, at worst, hostile. This attitude has also cost Britain opportunities for influence and advantage. 
Our commitment: Liberal Democrats will ensure that Britain plays a leading role in shaping Europe, democratising its institutions and strengthening its role as a framework for prosperity, peace and security. Britain, with its world experience, expert armed forces and permanent membership of the UN Security Council, has a unique role to play in reforming international institutions for the next century. 
Our priorities are to: 
*  Make the European Union (EU) work more effectively and democratise its institutions. 
*  Widen Europe to include the new democracies of central and eastern Europe. 
*  Create a strong framework for Britain's defence and security through NATO and European co-operation. 
*  Give Britain a leading role in reforming and strengthening the UN and other international institutions. 
*  Promote an enforceable framework for international law, human rights and the protection of the environment. 
Positive leadership in Europe 
Britain's interests can only best be pursued through constructive participation in an enlarged European Union. Our vision is of a European Union that is decentralised, democratic and diverse. A strong and united Europe, but one that respects cultural traditions and national and regional identities. 
In seeking to reform the EU, our priorities are to: 
*  Give the British people a say. Reform that fundamentally changes Britain's place in Europe should only proceed if it has the explicit support of Britain's people. If there is any substantial change in Britain's relationship with the EU, the British people must give their consent through a referendum. 
*  Make EU institutions more democratic and accountable. We will give the House of Commons a more effective role in scrutinising European policy. We also want the Council of Ministers and the EC Commission to be more accountable to the elected European Parliament. We will introduce a fair and proportional voting system for British MEPs in time for the 1999 European Parliament elections. 
*  Make EU decision-making more efficient and effective. Europe cannot effectively enlarge without improving its decision-making. We therefore favour the wider application of majority voting. But we will keep the veto on all issues relating to the constitution, budgetary matters and regulations on pay and social security. We support the use of the double majority', especially on matters such as foreign and security policy Each member state must retain the unfettered right to make its own decisions on the commitment of its national troops. 
Pursuing Britain's interests in Europe 
Britain has much to gain from EU membership. This will take new leadership, a new approach and a renewed sense of national confidence. 
Our aims in Europe are to: 
*  Enhance economic prosperity, by promoting the freedom of movement of people, goods, services and money throughout the EU and by completing the European Single Market, particularly in areas of financial services, pensions and air travel. 
*  Participate in a successful single currency. Being part of a successful single currency will bring low inflation and low interest rates. Staying out will result in less investment and a loss of influence. However, three conditions must be met before Britain can join. First, the single currency must be firmly founded on the Maastricht criteria. Second, Britain must meet those criteria. Third, the British people must have agreed to it in a referendum. 
*  Strengthen the European framework for peace and security. Britain's security and national interests are best pursued in partnership with its European neighbours. We will work to strengthen European Common Foreign and Security policy to enable greater scope for united European action. Individual member states must be free to decide whether or not their national forces will take part in any particular action. 
*  Fight crime and protect citizens' rights through more effective co-operation between EU states' police and customs forces with greater democratic accountability. We will work to improve European co-operation against cross-border criminal activity and allow free movement for Britain's people throughout Europe. The administration of border controls should remain with individual member nations until they can be confident that the EU's external borders are secure. 

*  Reform the Common Agricultural Policy, converting it into a system of direct payments to support economic, social and environmental goals in rural communities. 
*  Reform fisheries policies, scrapping the Common Fisheries Policy and replacing it with a new Europe-wide fisheries policy based on the regional management of fish stocks. We will take urgent action to end quota-hopping and begin the phased abolition of industrial fishing. 
Strong defence in an uncertain world 
The first decades of the next century are likely to be turbulent and unstable everywhere, including within and around Europe. Britain must maintain an effective security capability. This will best be achieved through NATO and European co-operation, and this country must continue to play a full part in both. 
We will: 
*  Maintain a strong defence at home and enable the UK to play a leading role in keeping international peace. We will maintain Britain's overall defence capability at its current level, whilst ensuring UK forces meet current needs and are appropriate to potential threats. 
*  Retain Britain's basic nuclear capability through the Trident submarine force until such time as international multilateral nuclear disarmament can be achieved. We will restrict the number of nuclear warheads on Trident to the same number as previously deployed on Polaris. 
*  Resist the proliferation of weapons of mass destruction. We will press for the conclusion of a verifiable Comprehensive Test Ban Treaty. We will ensure that Britain plays an active part in talks to reduce the holdings of strategic nuclear weapons. 
*  Support the principle of common security. We support the extension of the security guarantees, from which western Europe has benefited, to the new democracies of central and eastern Europe. We support NATO and its enlargement. 
Working for peace, security and sustainability 
In an increasingly inter-dependent world, the security of a medium sized nation like Britain is best preserved within a framework of international law that is effective and enforceable. 
Reforming the United Nations
Playing a leading role in strengthening and reforming the United Nations should be a central aspect of Britain's foreign policy over the next decade. 
We will work to: 
*  Strengthen the UN's peacekeeping capability so that it can take earlier and more effective action to prevent or suppress conflict. This should include establishing fast track machinery for negotiations; permanent, on-call, peacekeeping forces made up from high-calibre troops provided by member states; the reinstatement of a Military Staff Committee; the establishment of a UN Staff College to train officers; and improvements to the UN's command control, communication and intelligence capabilities. 
*  Support the establishment of an International Criminal Court to deal with genocide and war crimes. 
Protecting the global environment 
Pollution and environmental degradation do not respect national borders. Countries must work together if the world's environment is to be protected. 
We will: 
*  Take a lead in international environmental negotiations. We will press for tough and legally binding international targets for greenhouse gas emissions and other pollutants. 
*  Develop a global system of environmental protection. We will work for the creation of a global environmental organisation. We will promote an environmental equivalent of the Geneva Convention, to outlaw gross acts of environmental destruction in times of war 
Tackling world poverty 
The elimination of global famine, pestilence and poverty is not only a moral challenge, it is also essential for the world's long-term stability and peace. 
We will: 
*  Increase Britain's contribution to overseas aid. We will set out a timetable for sustained progress towards achieving the UN target for overseas development aid of 0.7 per cent of GNP within the next 10 years. 
*  Promote a timetable for debt relief to the poorest states including a programme for cancelling debt and the creation of new and additional resources for debt relief. 
*  Target Britain's bilateral aid where it is most needed. We will focus Britain's bilateral aid on the least developed countries and end the practice of tying aid. 
*  Require states that receive UK development assistance to respect the fundamental human rights of their people and suspend UK programmes where these standards are breached. 
Controlling arms sales 
The global arms trade fuels conflicts, hinders prosperity and robs the world's poor of resources. Its growth must be diminished. 
We will: 
*  End the sale of British arms, war material, and 'dual use' technologies to regimes which abuse human rights, and strictly control arms sales to regions of tension or potential conflict. 
*  Seek a new international regime to control the arms trade. We will support tighter EU-wide restrictions on transfers of military technology to non-democratic regimes and press for the establishment of a mandatory UN register, in which all arms sales and transfers must be listed. 
*  Ban landmines. We will place an immediate and total ban on the production, stockpiling and export of anti-personnel landmines and work towards a global ban on Iandmine production. 
Free and fair trade 
Free and fair trade benefits all. The GATT Uruguay Round has successfully lowered barriers to international trade, but further reforms are needed. 
We will seek action to: 
*  Enhance free trade by further reducing tariff and non-tariff barriers, especially against the poorest countries. 
*  Improve global labour standards by permitting countries to discriminate against goods produced by nations that maintain practices such as child, slave and forced labour We will support the work of the International Labour Organisation in raising labour standards throughout the world. 
*  Advance environmental objectives. We support the addition of an environmental sustainability clause to the GATT setting out agreed principles of environmental policy against which trade measures can be judged. 
*  Reduce trans-national corporations' ability to abuse market power, through the development of a framework for global competition policy. 

The Liberal Democrats and your tax
A copy of our Annual Tax Contract will be delivered to each UK household following the Budget each year. Some of the information which would be included is provided on the next page.
This Annual Tax Contract will be in keeping with our four Tax Pledges: 
1.) No taxation without explanation 
Central Government should inform taxpayers of the ways in which their money is raised and spent, just as local councils now do. 
2.) No promises unless the bill is attached 
People have the right to know the Government's priorities and how much they will cost. When we make significant changes in our tax and spending priorities we will tell people where the money has come from. We will ask the National Audit Office to make sure that additional expenditure earmarked for specific projects is spent accordingly. 
3.) No more tax without tackling waste 
Each year we will set out the measures which we plan to implement in order to reduce wasteful expenditure and deliver best value for money to taxpayers. We will never raise taxes without first scrutinising Government expenditure for waste. 
4.) Fair tax for all 
Tax bands, rates and reliefs should ensure that everyone contributes according to their ability to pay and that the tax burden is fairly shared. We will aim to take more of those on low incomes out of tax completely. We will clamp down on tax avoidance and evasion. We will provide a mechanism for people to give their views on tax and spending priorities. 
Costing our commitment 
*  We have issued alongside this manifesto a Costings Supplement to show in detail how our proposals will be financed. 
*  We will raise the basic rate of income tax by one penny in the pound - from 23p to 24p - to help finance our £2bn per year programme of Education investment. 
*  We will increase the amount of income which people can receive before they start to pay income tax by £200 per year to £4,245. This tax cut will be paid for by introducing a new rate of income tax of 50%, payable on taxable income of over £100,000 per year. Half a million people will be freed from income tax altogether 
*  We will put 5p on a packet of cigarettes and use the money to restore free eye and dental checks for all and freeze prescription charges. 
How the proposals in this manifesto would alter your tax and the Government's spending
Current spending
Current taxation
How this Government is spending your money
(current Government Spending Plans 1997-98)
Total=£315bn per year
Where this Government's money comes from
(Current Government Revenue Plans 1997-98)
Total=£315bn per year


How these proposals would change
Government spending over a full year.
How these proposals would change
your income tax
Liberal Democrats would increase Government
spending on:
Education
+£2,050m
Health
+£565m
Pensions
+£265m


Liberal Democrats would decrease Government
spending on:
Private consultants
-£120m
Publicity
-£50m
Empty properties
-£25m

Income Tax Changes for 1997/98
New Personal Tax Allowance
£4,245
New Basic Rate
24p
New Rate for Income over £100,000
50%
Main income tax changes
*  Around 70% of Adults will pay lower or unchanged income tax under our proposals. 
*  Around half of all income taxpayers would be better off or no worse off under our income tax proposals. 
*  Excluding those earning over £100,000 per year, the average income taxpayer will pay only around 45p extra per week in income tax under our plans. 
FOR FULL DETAILS OF THE LIBERAL DEMOCRATS' 1997 MANIFESTO COSTINGS, PLEASE SEE OUR COSTINGS SUPPLEMENT

  
  

In this manifesto, we have set out a practical,
forward-looking programme to modernise Britain.
Its central theme is the widening of opportunities. And its
aim is to make Britain a nation
of self-reliant individuals, living in strong communities,
backed by an enabling government. 
We do not duck the choices that have to be
faced in this election. 
And we do not pretend that they are easy - or free.
High-quality education has to be paid for As do decent
public services and a more secure society. 
You cannot, in the present climate,
have these and tax cuts as well. 
You have to choose. 
We ask you to do so. 
Your vote can make a real difference in turning
our country away from short-term politics towards a
more constructive long-term approach. 
And with your support we believe we can make
a difference too. Every vote we receive is
a vote for better education, the modern isation of our
politics, a cleaner environment, a better health service
and more crime free communities. 
Every vote we get and every seat we win will ensure that
in the next Parliament, Britain, can at last face, up to the
challenge, as we enter the next millennium.

"
